2025-08-14 22:46:27,909 - DEBUG - Logger.py - 45 - DEBUG
2025-08-14 22:46:27,909 - INFO - Logger.py - 46 - INFO
2025-08-14 22:46:27,909 - WARNING - Logger.py - 47 - WARNING
2025-08-14 22:46:27,909 - ERROR - Logger.py - 48 - ERROR
2025-08-14 22:46:27,909 - ERROR - Logger.py - 52 - invalid literal for int() with base 10: 'a'
Traceback (most recent call last):
  File "D:\PythonStoreHouse\auto_test_quiz\common\Logger.py", line 50, in <module>
    int('a')
    ~~~^^^^^
ValueError: invalid literal for int() with base 10: 'a'
2025-08-14 23:51:32,700 - DEBUG - driver_finder.py - 60 - Skipping Selenium Manager; path to chrome driver specified in Service class: D:\PythonStoreHouse\auto_test_quiz\lib\chromedriver.exe
2025-08-14 23:51:32,867 - DEBUG - service.py - 226 - Started executable: `D:\PythonStoreHouse\auto_test_quiz\lib\chromedriver.exe` in a child process with pid: 23920 using 0 to output -3
2025-08-14 23:51:33,385 - DEBUG - remote_connection.py - 405 - POST http://localhost:7663/session {'capabilities': {'firstMatch': [{}], 'alwaysMatch': {'browserName': 'chrome', 'pageLoadStrategy': <PageLoadStrategy.normal: 'normal'>, 'goog:chromeOptions': {'detach': True, 'excludeSwitches': ['enable-automation'], 'prefs': {'credentials_enable_service': False, 'profile.password_manager_enabled': False}, 'extensions': [], 'args': ['--disable-blink-features=AutomationControlled']}}}}
2025-08-14 23:51:33,385 - DEBUG - connectionpool.py - 241 - Starting new HTTP connection (1): localhost:7663
2025-08-14 23:51:34,714 - DEBUG - connectionpool.py - 544 - http://localhost:7663 "POST /session HTTP/1.1" 200 0
2025-08-14 23:51:34,714 - DEBUG - remote_connection.py - 438 - Remote response: status=200 | data={"value":{"capabilities":{"acceptInsecureCerts":false,"browserName":"chrome","browserVersion":"139.0.7258.67","chrome":{"chromedriverVersion":"139.0.7258.68 (40ff94600b6ed9fa7778a3a2566f254ad85f2147-refs/branch-heads/7258@{#2228})","userDataDir":"C:\\Users\\zhang\\AppData\\Local\\Temp\\scoped_dir23920_1008169728"},"fedcm:accounts":true,"goog:chromeOptions":{"debuggerAddress":"localhost:7668"},"networkConnectionEnabled":false,"pageLoadStrategy":"normal","platformName":"windows","proxy":{},"setWindowRect":true,"strictFileInteractability":false,"timeouts":{"implicit":0,"pageLoad":300000,"script":30000},"unhandledPromptBehavior":"dismiss and notify","webauthn:extension:credBlob":true,"webauthn:extension:largeBlob":true,"webauthn:extension:minPinLength":true,"webauthn:extension:prf":true,"webauthn:virtualAuthenticators":true},"sessionId":"5f9382bdb9430301ef293e4f2b4cd873"}} | headers=HTTPHeaderDict({'Content-Length': '881', 'Content-Type': 'application/json; charset=utf-8', 'cache-control': 'no-cache'})
2025-08-14 23:51:34,714 - DEBUG - remote_connection.py - 467 - Finished Request
2025-08-14 23:51:34,714 - DEBUG - remote_connection.py - 405 - POST http://localhost:7663/session/5f9382bdb9430301ef293e4f2b4cd873/timeouts {'implicit': 5000}
2025-08-14 23:51:34,715 - DEBUG - connectionpool.py - 544 - http://localhost:7663 "POST /session/5f9382bdb9430301ef293e4f2b4cd873/timeouts HTTP/1.1" 200 0
2025-08-14 23:51:34,715 - DEBUG - remote_connection.py - 438 - Remote response: status=200 | data={"value":null} | headers=HTTPHeaderDict({'Content-Length': '14', 'Content-Type': 'application/json; charset=utf-8', 'cache-control': 'no-cache'})
2025-08-14 23:51:34,715 - DEBUG - remote_connection.py - 467 - Finished Request
2025-08-14 23:51:34,715 - DEBUG - remote_connection.py - 405 - POST http://localhost:7663/session/5f9382bdb9430301ef293e4f2b4cd873/window/maximize {}
2025-08-14 23:51:34,759 - DEBUG - connectionpool.py - 544 - http://localhost:7663 "POST /session/5f9382bdb9430301ef293e4f2b4cd873/window/maximize HTTP/1.1" 200 0
2025-08-14 23:51:34,759 - DEBUG - remote_connection.py - 438 - Remote response: status=200 | data={"value":{"height":1408,"width":2576,"x":-8,"y":-8}} | headers=HTTPHeaderDict({'Content-Length': '52', 'Content-Type': 'application/json; charset=utf-8', 'cache-control': 'no-cache'})
2025-08-14 23:51:34,759 - DEBUG - remote_connection.py - 467 - Finished Request
2025-08-14 23:51:34,759 - DEBUG - remote_connection.py - 405 - POST http://localhost:7663/session/5f9382bdb9430301ef293e4f2b4cd873/url {'url': 'https://www.baidu.com/'}
2025-08-14 23:51:35,648 - DEBUG - connectionpool.py - 544 - http://localhost:7663 "POST /session/5f9382bdb9430301ef293e4f2b4cd873/url HTTP/1.1" 200 0
2025-08-14 23:51:35,648 - DEBUG - remote_connection.py - 438 - Remote response: status=200 | data={"value":null} | headers=HTTPHeaderDict({'Content-Length': '14', 'Content-Type': 'application/json; charset=utf-8', 'cache-control': 'no-cache'})
2025-08-14 23:51:35,648 - DEBUG - remote_connection.py - 467 - Finished Request
2025-08-14 23:51:35,648 - DEBUG - remote_connection.py - 405 - GET http://localhost:7663/session/5f9382bdb9430301ef293e4f2b4cd873/url {}
2025-08-14 23:51:35,652 - DEBUG - connectionpool.py - 544 - http://localhost:7663 "GET /session/5f9382bdb9430301ef293e4f2b4cd873/url HTTP/1.1" 200 0
2025-08-14 23:51:35,652 - DEBUG - remote_connection.py - 438 - Remote response: status=200 | data={"value":"https://www.baidu.com/"} | headers=HTTPHeaderDict({'Content-Length': '34', 'Content-Type': 'application/json; charset=utf-8', 'cache-control': 'no-cache'})
2025-08-14 23:51:35,652 - DEBUG - remote_connection.py - 467 - Finished Request
2025-08-14 23:51:35,652 - INFO - webkeys.py - 138 - 断言，实际结果：https://www.baidu.com/   --- 期望值：https://www.baidu.com/
2025-08-14 23:51:35,652 - DEBUG - remote_connection.py - 405 - DELETE http://localhost:7663/session/5f9382bdb9430301ef293e4f2b4cd873 {}
2025-08-14 23:51:35,688 - DEBUG - connectionpool.py - 544 - http://localhost:7663 "DELETE /session/5f9382bdb9430301ef293e4f2b4cd873 HTTP/1.1" 200 0
2025-08-14 23:51:35,689 - DEBUG - remote_connection.py - 438 - Remote response: status=200 | data={"value":null} | headers=HTTPHeaderDict({'Content-Length': '14', 'Content-Type': 'application/json; charset=utf-8', 'cache-control': 'no-cache'})
2025-08-14 23:51:35,689 - DEBUG - remote_connection.py - 467 - Finished Request
2025-08-14 23:52:32,795 - INFO - webkeys.py - 138 - 断言，实际结果：https://www.baidu.com/   --- 期望值：https://www.baidu.com/
2025-08-14 23:52:49,005 - INFO - webkeys.py - 138 - 断言，实际结果：https://www.baidu.com/   --- 期望值：https://www.baidu.com/1
2025-08-15 10:21:56,243 - ERROR - Excel.py - 34 - D:\PythonStoreHouse\auto_test_quiz\lib/cases/./lib/cases/测试用例.xlsx not exist!
2025-08-15 10:26:08,922 - ERROR - test_web_1.py - 90 - 'Web' object has no attribute 'openbrowser'
Traceback (most recent call last):
  File "D:\PythonStoreHouse\auto_test_quiz\ddt\test_web_1.py", line 70, in test_suite
    res = self.run_step(params)
  File "D:\Python313\Lib\site-packages\allure_commons\_allure.py", line 202, in impl
    return func(*a, **kw)
  File "D:\PythonStoreHouse\auto_test_quiz\ddt\test_web_1.py", line 24, in run_step
    func = getattr(ddt.obj, args[0])
AttributeError: 'Web' object has no attribute 'openbrowser'. Did you mean: 'open_browser'?
2025-08-15 10:27:20,578 - ERROR - test_web_1.py - 90 - 'Web' object has no attribute 'openbrowser'
Traceback (most recent call last):
  File "D:\PythonStoreHouse\auto_test_quiz\ddt\test_web_1.py", line 70, in test_suite
    res = self.run_step(params)
  File "D:\Python313\Lib\site-packages\allure_commons\_allure.py", line 202, in impl
    return func(*a, **kw)
  File "D:\PythonStoreHouse\auto_test_quiz\ddt\test_web_1.py", line 24, in run_step
    func = getattr(ddt.obj, args[0])
AttributeError: 'Web' object has no attribute 'openbrowser'. Did you mean: 'open_browser'?
2025-08-15 10:49:10,292 - ERROR - test_web_1.py - 90 - 'Web' object has no attribute 'openbrowser'
Traceback (most recent call last):
  File "D:\PythonStoreHouse\auto_test_quiz\ddt\test_web_1.py", line 70, in test_suite
    res = self.run_step(params)
  File "D:\Python313\Lib\site-packages\allure_commons\_allure.py", line 202, in impl
    return func(*a, **kw)
  File "D:\PythonStoreHouse\auto_test_quiz\ddt\test_web_1.py", line 24, in run_step
    func = getattr(ddt.obj, args[0])
AttributeError: 'Web' object has no attribute 'openbrowser'. Did you mean: 'open_browser'?
2025-08-15 10:50:48,367 - ERROR - test_web_1.py - 90 - Message: no such element: Unable to locate element: {"method":"css selector","selector":"[id="username"]"}
  (Session info: chrome=139.0.7258.67); For documentation on this error, please visit: https://www.selenium.dev/documentation/webdriver/troubleshooting/errors#nosuchelementexception
Stacktrace:
	GetHandleVerifier [0x0x7ff7a1da6b25+79621]
	GetHandleVerifier [0x0x7ff7a1da6b80+79712]
	(No symbol) [0x0x7ff7a1b3c0ea]
	(No symbol) [0x0x7ff7a1b92f56]
	(No symbol) [0x0x7ff7a1b9320c]
	(No symbol) [0x0x7ff7a1be65b7]
	(No symbol) [0x0x7ff7a1bbb17f]
	(No symbol) [0x0x7ff7a1be33d0]
	(No symbol) [0x0x7ff7a1bbaf13]
	(No symbol) [0x0x7ff7a1b84151]
	(No symbol) [0x0x7ff7a1b84ee3]
	GetHandleVerifier [0x0x7ff7a206683d+2962461]
	GetHandleVerifier [0x0x7ff7a2060b5d+2938685]
	GetHandleVerifier [0x0x7ff7a207f71d+3064573]
	GetHandleVerifier [0x0x7ff7a1dc0c6e+186446]
	GetHandleVerifier [0x0x7ff7a1dc8a3f+218655]
	GetHandleVerifier [0x0x7ff7a1daf914+115956]
	GetHandleVerifier [0x0x7ff7a1dafac9+116393]
	GetHandleVerifier [0x0x7ff7a1d95ef8+10968]
	BaseThreadInitThunk [0x0x7ff882ac259d+29]
	RtlUserThreadStart [0x0x7ff884e2af38+40]
Traceback (most recent call last):
  File "D:\PythonStoreHouse\auto_test_quiz\ddt\test_web_1.py", line 70, in test_suite
    res = self.run_step(params)
  File "D:\Python313\Lib\site-packages\allure_commons\_allure.py", line 202, in impl
    return func(*a, **kw)
  File "D:\PythonStoreHouse\auto_test_quiz\ddt\test_web_1.py", line 26, in run_step
    return func(*args[1:])
  File "D:\PythonStoreHouse\auto_test_quiz\keywords\webkeys.py", line 107, in input
    ele = self.__find_ele(lo)
  File "D:\PythonStoreHouse\auto_test_quiz\keywords\webkeys.py", line 93, in __find_ele
    ele = self.driver.find_element('id', lo)
  File "D:\Python313\Lib\site-packages\selenium\webdriver\remote\webdriver.py", line 926, in find_element
    return self.execute(Command.FIND_ELEMENT, {"using": by, "value": value})["value"]
           ~~~~~~~~~~~~^^^^^^^^^^^^^^^^^^^^^^^^^^^^^^^^^^^^^^^^^^^^^^^^^^^^^
  File "D:\Python313\Lib\site-packages\selenium\webdriver\remote\webdriver.py", line 458, in execute
    self.error_handler.check_response(response)
    ~~~~~~~~~~~~~~~~~~~~~~~~~~~~~~~~~^^^^^^^^^^
  File "D:\Python313\Lib\site-packages\selenium\webdriver\remote\errorhandler.py", line 232, in check_response
    raise exception_class(message, screen, stacktrace)
selenium.common.exceptions.NoSuchElementException: Message: no such element: Unable to locate element: {"method":"css selector","selector":"[id="username"]"}
  (Session info: chrome=139.0.7258.67); For documentation on this error, please visit: https://www.selenium.dev/documentation/webdriver/troubleshooting/errors#nosuchelementexception
Stacktrace:
	GetHandleVerifier [0x0x7ff7a1da6b25+79621]
	GetHandleVerifier [0x0x7ff7a1da6b80+79712]
	(No symbol) [0x0x7ff7a1b3c0ea]
	(No symbol) [0x0x7ff7a1b92f56]
	(No symbol) [0x0x7ff7a1b9320c]
	(No symbol) [0x0x7ff7a1be65b7]
	(No symbol) [0x0x7ff7a1bbb17f]
	(No symbol) [0x0x7ff7a1be33d0]
	(No symbol) [0x0x7ff7a1bbaf13]
	(No symbol) [0x0x7ff7a1b84151]
	(No symbol) [0x0x7ff7a1b84ee3]
	GetHandleVerifier [0x0x7ff7a206683d+2962461]
	GetHandleVerifier [0x0x7ff7a2060b5d+2938685]
	GetHandleVerifier [0x0x7ff7a207f71d+3064573]
	GetHandleVerifier [0x0x7ff7a1dc0c6e+186446]
	GetHandleVerifier [0x0x7ff7a1dc8a3f+218655]
	GetHandleVerifier [0x0x7ff7a1daf914+115956]
	GetHandleVerifier [0x0x7ff7a1dafac9+116393]
	GetHandleVerifier [0x0x7ff7a1d95ef8+10968]
	BaseThreadInitThunk [0x0x7ff882ac259d+29]
	RtlUserThreadStart [0x0x7ff884e2af38+40]

2025-08-15 11:02:11,498 - ERROR - test_web_1.py - 90 - Message: no such element: Unable to locate element: {"method":"css selector","selector":"[id="username"]"}
  (Session info: chrome=139.0.7258.67); For documentation on this error, please visit: https://www.selenium.dev/documentation/webdriver/troubleshooting/errors#nosuchelementexception
Stacktrace:
	GetHandleVerifier [0x0x7ff7a1da6b25+79621]
	GetHandleVerifier [0x0x7ff7a1da6b80+79712]
	(No symbol) [0x0x7ff7a1b3c0ea]
	(No symbol) [0x0x7ff7a1b92f56]
	(No symbol) [0x0x7ff7a1b9320c]
	(No symbol) [0x0x7ff7a1be65b7]
	(No symbol) [0x0x7ff7a1bbb17f]
	(No symbol) [0x0x7ff7a1be33d0]
	(No symbol) [0x0x7ff7a1bbaf13]
	(No symbol) [0x0x7ff7a1b84151]
	(No symbol) [0x0x7ff7a1b84ee3]
	GetHandleVerifier [0x0x7ff7a206683d+2962461]
	GetHandleVerifier [0x0x7ff7a2060b5d+2938685]
	GetHandleVerifier [0x0x7ff7a207f71d+3064573]
	GetHandleVerifier [0x0x7ff7a1dc0c6e+186446]
	GetHandleVerifier [0x0x7ff7a1dc8a3f+218655]
	GetHandleVerifier [0x0x7ff7a1daf914+115956]
	GetHandleVerifier [0x0x7ff7a1dafac9+116393]
	GetHandleVerifier [0x0x7ff7a1d95ef8+10968]
	BaseThreadInitThunk [0x0x7ff882ac259d+29]
	RtlUserThreadStart [0x0x7ff884e2af38+40]
Traceback (most recent call last):
  File "D:\PythonStoreHouse\auto_test_quiz\ddt\test_web_1.py", line 70, in test_suite
    res = self.run_step(params)
  File "D:\Python313\Lib\site-packages\allure_commons\_allure.py", line 202, in impl
    return func(*a, **kw)
  File "D:\PythonStoreHouse\auto_test_quiz\ddt\test_web_1.py", line 26, in run_step
    return func(*args[1:])
  File "D:\PythonStoreHouse\auto_test_quiz\keywords\webkeys.py", line 110, in input
    ele = self.__find_ele(lo)
  File "D:\PythonStoreHouse\auto_test_quiz\keywords\webkeys.py", line 96, in __find_ele
    ele = self.driver.find_element('id', lo)
  File "D:\Python313\Lib\site-packages\selenium\webdriver\remote\webdriver.py", line 926, in find_element
    return self.execute(Command.FIND_ELEMENT, {"using": by, "value": value})["value"]
           ~~~~~~~~~~~~^^^^^^^^^^^^^^^^^^^^^^^^^^^^^^^^^^^^^^^^^^^^^^^^^^^^^
  File "D:\Python313\Lib\site-packages\selenium\webdriver\remote\webdriver.py", line 458, in execute
    self.error_handler.check_response(response)
    ~~~~~~~~~~~~~~~~~~~~~~~~~~~~~~~~~^^^^^^^^^^
  File "D:\Python313\Lib\site-packages\selenium\webdriver\remote\errorhandler.py", line 232, in check_response
    raise exception_class(message, screen, stacktrace)
selenium.common.exceptions.NoSuchElementException: Message: no such element: Unable to locate element: {"method":"css selector","selector":"[id="username"]"}
  (Session info: chrome=139.0.7258.67); For documentation on this error, please visit: https://www.selenium.dev/documentation/webdriver/troubleshooting/errors#nosuchelementexception
Stacktrace:
	GetHandleVerifier [0x0x7ff7a1da6b25+79621]
	GetHandleVerifier [0x0x7ff7a1da6b80+79712]
	(No symbol) [0x0x7ff7a1b3c0ea]
	(No symbol) [0x0x7ff7a1b92f56]
	(No symbol) [0x0x7ff7a1b9320c]
	(No symbol) [0x0x7ff7a1be65b7]
	(No symbol) [0x0x7ff7a1bbb17f]
	(No symbol) [0x0x7ff7a1be33d0]
	(No symbol) [0x0x7ff7a1bbaf13]
	(No symbol) [0x0x7ff7a1b84151]
	(No symbol) [0x0x7ff7a1b84ee3]
	GetHandleVerifier [0x0x7ff7a206683d+2962461]
	GetHandleVerifier [0x0x7ff7a2060b5d+2938685]
	GetHandleVerifier [0x0x7ff7a207f71d+3064573]
	GetHandleVerifier [0x0x7ff7a1dc0c6e+186446]
	GetHandleVerifier [0x0x7ff7a1dc8a3f+218655]
	GetHandleVerifier [0x0x7ff7a1daf914+115956]
	GetHandleVerifier [0x0x7ff7a1dafac9+116393]
	GetHandleVerifier [0x0x7ff7a1d95ef8+10968]
	BaseThreadInitThunk [0x0x7ff882ac259d+29]
	RtlUserThreadStart [0x0x7ff884e2af38+40]

2025-08-15 11:03:13,776 - ERROR - test_web_1.py - 90 - Message: no such element: Unable to locate element: {"method":"css selector","selector":"[id="username"]"}
  (Session info: chrome=139.0.7258.67); For documentation on this error, please visit: https://www.selenium.dev/documentation/webdriver/troubleshooting/errors#nosuchelementexception
Stacktrace:
	GetHandleVerifier [0x0x7ff7a1da6b25+79621]
	GetHandleVerifier [0x0x7ff7a1da6b80+79712]
	(No symbol) [0x0x7ff7a1b3c0ea]
	(No symbol) [0x0x7ff7a1b92f56]
	(No symbol) [0x0x7ff7a1b9320c]
	(No symbol) [0x0x7ff7a1be65b7]
	(No symbol) [0x0x7ff7a1bbb17f]
	(No symbol) [0x0x7ff7a1be33d0]
	(No symbol) [0x0x7ff7a1bbaf13]
	(No symbol) [0x0x7ff7a1b84151]
	(No symbol) [0x0x7ff7a1b84ee3]
	GetHandleVerifier [0x0x7ff7a206683d+2962461]
	GetHandleVerifier [0x0x7ff7a2060b5d+2938685]
	GetHandleVerifier [0x0x7ff7a207f71d+3064573]
	GetHandleVerifier [0x0x7ff7a1dc0c6e+186446]
	GetHandleVerifier [0x0x7ff7a1dc8a3f+218655]
	GetHandleVerifier [0x0x7ff7a1daf914+115956]
	GetHandleVerifier [0x0x7ff7a1dafac9+116393]
	GetHandleVerifier [0x0x7ff7a1d95ef8+10968]
	BaseThreadInitThunk [0x0x7ff882ac259d+29]
	RtlUserThreadStart [0x0x7ff884e2af38+40]
Traceback (most recent call last):
  File "D:\PythonStoreHouse\auto_test_quiz\ddt\test_web_1.py", line 70, in test_suite
    res = self.run_step(params)
  File "D:\Python313\Lib\site-packages\allure_commons\_allure.py", line 202, in impl
    return func(*a, **kw)
  File "D:\PythonStoreHouse\auto_test_quiz\ddt\test_web_1.py", line 26, in run_step
    return func(*args[1:])
  File "D:\PythonStoreHouse\auto_test_quiz\keywords\webkeys.py", line 110, in input
    ele = self.__find_ele(lo)
  File "D:\PythonStoreHouse\auto_test_quiz\keywords\webkeys.py", line 96, in __find_ele
    ele = self.driver.find_element('id', lo)
  File "D:\Python313\Lib\site-packages\selenium\webdriver\remote\webdriver.py", line 926, in find_element
    return self.execute(Command.FIND_ELEMENT, {"using": by, "value": value})["value"]
           ~~~~~~~~~~~~^^^^^^^^^^^^^^^^^^^^^^^^^^^^^^^^^^^^^^^^^^^^^^^^^^^^^
  File "D:\Python313\Lib\site-packages\selenium\webdriver\remote\webdriver.py", line 458, in execute
    self.error_handler.check_response(response)
    ~~~~~~~~~~~~~~~~~~~~~~~~~~~~~~~~~^^^^^^^^^^
  File "D:\Python313\Lib\site-packages\selenium\webdriver\remote\errorhandler.py", line 232, in check_response
    raise exception_class(message, screen, stacktrace)
selenium.common.exceptions.NoSuchElementException: Message: no such element: Unable to locate element: {"method":"css selector","selector":"[id="username"]"}
  (Session info: chrome=139.0.7258.67); For documentation on this error, please visit: https://www.selenium.dev/documentation/webdriver/troubleshooting/errors#nosuchelementexception
Stacktrace:
	GetHandleVerifier [0x0x7ff7a1da6b25+79621]
	GetHandleVerifier [0x0x7ff7a1da6b80+79712]
	(No symbol) [0x0x7ff7a1b3c0ea]
	(No symbol) [0x0x7ff7a1b92f56]
	(No symbol) [0x0x7ff7a1b9320c]
	(No symbol) [0x0x7ff7a1be65b7]
	(No symbol) [0x0x7ff7a1bbb17f]
	(No symbol) [0x0x7ff7a1be33d0]
	(No symbol) [0x0x7ff7a1bbaf13]
	(No symbol) [0x0x7ff7a1b84151]
	(No symbol) [0x0x7ff7a1b84ee3]
	GetHandleVerifier [0x0x7ff7a206683d+2962461]
	GetHandleVerifier [0x0x7ff7a2060b5d+2938685]
	GetHandleVerifier [0x0x7ff7a207f71d+3064573]
	GetHandleVerifier [0x0x7ff7a1dc0c6e+186446]
	GetHandleVerifier [0x0x7ff7a1dc8a3f+218655]
	GetHandleVerifier [0x0x7ff7a1daf914+115956]
	GetHandleVerifier [0x0x7ff7a1dafac9+116393]
	GetHandleVerifier [0x0x7ff7a1d95ef8+10968]
	BaseThreadInitThunk [0x0x7ff882ac259d+29]
	RtlUserThreadStart [0x0x7ff884e2af38+40]

2025-08-15 11:04:03,042 - ERROR - test_web_1.py - 90 - Message: invalid argument: invalid locator
  (Session info: chrome=139.0.7258.67)
Stacktrace:
	GetHandleVerifier [0x0x7ff7a1da6b25+79621]
	GetHandleVerifier [0x0x7ff7a1da6b80+79712]
	(No symbol) [0x0x7ff7a1b3c0ea]
	(No symbol) [0x0x7ff7a1b92d1e]
	(No symbol) [0x0x7ff7a1b9320c]
	(No symbol) [0x0x7ff7a1be65b7]
	(No symbol) [0x0x7ff7a1bbb17f]
	(No symbol) [0x0x7ff7a1be33d0]
	(No symbol) [0x0x7ff7a1bbaf13]
	(No symbol) [0x0x7ff7a1b84151]
	(No symbol) [0x0x7ff7a1b84ee3]
	GetHandleVerifier [0x0x7ff7a206683d+2962461]
	GetHandleVerifier [0x0x7ff7a2060b5d+2938685]
	GetHandleVerifier [0x0x7ff7a207f71d+3064573]
	GetHandleVerifier [0x0x7ff7a1dc0c6e+186446]
	GetHandleVerifier [0x0x7ff7a1dc8a3f+218655]
	GetHandleVerifier [0x0x7ff7a1daf914+115956]
	GetHandleVerifier [0x0x7ff7a1dafac9+116393]
	GetHandleVerifier [0x0x7ff7a1d95ef8+10968]
	BaseThreadInitThunk [0x0x7ff882ac259d+29]
	RtlUserThreadStart [0x0x7ff884e2af38+40]
Traceback (most recent call last):
  File "D:\PythonStoreHouse\auto_test_quiz\ddt\test_web_1.py", line 70, in test_suite
    res = self.run_step(params)
  File "D:\Python313\Lib\site-packages\allure_commons\_allure.py", line 202, in impl
    return func(*a, **kw)
  File "D:\PythonStoreHouse\auto_test_quiz\ddt\test_web_1.py", line 26, in run_step
    return func(*args[1:])
  File "D:\PythonStoreHouse\auto_test_quiz\keywords\webkeys.py", line 128, in click
    ele = self.__find_ele(lo)
  File "D:\PythonStoreHouse\auto_test_quiz\keywords\webkeys.py", line 94, in __find_ele
    ele = self.driver.find_element('LINK_TEXT', name_value)
  File "D:\Python313\Lib\site-packages\selenium\webdriver\remote\webdriver.py", line 926, in find_element
    return self.execute(Command.FIND_ELEMENT, {"using": by, "value": value})["value"]
           ~~~~~~~~~~~~^^^^^^^^^^^^^^^^^^^^^^^^^^^^^^^^^^^^^^^^^^^^^^^^^^^^^
  File "D:\Python313\Lib\site-packages\selenium\webdriver\remote\webdriver.py", line 458, in execute
    self.error_handler.check_response(response)
    ~~~~~~~~~~~~~~~~~~~~~~~~~~~~~~~~~^^^^^^^^^^
  File "D:\Python313\Lib\site-packages\selenium\webdriver\remote\errorhandler.py", line 232, in check_response
    raise exception_class(message, screen, stacktrace)
selenium.common.exceptions.InvalidArgumentException: Message: invalid argument: invalid locator
  (Session info: chrome=139.0.7258.67)
Stacktrace:
	GetHandleVerifier [0x0x7ff7a1da6b25+79621]
	GetHandleVerifier [0x0x7ff7a1da6b80+79712]
	(No symbol) [0x0x7ff7a1b3c0ea]
	(No symbol) [0x0x7ff7a1b92d1e]
	(No symbol) [0x0x7ff7a1b9320c]
	(No symbol) [0x0x7ff7a1be65b7]
	(No symbol) [0x0x7ff7a1bbb17f]
	(No symbol) [0x0x7ff7a1be33d0]
	(No symbol) [0x0x7ff7a1bbaf13]
	(No symbol) [0x0x7ff7a1b84151]
	(No symbol) [0x0x7ff7a1b84ee3]
	GetHandleVerifier [0x0x7ff7a206683d+2962461]
	GetHandleVerifier [0x0x7ff7a2060b5d+2938685]
	GetHandleVerifier [0x0x7ff7a207f71d+3064573]
	GetHandleVerifier [0x0x7ff7a1dc0c6e+186446]
	GetHandleVerifier [0x0x7ff7a1dc8a3f+218655]
	GetHandleVerifier [0x0x7ff7a1daf914+115956]
	GetHandleVerifier [0x0x7ff7a1dafac9+116393]
	GetHandleVerifier [0x0x7ff7a1d95ef8+10968]
	BaseThreadInitThunk [0x0x7ff882ac259d+29]
	RtlUserThreadStart [0x0x7ff884e2af38+40]

2025-08-15 11:07:56,525 - ERROR - test_web_1.py - 90 - Message: no such element: Unable to locate element: {"method":"link text","selector":":Test Login Page"}
  (Session info: chrome=139.0.7258.67); For documentation on this error, please visit: https://www.selenium.dev/documentation/webdriver/troubleshooting/errors#nosuchelementexception
Stacktrace:
	GetHandleVerifier [0x0x7ff7a1da6b25+79621]
	GetHandleVerifier [0x0x7ff7a1da6b80+79712]
	(No symbol) [0x0x7ff7a1b3c0ea]
	(No symbol) [0x0x7ff7a1b92f56]
	(No symbol) [0x0x7ff7a1b9320c]
	(No symbol) [0x0x7ff7a1be65b7]
	(No symbol) [0x0x7ff7a1bbb17f]
	(No symbol) [0x0x7ff7a1be33d0]
	(No symbol) [0x0x7ff7a1bbaf13]
	(No symbol) [0x0x7ff7a1b84151]
	(No symbol) [0x0x7ff7a1b84ee3]
	GetHandleVerifier [0x0x7ff7a206683d+2962461]
	GetHandleVerifier [0x0x7ff7a2060b5d+2938685]
	GetHandleVerifier [0x0x7ff7a207f71d+3064573]
	GetHandleVerifier [0x0x7ff7a1dc0c6e+186446]
	GetHandleVerifier [0x0x7ff7a1dc8a3f+218655]
	GetHandleVerifier [0x0x7ff7a1daf914+115956]
	GetHandleVerifier [0x0x7ff7a1dafac9+116393]
	GetHandleVerifier [0x0x7ff7a1d95ef8+10968]
	BaseThreadInitThunk [0x0x7ff882ac259d+29]
	RtlUserThreadStart [0x0x7ff884e2af38+40]
Traceback (most recent call last):
  File "D:\PythonStoreHouse\auto_test_quiz\ddt\test_web_1.py", line 70, in test_suite
    res = self.run_step(params)
  File "D:\Python313\Lib\site-packages\allure_commons\_allure.py", line 202, in impl
    return func(*a, **kw)
  File "D:\PythonStoreHouse\auto_test_quiz\ddt\test_web_1.py", line 26, in run_step
    return func(*args[1:])
  File "D:\PythonStoreHouse\auto_test_quiz\keywords\webkeys.py", line 130, in click
    ele = self.__find_ele(lo)
  File "D:\PythonStoreHouse\auto_test_quiz\keywords\webkeys.py", line 96, in __find_ele
    ele=self.driver.find_element(By.LINK_TEXT,name_value)
  File "D:\Python313\Lib\site-packages\selenium\webdriver\remote\webdriver.py", line 926, in find_element
    return self.execute(Command.FIND_ELEMENT, {"using": by, "value": value})["value"]
           ~~~~~~~~~~~~^^^^^^^^^^^^^^^^^^^^^^^^^^^^^^^^^^^^^^^^^^^^^^^^^^^^^
  File "D:\Python313\Lib\site-packages\selenium\webdriver\remote\webdriver.py", line 458, in execute
    self.error_handler.check_response(response)
    ~~~~~~~~~~~~~~~~~~~~~~~~~~~~~~~~~^^^^^^^^^^
  File "D:\Python313\Lib\site-packages\selenium\webdriver\remote\errorhandler.py", line 232, in check_response
    raise exception_class(message, screen, stacktrace)
selenium.common.exceptions.NoSuchElementException: Message: no such element: Unable to locate element: {"method":"link text","selector":":Test Login Page"}
  (Session info: chrome=139.0.7258.67); For documentation on this error, please visit: https://www.selenium.dev/documentation/webdriver/troubleshooting/errors#nosuchelementexception
Stacktrace:
	GetHandleVerifier [0x0x7ff7a1da6b25+79621]
	GetHandleVerifier [0x0x7ff7a1da6b80+79712]
	(No symbol) [0x0x7ff7a1b3c0ea]
	(No symbol) [0x0x7ff7a1b92f56]
	(No symbol) [0x0x7ff7a1b9320c]
	(No symbol) [0x0x7ff7a1be65b7]
	(No symbol) [0x0x7ff7a1bbb17f]
	(No symbol) [0x0x7ff7a1be33d0]
	(No symbol) [0x0x7ff7a1bbaf13]
	(No symbol) [0x0x7ff7a1b84151]
	(No symbol) [0x0x7ff7a1b84ee3]
	GetHandleVerifier [0x0x7ff7a206683d+2962461]
	GetHandleVerifier [0x0x7ff7a2060b5d+2938685]
	GetHandleVerifier [0x0x7ff7a207f71d+3064573]
	GetHandleVerifier [0x0x7ff7a1dc0c6e+186446]
	GetHandleVerifier [0x0x7ff7a1dc8a3f+218655]
	GetHandleVerifier [0x0x7ff7a1daf914+115956]
	GetHandleVerifier [0x0x7ff7a1dafac9+116393]
	GetHandleVerifier [0x0x7ff7a1d95ef8+10968]
	BaseThreadInitThunk [0x0x7ff882ac259d+29]
	RtlUserThreadStart [0x0x7ff884e2af38+40]

2025-08-15 11:14:56,671 - ERROR - test_web_1.py - 90 - Message: no such element: Unable to locate element: {"method":"link text","selector":"tTest Login Page"}
  (Session info: chrome=139.0.7258.67); For documentation on this error, please visit: https://www.selenium.dev/documentation/webdriver/troubleshooting/errors#nosuchelementexception
Stacktrace:
	GetHandleVerifier [0x0x7ff7a1da6b25+79621]
	GetHandleVerifier [0x0x7ff7a1da6b80+79712]
	(No symbol) [0x0x7ff7a1b3c0ea]
	(No symbol) [0x0x7ff7a1b92f56]
	(No symbol) [0x0x7ff7a1b9320c]
	(No symbol) [0x0x7ff7a1be65b7]
	(No symbol) [0x0x7ff7a1bbb17f]
	(No symbol) [0x0x7ff7a1be33d0]
	(No symbol) [0x0x7ff7a1bbaf13]
	(No symbol) [0x0x7ff7a1b84151]
	(No symbol) [0x0x7ff7a1b84ee3]
	GetHandleVerifier [0x0x7ff7a206683d+2962461]
	GetHandleVerifier [0x0x7ff7a2060b5d+2938685]
	GetHandleVerifier [0x0x7ff7a207f71d+3064573]
	GetHandleVerifier [0x0x7ff7a1dc0c6e+186446]
	GetHandleVerifier [0x0x7ff7a1dc8a3f+218655]
	GetHandleVerifier [0x0x7ff7a1daf914+115956]
	GetHandleVerifier [0x0x7ff7a1dafac9+116393]
	GetHandleVerifier [0x0x7ff7a1d95ef8+10968]
	BaseThreadInitThunk [0x0x7ff882ac259d+29]
	RtlUserThreadStart [0x0x7ff884e2af38+40]
Traceback (most recent call last):
  File "D:\PythonStoreHouse\auto_test_quiz\ddt\test_web_1.py", line 70, in test_suite
    res = self.run_step(params)
  File "D:\Python313\Lib\site-packages\allure_commons\_allure.py", line 202, in impl
    return func(*a, **kw)
  File "D:\PythonStoreHouse\auto_test_quiz\ddt\test_web_1.py", line 26, in run_step
    return func(*args[1:])
  File "D:\PythonStoreHouse\auto_test_quiz\keywords\webkeys.py", line 130, in click
    ele = self.__find_ele(lo)
  File "D:\PythonStoreHouse\auto_test_quiz\keywords\webkeys.py", line 96, in __find_ele
    ele=self.driver.find_element(By.LINK_TEXT,name_value)
  File "D:\Python313\Lib\site-packages\selenium\webdriver\remote\webdriver.py", line 926, in find_element
    return self.execute(Command.FIND_ELEMENT, {"using": by, "value": value})["value"]
           ~~~~~~~~~~~~^^^^^^^^^^^^^^^^^^^^^^^^^^^^^^^^^^^^^^^^^^^^^^^^^^^^^
  File "D:\Python313\Lib\site-packages\selenium\webdriver\remote\webdriver.py", line 458, in execute
    self.error_handler.check_response(response)
    ~~~~~~~~~~~~~~~~~~~~~~~~~~~~~~~~~^^^^^^^^^^
  File "D:\Python313\Lib\site-packages\selenium\webdriver\remote\errorhandler.py", line 232, in check_response
    raise exception_class(message, screen, stacktrace)
selenium.common.exceptions.NoSuchElementException: Message: no such element: Unable to locate element: {"method":"link text","selector":"tTest Login Page"}
  (Session info: chrome=139.0.7258.67); For documentation on this error, please visit: https://www.selenium.dev/documentation/webdriver/troubleshooting/errors#nosuchelementexception
Stacktrace:
	GetHandleVerifier [0x0x7ff7a1da6b25+79621]
	GetHandleVerifier [0x0x7ff7a1da6b80+79712]
	(No symbol) [0x0x7ff7a1b3c0ea]
	(No symbol) [0x0x7ff7a1b92f56]
	(No symbol) [0x0x7ff7a1b9320c]
	(No symbol) [0x0x7ff7a1be65b7]
	(No symbol) [0x0x7ff7a1bbb17f]
	(No symbol) [0x0x7ff7a1be33d0]
	(No symbol) [0x0x7ff7a1bbaf13]
	(No symbol) [0x0x7ff7a1b84151]
	(No symbol) [0x0x7ff7a1b84ee3]
	GetHandleVerifier [0x0x7ff7a206683d+2962461]
	GetHandleVerifier [0x0x7ff7a2060b5d+2938685]
	GetHandleVerifier [0x0x7ff7a207f71d+3064573]
	GetHandleVerifier [0x0x7ff7a1dc0c6e+186446]
	GetHandleVerifier [0x0x7ff7a1dc8a3f+218655]
	GetHandleVerifier [0x0x7ff7a1daf914+115956]
	GetHandleVerifier [0x0x7ff7a1dafac9+116393]
	GetHandleVerifier [0x0x7ff7a1d95ef8+10968]
	BaseThreadInitThunk [0x0x7ff882ac259d+29]
	RtlUserThreadStart [0x0x7ff884e2af38+40]

2025-08-15 11:50:03,486 - ERROR - test_web_1.py - 90 - Message: no such element: Unable to locate element: {"method":"link text","selector":"tTest Login Page"}
  (Session info: chrome=139.0.7258.67); For documentation on this error, please visit: https://www.selenium.dev/documentation/webdriver/troubleshooting/errors#nosuchelementexception
Stacktrace:
	GetHandleVerifier [0x0x7ff7652e6b25+79621]
	GetHandleVerifier [0x0x7ff7652e6b80+79712]
	(No symbol) [0x0x7ff76507c0ea]
	(No symbol) [0x0x7ff7650d2f56]
	(No symbol) [0x0x7ff7650d320c]
	(No symbol) [0x0x7ff7651265b7]
	(No symbol) [0x0x7ff7650fb17f]
	(No symbol) [0x0x7ff7651233d0]
	(No symbol) [0x0x7ff7650faf13]
	(No symbol) [0x0x7ff7650c4151]
	(No symbol) [0x0x7ff7650c4ee3]
	GetHandleVerifier [0x0x7ff7655a683d+2962461]
	GetHandleVerifier [0x0x7ff7655a0b5d+2938685]
	GetHandleVerifier [0x0x7ff7655bf71d+3064573]
	GetHandleVerifier [0x0x7ff765300c6e+186446]
	GetHandleVerifier [0x0x7ff765308a3f+218655]
	GetHandleVerifier [0x0x7ff7652ef914+115956]
	GetHandleVerifier [0x0x7ff7652efac9+116393]
	GetHandleVerifier [0x0x7ff7652d5ef8+10968]
	BaseThreadInitThunk [0x0x7fff1474259d+29]
	RtlUserThreadStart [0x0x7fff14b4af38+40]
Traceback (most recent call last):
  File "D:\PythonStoreHouse\auto_test_quiz\ddt\test_web_1.py", line 70, in test_suite
    res = self.run_step(params)
  File "D:\Python313\Lib\site-packages\allure_commons\_allure.py", line 202, in impl
    return func(*a, **kw)
  File "D:\PythonStoreHouse\auto_test_quiz\ddt\test_web_1.py", line 26, in run_step
    return func(*args[1:])
  File "D:\PythonStoreHouse\auto_test_quiz\keywords\webkeys.py", line 132, in click
    ele = self.__find_ele(lo)
  File "D:\PythonStoreHouse\auto_test_quiz\keywords\webkeys.py", line 98, in __find_ele
    ele=self.driver.find_element(By.LINK_TEXT,name_value)
  File "D:\Python313\Lib\site-packages\selenium\webdriver\remote\webdriver.py", line 926, in find_element
    return self.execute(Command.FIND_ELEMENT, {"using": by, "value": value})["value"]
           ~~~~~~~~~~~~^^^^^^^^^^^^^^^^^^^^^^^^^^^^^^^^^^^^^^^^^^^^^^^^^^^^^
  File "D:\Python313\Lib\site-packages\selenium\webdriver\remote\webdriver.py", line 458, in execute
    self.error_handler.check_response(response)
    ~~~~~~~~~~~~~~~~~~~~~~~~~~~~~~~~~^^^^^^^^^^
  File "D:\Python313\Lib\site-packages\selenium\webdriver\remote\errorhandler.py", line 232, in check_response
    raise exception_class(message, screen, stacktrace)
selenium.common.exceptions.NoSuchElementException: Message: no such element: Unable to locate element: {"method":"link text","selector":"tTest Login Page"}
  (Session info: chrome=139.0.7258.67); For documentation on this error, please visit: https://www.selenium.dev/documentation/webdriver/troubleshooting/errors#nosuchelementexception
Stacktrace:
	GetHandleVerifier [0x0x7ff7652e6b25+79621]
	GetHandleVerifier [0x0x7ff7652e6b80+79712]
	(No symbol) [0x0x7ff76507c0ea]
	(No symbol) [0x0x7ff7650d2f56]
	(No symbol) [0x0x7ff7650d320c]
	(No symbol) [0x0x7ff7651265b7]
	(No symbol) [0x0x7ff7650fb17f]
	(No symbol) [0x0x7ff7651233d0]
	(No symbol) [0x0x7ff7650faf13]
	(No symbol) [0x0x7ff7650c4151]
	(No symbol) [0x0x7ff7650c4ee3]
	GetHandleVerifier [0x0x7ff7655a683d+2962461]
	GetHandleVerifier [0x0x7ff7655a0b5d+2938685]
	GetHandleVerifier [0x0x7ff7655bf71d+3064573]
	GetHandleVerifier [0x0x7ff765300c6e+186446]
	GetHandleVerifier [0x0x7ff765308a3f+218655]
	GetHandleVerifier [0x0x7ff7652ef914+115956]
	GetHandleVerifier [0x0x7ff7652efac9+116393]
	GetHandleVerifier [0x0x7ff7652d5ef8+10968]
	BaseThreadInitThunk [0x0x7fff1474259d+29]
	RtlUserThreadStart [0x0x7fff14b4af38+40]

2025-08-15 11:51:59,008 - INFO - webkeys.py - 170 - 断言，实际结果：https://practicetestautomation.com/logged-in-successfully/   --- 期望值：practicetestautomation.com/logged-in-successfully/
2025-08-15 11:51:59,023 - ERROR - test_web_1.py - 90 - 验证文本失败: selenium.webdriver.remote.webdriver.WebDriver.find_element() argument after * must be an iterable, not WebElement
Traceback (most recent call last):
  File "D:\PythonStoreHouse\auto_test_quiz\keywords\webkeys.py", line 152, in assert_text
    element = WebDriverWait(self.driver, timeout).until(
        EC.visibility_of_element_located(loc)
    )
  File "D:\Python313\Lib\site-packages\selenium\webdriver\support\wait.py", line 129, in until
    value = method(self._driver)
  File "D:\Python313\Lib\site-packages\selenium\webdriver\support\expected_conditions.py", line 217, in _predicate
    return _element_if_visible(driver.find_element(*locator))
                               ~~~~~~~~~~~~~~~~~~~^^^^^^^^^^
TypeError: selenium.webdriver.remote.webdriver.WebDriver.find_element() argument after * must be an iterable, not WebElement

During handling of the above exception, another exception occurred:

Traceback (most recent call last):
  File "D:\PythonStoreHouse\auto_test_quiz\ddt\test_web_1.py", line 70, in test_suite
    res = self.run_step(params)
  File "D:\Python313\Lib\site-packages\allure_commons\_allure.py", line 202, in impl
    return func(*a, **kw)
  File "D:\PythonStoreHouse\auto_test_quiz\ddt\test_web_1.py", line 26, in run_step
    return func(*args[1:])
  File "D:\PythonStoreHouse\auto_test_quiz\keywords\webkeys.py", line 161, in assert_text
    raise AssertionError(f"验证文本失败: {str(e)}")
AssertionError: 验证文本失败: selenium.webdriver.remote.webdriver.WebDriver.find_element() argument after * must be an iterable, not WebElement
2025-08-15 12:39:29,742 - INFO - webkeys.py - 170 - 断言，实际结果：https://practicetestautomation.com/logged-in-successfully/   --- 期望值：practicetestautomation.com/logged-in-successfully/
2025-08-15 12:39:29,756 - ERROR - test_web_1.py - 90 - 验证文本失败: selenium.webdriver.remote.webdriver.WebDriver.find_element() argument after * must be an iterable, not WebElement
Traceback (most recent call last):
  File "D:\PythonStoreHouse\auto_test_quiz\keywords\webkeys.py", line 152, in assert_text
    element = WebDriverWait(self.driver, timeout).until(
        EC.visibility_of_element_located(loc)
    )
  File "D:\Python313\Lib\site-packages\selenium\webdriver\support\wait.py", line 129, in until
    value = method(self._driver)
  File "D:\Python313\Lib\site-packages\selenium\webdriver\support\expected_conditions.py", line 217, in _predicate
    return _element_if_visible(driver.find_element(*locator))
                               ~~~~~~~~~~~~~~~~~~~^^^^^^^^^^
TypeError: selenium.webdriver.remote.webdriver.WebDriver.find_element() argument after * must be an iterable, not WebElement

During handling of the above exception, another exception occurred:

Traceback (most recent call last):
  File "D:\PythonStoreHouse\auto_test_quiz\ddt\test_web_1.py", line 70, in test_suite
    res = self.run_step(params)
  File "D:\Python313\Lib\site-packages\allure_commons\_allure.py", line 202, in impl
    return func(*a, **kw)
  File "D:\PythonStoreHouse\auto_test_quiz\ddt\test_web_1.py", line 26, in run_step
    return func(*args[1:])
  File "D:\PythonStoreHouse\auto_test_quiz\keywords\webkeys.py", line 161, in assert_text
    raise AssertionError(f"验证文本失败: {str(e)}")
AssertionError: 验证文本失败: selenium.webdriver.remote.webdriver.WebDriver.find_element() argument after * must be an iterable, not WebElement
2025-08-15 12:43:03,928 - INFO - webkeys.py - 166 - 断言，实际结果：https://practicetestautomation.com/logged-in-successfully/   --- 期望值：practicetestautomation.com/logged-in-successfully/
2025-08-15 12:43:03,959 - ERROR - test_web_1.py - 90 - 验证按钮失败: selenium.webdriver.remote.webdriver.WebDriver.find_element() argument after * must be an iterable, not WebElement
Traceback (most recent call last):
  File "D:\PythonStoreHouse\auto_test_quiz\keywords\webkeys.py", line 177, in assert_button
    element = WebDriverWait(self.driver, timeout).until(
        EC.visibility_of_element_located(loc)
    )
  File "D:\Python313\Lib\site-packages\selenium\webdriver\support\wait.py", line 129, in until
    value = method(self._driver)
  File "D:\Python313\Lib\site-packages\selenium\webdriver\support\expected_conditions.py", line 217, in _predicate
    return _element_if_visible(driver.find_element(*locator))
                               ~~~~~~~~~~~~~~~~~~~^^^^^^^^^^
TypeError: selenium.webdriver.remote.webdriver.WebDriver.find_element() argument after * must be an iterable, not WebElement

During handling of the above exception, another exception occurred:

Traceback (most recent call last):
  File "D:\PythonStoreHouse\auto_test_quiz\ddt\test_web_1.py", line 70, in test_suite
    res = self.run_step(params)
  File "D:\Python313\Lib\site-packages\allure_commons\_allure.py", line 202, in impl
    return func(*a, **kw)
  File "D:\PythonStoreHouse\auto_test_quiz\ddt\test_web_1.py", line 26, in run_step
    return func(*args[1:])
  File "D:\PythonStoreHouse\auto_test_quiz\keywords\webkeys.py", line 191, in assert_button
    raise AssertionError(f"验证按钮失败: {str(e)}")
AssertionError: 验证按钮失败: selenium.webdriver.remote.webdriver.WebDriver.find_element() argument after * must be an iterable, not WebElement
2025-08-15 12:45:48,817 - INFO - webkeys.py - 166 - 断言，实际结果：https://practicetestautomation.com/logged-in-successfully/   --- 期望值：practicetestautomation.com/logged-in-successfully/
2025-08-15 12:45:48,850 - ERROR - test_web_1.py - 90 - 验证按钮失败: selenium.webdriver.remote.webdriver.WebDriver.find_element() argument after * must be an iterable, not WebElement
Traceback (most recent call last):
  File "D:\PythonStoreHouse\auto_test_quiz\keywords\webkeys.py", line 177, in assert_button
    element = WebDriverWait(self.driver, timeout).until(
        EC.visibility_of_element_located(loc)
    )
  File "D:\Python313\Lib\site-packages\selenium\webdriver\support\wait.py", line 129, in until
    value = method(self._driver)
  File "D:\Python313\Lib\site-packages\selenium\webdriver\support\expected_conditions.py", line 217, in _predicate
    return _element_if_visible(driver.find_element(*locator))
                               ~~~~~~~~~~~~~~~~~~~^^^^^^^^^^
TypeError: selenium.webdriver.remote.webdriver.WebDriver.find_element() argument after * must be an iterable, not WebElement

During handling of the above exception, another exception occurred:

Traceback (most recent call last):
  File "D:\PythonStoreHouse\auto_test_quiz\ddt\test_web_1.py", line 70, in test_suite
    res = self.run_step(params)
  File "D:\Python313\Lib\site-packages\allure_commons\_allure.py", line 202, in impl
    return func(*a, **kw)
  File "D:\PythonStoreHouse\auto_test_quiz\ddt\test_web_1.py", line 26, in run_step
    return func(*args[1:])
  File "D:\PythonStoreHouse\auto_test_quiz\keywords\webkeys.py", line 191, in assert_button
    raise AssertionError(f"验证按钮失败: {str(e)}")
AssertionError: 验证按钮失败: selenium.webdriver.remote.webdriver.WebDriver.find_element() argument after * must be an iterable, not WebElement
2025-08-15 12:47:01,391 - INFO - webkeys.py - 166 - 断言，实际结果：https://practicetestautomation.com/logged-in-successfully/   --- 期望值：practicetestautomation.com/logged-in-successfully/
2025-08-15 12:47:03,717 - ERROR - test_web_1.py - 90 - list index out of range
Traceback (most recent call last):
  File "D:\PythonStoreHouse\auto_test_quiz\ddt\test_web_1.py", line 70, in test_suite
    res = self.run_step(params)
  File "D:\Python313\Lib\site-packages\allure_commons\_allure.py", line 202, in impl
    return func(*a, **kw)
  File "D:\PythonStoreHouse\auto_test_quiz\ddt\test_web_1.py", line 21, in run_step
    if args[0] == 'quit':
       ~~~~^^^
IndexError: list index out of range
2025-08-15 12:54:08,913 - INFO - webkeys.py - 166 - 断言，实际结果：https://practicetestautomation.com/logged-in-successfully/   --- 期望值：practicetestautomation.com/logged-in-successfully/
2025-08-15 12:54:11,253 - ERROR - test_web_1.py - 90 - list index out of range
Traceback (most recent call last):
  File "D:\PythonStoreHouse\auto_test_quiz\ddt\test_web_1.py", line 70, in test_suite
    res = self.run_step(params)
  File "D:\Python313\Lib\site-packages\allure_commons\_allure.py", line 202, in impl
    return func(*a, **kw)
  File "D:\PythonStoreHouse\auto_test_quiz\ddt\test_web_1.py", line 21, in run_step
    if args[0] == 'quit':
       ~~~~^^^
IndexError: list index out of range
2025-08-15 12:55:49,049 - INFO - webkeys.py - 166 - 断言，实际结果：https://practicetestautomation.com/logged-in-successfully/   --- 期望值：practicetestautomation.com/logged-in-successfully/
2025-08-15 13:41:58,560 - INFO - webkeys.py - 166 - 断言，实际结果：https://practicetestautomation.com/logged-in-successfully/   --- 期望值：practicetestautomation.com/logged-in-successfully/
2025-08-15 13:41:59,609 - ERROR - test_web_1.py - 90 - ：error不可见
Traceback (most recent call last):
  File "D:\PythonStoreHouse\auto_test_quiz\ddt\test_web_1.py", line 70, in test_suite
    res = self.run_step(params)
  File "D:\Python313\Lib\site-packages\allure_commons\_allure.py", line 202, in impl
    return func(*a, **kw)
  File "D:\PythonStoreHouse\auto_test_quiz\ddt\test_web_1.py", line 26, in run_step
    return func(*args[1:])
  File "D:\PythonStoreHouse\auto_test_quiz\keywords\webkeys.py", line 189, in assert_element
    raise AssertionError(f"：{lo}不可见")
AssertionError: ：error不可见
2025-08-15 13:45:39,537 - INFO - webkeys.py - 167 - 断言，实际结果：https://practicetestautomation.com/logged-in-successfully/   --- 期望值：practicetestautomation.com/logged-in-successfully/
2025-08-15 13:45:40,580 - ERROR - test_web_1.py - 90 - name 'locator' is not defined
Traceback (most recent call last):
  File "D:\PythonStoreHouse\auto_test_quiz\ddt\test_web_1.py", line 70, in test_suite
    res = self.run_step(params)
  File "D:\Python313\Lib\site-packages\allure_commons\_allure.py", line 202, in impl
    return func(*a, **kw)
  File "D:\PythonStoreHouse\auto_test_quiz\ddt\test_web_1.py", line 26, in run_step
    return func(*args[1:])
  File "D:\PythonStoreHouse\auto_test_quiz\keywords\webkeys.py", line 190, in assert_element
    EC.visibility_of_element_located(locator)
                                     ^^^^^^^
NameError: name 'locator' is not defined
2025-08-15 13:47:00,147 - INFO - webkeys.py - 167 - 断言，实际结果：https://practicetestautomation.com/logged-in-successfully/   --- 期望值：practicetestautomation.com/logged-in-successfully/
2025-08-15 13:47:01,648 - ERROR - test_web_1.py - 90 - selenium.webdriver.remote.webdriver.WebDriver.find_element() argument after * must be an iterable, not WebElement
Traceback (most recent call last):
  File "D:\PythonStoreHouse\auto_test_quiz\ddt\test_web_1.py", line 70, in test_suite
    res = self.run_step(params)
  File "D:\Python313\Lib\site-packages\allure_commons\_allure.py", line 202, in impl
    return func(*a, **kw)
  File "D:\PythonStoreHouse\auto_test_quiz\ddt\test_web_1.py", line 26, in run_step
    return func(*args[1:])
  File "D:\PythonStoreHouse\auto_test_quiz\keywords\webkeys.py", line 189, in assert_element
    element = WebDriverWait(self.driver, 3).until(
        EC.visibility_of_element_located(loc)
    )
  File "D:\Python313\Lib\site-packages\selenium\webdriver\support\wait.py", line 129, in until
    value = method(self._driver)
  File "D:\Python313\Lib\site-packages\selenium\webdriver\support\expected_conditions.py", line 217, in _predicate
    return _element_if_visible(driver.find_element(*locator))
                               ~~~~~~~~~~~~~~~~~~~^^^^^^^^^^
TypeError: selenium.webdriver.remote.webdriver.WebDriver.find_element() argument after * must be an iterable, not WebElement
2025-08-15 13:52:42,598 - INFO - webkeys.py - 167 - 断言，实际结果：https://practicetestautomation.com/logged-in-successfully/   --- 期望值：practicetestautomation.com/logged-in-successfully/
2025-08-15 13:52:43,640 - ERROR - test_web_1.py - 90 - selenium.webdriver.remote.webdriver.WebDriver.find_element() argument after * must be an iterable, not WebElement
Traceback (most recent call last):
  File "D:\PythonStoreHouse\auto_test_quiz\ddt\test_web_1.py", line 70, in test_suite
    res = self.run_step(params)
  File "D:\Python313\Lib\site-packages\allure_commons\_allure.py", line 202, in impl
    return func(*a, **kw)
  File "D:\PythonStoreHouse\auto_test_quiz\ddt\test_web_1.py", line 26, in run_step
    return func(*args[1:])
  File "D:\PythonStoreHouse\auto_test_quiz\keywords\webkeys.py", line 189, in assert_element
    WebDriverWait(self.driver, 3).until(
    ~~~~~~~~~~~~~~~~~~~~~~~~~~~~~~~~~~~^
        EC.visibility_of_element_located(loc)
        ^^^^^^^^^^^^^^^^^^^^^^^^^^^^^^^^^^^^^
    )
    ^
  File "D:\Python313\Lib\site-packages\selenium\webdriver\support\wait.py", line 129, in until
    value = method(self._driver)
  File "D:\Python313\Lib\site-packages\selenium\webdriver\support\expected_conditions.py", line 217, in _predicate
    return _element_if_visible(driver.find_element(*locator))
                               ~~~~~~~~~~~~~~~~~~~^^^^^^^^^^
TypeError: selenium.webdriver.remote.webdriver.WebDriver.find_element() argument after * must be an iterable, not WebElement
2025-08-15 13:55:20,580 - INFO - webkeys.py - 167 - 断言，实际结果：https://practicetestautomation.com/logged-in-successfully/   --- 期望值：practicetestautomation.com/logged-in-successfully/
2025-08-15 13:55:21,862 - ERROR - test_web_1.py - 90 - visibility_of_element_located() takes 1 positional argument but 2 were given
Traceback (most recent call last):
  File "D:\PythonStoreHouse\auto_test_quiz\ddt\test_web_1.py", line 70, in test_suite
    res = self.run_step(params)
  File "D:\Python313\Lib\site-packages\allure_commons\_allure.py", line 202, in impl
    return func(*a, **kw)
  File "D:\PythonStoreHouse\auto_test_quiz\ddt\test_web_1.py", line 26, in run_step
    return func(*args[1:])
  File "D:\PythonStoreHouse\auto_test_quiz\keywords\webkeys.py", line 190, in assert_element
    EC.visibility_of_element_located(By.ID,lo)
    ~~~~~~~~~~~~~~~~~~~~~~~~~~~~~~~~^^^^^^^^^^
TypeError: visibility_of_element_located() takes 1 positional argument but 2 were given
2025-08-15 13:56:13,044 - INFO - webkeys.py - 167 - 断言，实际结果：https://practicetestautomation.com/logged-in-successfully/   --- 期望值：practicetestautomation.com/logged-in-successfully/
2025-08-15 13:56:14,331 - ERROR - test_web_1.py - 90 - WebDriver.find_element() takes from 1 to 3 positional arguments but 6 were given
Traceback (most recent call last):
  File "D:\PythonStoreHouse\auto_test_quiz\ddt\test_web_1.py", line 70, in test_suite
    res = self.run_step(params)
  File "D:\Python313\Lib\site-packages\allure_commons\_allure.py", line 202, in impl
    return func(*a, **kw)
  File "D:\PythonStoreHouse\auto_test_quiz\ddt\test_web_1.py", line 26, in run_step
    return func(*args[1:])
  File "D:\PythonStoreHouse\auto_test_quiz\keywords\webkeys.py", line 189, in assert_element
    WebDriverWait(self.driver, 3).until(
    ~~~~~~~~~~~~~~~~~~~~~~~~~~~~~~~~~~~^
        EC.visibility_of_element_located(lo)
        ^^^^^^^^^^^^^^^^^^^^^^^^^^^^^^^^^^^^
    )
    ^
  File "D:\Python313\Lib\site-packages\selenium\webdriver\support\wait.py", line 129, in until
    value = method(self._driver)
  File "D:\Python313\Lib\site-packages\selenium\webdriver\support\expected_conditions.py", line 217, in _predicate
    return _element_if_visible(driver.find_element(*locator))
                               ~~~~~~~~~~~~~~~~~~~^^^^^^^^^^
TypeError: WebDriver.find_element() takes from 1 to 3 positional arguments but 6 were given
2025-08-15 14:07:25,343 - INFO - webkeys.py - 167 - 断言，实际结果：https://practicetestautomation.com/logged-in-successfully/   --- 期望值：practicetestautomation.com/logged-in-successfully/
2025-08-15 17:41:13,087 - INFO - webkeys.py - 167 - 断言，实际结果：https://practicetestautomation.com/logged-in-successfully/   --- 期望值：practicetestautomation.com/logged-in-successfully/
2025-08-15 17:41:19,587 - ERROR - test_web_1.py - 90 - Message: no such element: Unable to locate element: {"method":"link text","selector":"Test Login Page"}
  (Session info: chrome=139.0.7258.67); For documentation on this error, please visit: https://www.selenium.dev/documentation/webdriver/troubleshooting/errors#nosuchelementexception
Stacktrace:
	GetHandleVerifier [0x0x7ff7652e6b25+79621]
	GetHandleVerifier [0x0x7ff7652e6b80+79712]
	(No symbol) [0x0x7ff76507c0ea]
	(No symbol) [0x0x7ff7650d2f56]
	(No symbol) [0x0x7ff7650d320c]
	(No symbol) [0x0x7ff7651265b7]
	(No symbol) [0x0x7ff7650fb17f]
	(No symbol) [0x0x7ff7651233d0]
	(No symbol) [0x0x7ff7650faf13]
	(No symbol) [0x0x7ff7650c4151]
	(No symbol) [0x0x7ff7650c4ee3]
	GetHandleVerifier [0x0x7ff7655a683d+2962461]
	GetHandleVerifier [0x0x7ff7655a0b5d+2938685]
	GetHandleVerifier [0x0x7ff7655bf71d+3064573]
	GetHandleVerifier [0x0x7ff765300c6e+186446]
	GetHandleVerifier [0x0x7ff765308a3f+218655]
	GetHandleVerifier [0x0x7ff7652ef914+115956]
	GetHandleVerifier [0x0x7ff7652efac9+116393]
	GetHandleVerifier [0x0x7ff7652d5ef8+10968]
	BaseThreadInitThunk [0x0x7fff1474259d+29]
	RtlUserThreadStart [0x0x7fff14b4af38+40]
Traceback (most recent call last):
  File "D:\PythonStoreHouse\auto_test_quiz\ddt\test_web_1.py", line 70, in test_suite
    res = self.run_step(params)
  File "D:\Python313\Lib\site-packages\allure_commons\_allure.py", line 202, in impl
    return func(*a, **kw)
  File "D:\PythonStoreHouse\auto_test_quiz\ddt\test_web_1.py", line 26, in run_step
    return func(*args[1:])
  File "D:\PythonStoreHouse\auto_test_quiz\keywords\webkeys.py", line 133, in click
    ele = self.__find_ele(lo)
  File "D:\PythonStoreHouse\auto_test_quiz\keywords\webkeys.py", line 99, in __find_ele
    ele=self.driver.find_element(By.LINK_TEXT,name_value)
  File "D:\Python313\Lib\site-packages\selenium\webdriver\remote\webdriver.py", line 926, in find_element
    return self.execute(Command.FIND_ELEMENT, {"using": by, "value": value})["value"]
           ~~~~~~~~~~~~^^^^^^^^^^^^^^^^^^^^^^^^^^^^^^^^^^^^^^^^^^^^^^^^^^^^^
  File "D:\Python313\Lib\site-packages\selenium\webdriver\remote\webdriver.py", line 458, in execute
    self.error_handler.check_response(response)
    ~~~~~~~~~~~~~~~~~~~~~~~~~~~~~~~~~^^^^^^^^^^
  File "D:\Python313\Lib\site-packages\selenium\webdriver\remote\errorhandler.py", line 232, in check_response
    raise exception_class(message, screen, stacktrace)
selenium.common.exceptions.NoSuchElementException: Message: no such element: Unable to locate element: {"method":"link text","selector":"Test Login Page"}
  (Session info: chrome=139.0.7258.67); For documentation on this error, please visit: https://www.selenium.dev/documentation/webdriver/troubleshooting/errors#nosuchelementexception
Stacktrace:
	GetHandleVerifier [0x0x7ff7652e6b25+79621]
	GetHandleVerifier [0x0x7ff7652e6b80+79712]
	(No symbol) [0x0x7ff76507c0ea]
	(No symbol) [0x0x7ff7650d2f56]
	(No symbol) [0x0x7ff7650d320c]
	(No symbol) [0x0x7ff7651265b7]
	(No symbol) [0x0x7ff7650fb17f]
	(No symbol) [0x0x7ff7651233d0]
	(No symbol) [0x0x7ff7650faf13]
	(No symbol) [0x0x7ff7650c4151]
	(No symbol) [0x0x7ff7650c4ee3]
	GetHandleVerifier [0x0x7ff7655a683d+2962461]
	GetHandleVerifier [0x0x7ff7655a0b5d+2938685]
	GetHandleVerifier [0x0x7ff7655bf71d+3064573]
	GetHandleVerifier [0x0x7ff765300c6e+186446]
	GetHandleVerifier [0x0x7ff765308a3f+218655]
	GetHandleVerifier [0x0x7ff7652ef914+115956]
	GetHandleVerifier [0x0x7ff7652efac9+116393]
	GetHandleVerifier [0x0x7ff7652d5ef8+10968]
	BaseThreadInitThunk [0x0x7fff1474259d+29]
	RtlUserThreadStart [0x0x7fff14b4af38+40]

2025-08-15 17:42:30,657 - INFO - webkeys.py - 167 - 断言，实际结果：https://practicetestautomation.com/logged-in-successfully/   --- 期望值：practicetestautomation.com/logged-in-successfully/
2025-08-15 17:42:33,691 - ERROR - test_web_1.py - 90 - 'Web' object has no attribute 'quite'
Traceback (most recent call last):
  File "D:\PythonStoreHouse\auto_test_quiz\ddt\test_web_1.py", line 70, in test_suite
    res = self.run_step(params)
  File "D:\Python313\Lib\site-packages\allure_commons\_allure.py", line 202, in impl
    return func(*a, **kw)
  File "D:\PythonStoreHouse\auto_test_quiz\ddt\test_web_1.py", line 24, in run_step
    func = getattr(ddt.obj, args[0])
AttributeError: 'Web' object has no attribute 'quite'. Did you mean: 'quit'?
2025-08-15 17:43:35,259 - INFO - webkeys.py - 167 - 断言，实际结果：https://practicetestautomation.com/logged-in-successfully/   --- 期望值：practicetestautomation.com/logged-in-successfully/
2025-08-15 17:43:38,597 - ERROR - test_web_1.py - 90 - Web.quit() takes 1 positional argument but 3 were given
Traceback (most recent call last):
  File "D:\PythonStoreHouse\auto_test_quiz\ddt\test_web_1.py", line 70, in test_suite
    res = self.run_step(params)
  File "D:\Python313\Lib\site-packages\allure_commons\_allure.py", line 202, in impl
    return func(*a, **kw)
  File "D:\PythonStoreHouse\auto_test_quiz\ddt\test_web_1.py", line 26, in run_step
    return func(*args[1:])
TypeError: Web.quit() takes 1 positional argument but 3 were given
2025-08-15 17:44:17,626 - INFO - webkeys.py - 167 - 断言，实际结果：https://practicetestautomation.com/logged-in-successfully/   --- 期望值：practicetestautomation.com/logged-in-successfully/
2025-08-15 17:44:20,545 - ERROR - test_web_1.py - 90 - Web.quit() takes 1 positional argument but 3 were given
Traceback (most recent call last):
  File "D:\PythonStoreHouse\auto_test_quiz\ddt\test_web_1.py", line 70, in test_suite
    res = self.run_step(params)
  File "D:\Python313\Lib\site-packages\allure_commons\_allure.py", line 202, in impl
    return func(*a, **kw)
  File "D:\PythonStoreHouse\auto_test_quiz\ddt\test_web_1.py", line 26, in run_step
    return func(*args[1:])
TypeError: Web.quit() takes 1 positional argument but 3 were given
2025-08-15 17:45:07,616 - INFO - webkeys.py - 167 - 断言，实际结果：https://practicetestautomation.com/logged-in-successfully/   --- 期望值：practicetestautomation.com/logged-in-successfully/
2025-08-15 18:19:02,849 - INFO - webkeys.py - 167 - 断言，实际结果：https://practicetestautomation.com/logged-in-successfully/   --- 期望值：practicetestautomation.com/logged-in-successfully/
2025-08-15 18:27:07,735 - INFO - webkeys.py - 167 - 断言，实际结果：https://practicetestautomation.com/logged-in-successfully/   --- 期望值：practicetestautomation.com/logged-in-successfully/
2025-08-15 18:29:55,845 - INFO - webkeys.py - 167 - 断言，实际结果：https://practicetestautomation.com/logged-in-successfully/   --- 期望值：practicetestautomation.com/logged-in-successfully/
2025-08-15 18:41:14,051 - WARNING - selenium_manager.py - 137 - There was an error managing msedgedriver (error sending request for url (https://msedgedriver.microsoft.com/LATEST_RELEASE_139_WINDOWS)); using driver found in the cache
2025-08-15 18:41:22,336 - INFO - webkeys.py - 167 - 断言，实际结果：https://practicetestautomation.com/logged-in-successfully/   --- 期望值：practicetestautomation.com/logged-in-successfully/
2025-08-15 18:51:29,986 - INFO - webkeys.py - 167 - 断言，实际结果：https://practicetestautomation.com/logged-in-successfully/   --- 期望值：practicetestautomation.com/logged-in-successfully/
2025-08-15 18:56:43,772 - INFO - webkeys.py - 167 - 断言，实际结果：https://practicetestautomation.com/logged-in-successfully/   --- 期望值：practicetestautomation.com/logged-in-successfully/
2025-08-15 19:01:05,008 - INFO - webkeys.py - 167 - 断言，实际结果：https://practicetestautomation.com/logged-in-successfully/   --- 期望值：practicetestautomation.com/logged-in-successfully/
2025-08-15 19:11:22,183 - INFO - webkeys.py - 167 - 断言，实际结果：https://practicetestautomation.com/logged-in-successfully/   --- 期望值：practicetestautomation.com/logged-in-successfully/
2025-08-15 20:48:10,327 - INFO - webkeys.py - 179 - 断言，实际结果：https://practicetestautomation.com/logged-in-successfully/   --- 期望值：practicetestautomation.com/logged-in-successfully/
2025-08-15 22:26:38,441 - INFO - webkeys.py - 179 - 断言，实际结果：https://practicetestautomation.com/logged-in-successfully/   --- 期望值：practicetestautomation.com/logged-in-successfully/
2025-08-15 22:32:07,930 - INFO - webkeys.py - 179 - 断言，实际结果：https://practicetestautomation.com/logged-in-successfully/   --- 期望值：practicetestautomation.com/logged-in-successfully/
2025-08-15 22:33:55,915 - INFO - webkeys.py - 179 - 断言，实际结果：https://practicetestautomation.com/logged-in-successfully/   --- 期望值：practicetestautomation.com/logged-in-successfully/
2025-08-15 22:34:04,200 - ERROR - test_web_2.py - 96 - [NoSuchElement] 元素定位失败: //div[@id='row2']/input
Traceback (most recent call last):
  File "D:\PythonStoreHouse\auto_test_quiz\keywords\webkeys.py", line 93, in __find_ele
    ele = self.driver.find_element('xpath', lo)
  File "D:\Python313\Lib\site-packages\selenium\webdriver\remote\webdriver.py", line 926, in find_element
    return self.execute(Command.FIND_ELEMENT, {"using": by, "value": value})["value"]
           ~~~~~~~~~~~~^^^^^^^^^^^^^^^^^^^^^^^^^^^^^^^^^^^^^^^^^^^^^^^^^^^^^
  File "D:\Python313\Lib\site-packages\selenium\webdriver\remote\webdriver.py", line 458, in execute
    self.error_handler.check_response(response)
    ~~~~~~~~~~~~~~~~~~~~~~~~~~~~~~~~~^^^^^^^^^^
  File "D:\Python313\Lib\site-packages\selenium\webdriver\remote\errorhandler.py", line 232, in check_response
    raise exception_class(message, screen, stacktrace)
selenium.common.exceptions.NoSuchElementException: Message: no such element: Unable to locate element: {"method":"xpath","selector":"//div[@id='row2']/input"}
  (Session info: chrome=139.0.7258.67); For documentation on this error, please visit: https://www.selenium.dev/documentation/webdriver/troubleshooting/errors#nosuchelementexception
Stacktrace:
	GetHandleVerifier [0x0x7ff7652e6b25+79621]
	GetHandleVerifier [0x0x7ff7652e6b80+79712]
	(No symbol) [0x0x7ff76507c0ea]
	(No symbol) [0x0x7ff7650d2f56]
	(No symbol) [0x0x7ff7650d320c]
	(No symbol) [0x0x7ff7651265b7]
	(No symbol) [0x0x7ff7650fb17f]
	(No symbol) [0x0x7ff7651233d0]
	(No symbol) [0x0x7ff7650faf13]
	(No symbol) [0x0x7ff7650c4151]
	(No symbol) [0x0x7ff7650c4ee3]
	GetHandleVerifier [0x0x7ff7655a683d+2962461]
	GetHandleVerifier [0x0x7ff7655a0b5d+2938685]
	GetHandleVerifier [0x0x7ff7655bf71d+3064573]
	GetHandleVerifier [0x0x7ff765300c6e+186446]
	GetHandleVerifier [0x0x7ff765308a3f+218655]
	GetHandleVerifier [0x0x7ff7652ef914+115956]
	GetHandleVerifier [0x0x7ff7652efac9+116393]
	GetHandleVerifier [0x0x7ff7652d5ef8+10968]
	BaseThreadInitThunk [0x0x7fff1474259d+29]
	RtlUserThreadStart [0x0x7fff14b4af38+40]


The above exception was the direct cause of the following exception:

Traceback (most recent call last):
  File "D:\PythonStoreHouse\auto_test_quiz\ddt\test_web_2.py", line 81, in test_suite
    res = self.run_step(params)
  File "D:\Python313\Lib\site-packages\allure_commons\_allure.py", line 202, in impl
    return func(*a, **kw)
  File "D:\PythonStoreHouse\auto_test_quiz\ddt\test_web_2.py", line 34, in run_step
    return func(*args[1:])
  File "D:\PythonStoreHouse\auto_test_quiz\keywords\webkeys.py", line 118, in input
    ele = self.__find_ele(lo)
  File "D:\PythonStoreHouse\auto_test_quiz\keywords\webkeys.py", line 108, in __find_ele
    raise AssertionError(f"[NoSuchElement] 元素定位失败: {lo}") from e
AssertionError: [NoSuchElement] 元素定位失败: //div[@id='row2']/input
2025-08-15 22:59:12,406 - INFO - webkeys.py - 179 - 断言，实际结果：https://practicetestautomation.com/logged-in-successfully/   --- 期望值：practicetestautomation.com/logged-in-successfully/
2025-08-15 22:59:22,423 - ERROR - test_web_2.py - 96 - [NoSuchElement] 元素定位失败: //div[@id='row2']/input
Traceback (most recent call last):
  File "D:\PythonStoreHouse\auto_test_quiz\keywords\webkeys.py", line 93, in __find_ele
    ele = self.driver.find_element('xpath', lo)
  File "D:\Python313\Lib\site-packages\selenium\webdriver\remote\webdriver.py", line 926, in find_element
    return self.execute(Command.FIND_ELEMENT, {"using": by, "value": value})["value"]
           ~~~~~~~~~~~~^^^^^^^^^^^^^^^^^^^^^^^^^^^^^^^^^^^^^^^^^^^^^^^^^^^^^
  File "D:\Python313\Lib\site-packages\selenium\webdriver\remote\webdriver.py", line 458, in execute
    self.error_handler.check_response(response)
    ~~~~~~~~~~~~~~~~~~~~~~~~~~~~~~~~~^^^^^^^^^^
  File "D:\Python313\Lib\site-packages\selenium\webdriver\remote\errorhandler.py", line 232, in check_response
    raise exception_class(message, screen, stacktrace)
selenium.common.exceptions.NoSuchElementException: Message: no such element: Unable to locate element: {"method":"xpath","selector":"//div[@id='row2']/input"}
  (Session info: chrome=139.0.7258.67); For documentation on this error, please visit: https://www.selenium.dev/documentation/webdriver/troubleshooting/errors#nosuchelementexception
Stacktrace:
	GetHandleVerifier [0x0x7ff7652e6b25+79621]
	GetHandleVerifier [0x0x7ff7652e6b80+79712]
	(No symbol) [0x0x7ff76507c0ea]
	(No symbol) [0x0x7ff7650d2f56]
	(No symbol) [0x0x7ff7650d320c]
	(No symbol) [0x0x7ff7651265b7]
	(No symbol) [0x0x7ff7650fb17f]
	(No symbol) [0x0x7ff7651233d0]
	(No symbol) [0x0x7ff7650faf13]
	(No symbol) [0x0x7ff7650c4151]
	(No symbol) [0x0x7ff7650c4ee3]
	GetHandleVerifier [0x0x7ff7655a683d+2962461]
	GetHandleVerifier [0x0x7ff7655a0b5d+2938685]
	GetHandleVerifier [0x0x7ff7655bf71d+3064573]
	GetHandleVerifier [0x0x7ff765300c6e+186446]
	GetHandleVerifier [0x0x7ff765308a3f+218655]
	GetHandleVerifier [0x0x7ff7652ef914+115956]
	GetHandleVerifier [0x0x7ff7652efac9+116393]
	GetHandleVerifier [0x0x7ff7652d5ef8+10968]
	BaseThreadInitThunk [0x0x7fff1474259d+29]
	RtlUserThreadStart [0x0x7fff14b4af38+40]


The above exception was the direct cause of the following exception:

Traceback (most recent call last):
  File "D:\PythonStoreHouse\auto_test_quiz\ddt\test_web_2.py", line 81, in test_suite
    res = self.run_step(params)
  File "D:\Python313\Lib\site-packages\allure_commons\_allure.py", line 202, in impl
    return func(*a, **kw)
  File "D:\PythonStoreHouse\auto_test_quiz\ddt\test_web_2.py", line 34, in run_step
    return func(*args[1:])
  File "D:\PythonStoreHouse\auto_test_quiz\keywords\webkeys.py", line 118, in input
    ele = self.__find_ele(lo)
  File "D:\PythonStoreHouse\auto_test_quiz\keywords\webkeys.py", line 108, in __find_ele
    raise AssertionError(f"[NoSuchElement] 元素定位失败: {lo}") from e
AssertionError: [NoSuchElement] 元素定位失败: //div[@id='row2']/input
2025-08-15 22:59:23,505 - INFO - webkeys.py - 258 - 页面已成功刷新
2025-08-15 22:59:31,214 - ERROR - test_web_2.py - 96 - [ElementNotInteractable] 元素不可交互: $Save
Traceback (most recent call last):
  File "D:\PythonStoreHouse\auto_test_quiz\keywords\webkeys.py", line 142, in click
    ele.click()
    ~~~~~~~~~^^
  File "D:\Python313\Lib\site-packages\selenium\webdriver\remote\webelement.py", line 120, in click
    self._execute(Command.CLICK_ELEMENT)
    ~~~~~~~~~~~~~^^^^^^^^^^^^^^^^^^^^^^^
  File "D:\Python313\Lib\site-packages\selenium\webdriver\remote\webelement.py", line 573, in _execute
    return self._parent.execute(command, params)
           ~~~~~~~~~~~~~~~~~~~~^^^^^^^^^^^^^^^^^
  File "D:\Python313\Lib\site-packages\selenium\webdriver\remote\webdriver.py", line 458, in execute
    self.error_handler.check_response(response)
    ~~~~~~~~~~~~~~~~~~~~~~~~~~~~~~~~~^^^^^^^^^^
  File "D:\Python313\Lib\site-packages\selenium\webdriver\remote\errorhandler.py", line 232, in check_response
    raise exception_class(message, screen, stacktrace)
selenium.common.exceptions.ElementNotInteractableException: Message: element not interactable
  (Session info: chrome=139.0.7258.67); For documentation on this error, please visit: https://www.selenium.dev/documentation/webdriver/troubleshooting/errors#elementnotinteractableexception
Stacktrace:
	GetHandleVerifier [0x0x7ff7652e6b25+79621]
	GetHandleVerifier [0x0x7ff7652e6b80+79712]
	(No symbol) [0x0x7ff76507bf1c]
	(No symbol) [0x0x7ff7650d4454]
	(No symbol) [0x0x7ff7650c6078]
	(No symbol) [0x0x7ff7650fb13a]
	(No symbol) [0x0x7ff7650c5926]
	(No symbol) [0x0x7ff7650fb350]
	(No symbol) [0x0x7ff7651233d0]
	(No symbol) [0x0x7ff7650faf13]
	(No symbol) [0x0x7ff7650c4151]
	(No symbol) [0x0x7ff7650c4ee3]
	GetHandleVerifier [0x0x7ff7655a683d+2962461]
	GetHandleVerifier [0x0x7ff7655a0b5d+2938685]
	GetHandleVerifier [0x0x7ff7655bf71d+3064573]
	GetHandleVerifier [0x0x7ff765300c6e+186446]
	GetHandleVerifier [0x0x7ff765308a3f+218655]
	GetHandleVerifier [0x0x7ff7652ef914+115956]
	GetHandleVerifier [0x0x7ff7652efac9+116393]
	GetHandleVerifier [0x0x7ff7652d5ef8+10968]
	BaseThreadInitThunk [0x0x7fff1474259d+29]
	RtlUserThreadStart [0x0x7fff14b4af38+40]


The above exception was the direct cause of the following exception:

Traceback (most recent call last):
  File "D:\PythonStoreHouse\auto_test_quiz\ddt\test_web_2.py", line 81, in test_suite
    res = self.run_step(params)
  File "D:\Python313\Lib\site-packages\allure_commons\_allure.py", line 202, in impl
    return func(*a, **kw)
  File "D:\PythonStoreHouse\auto_test_quiz\ddt\test_web_2.py", line 34, in run_step
    return func(*args[1:])
  File "D:\PythonStoreHouse\auto_test_quiz\keywords\webkeys.py", line 144, in click
    raise AssertionError(f"[ElementNotInteractable] 元素不可交互: {lo}") from e
AssertionError: [ElementNotInteractable] 元素不可交互: $Save
2025-08-15 23:10:21,527 - INFO - webkeys.py - 179 - 断言，实际结果：https://practicetestautomation.com/logged-in-successfully/   --- 期望值：practicetestautomation.com/logged-in-successfully/
2025-08-15 23:10:28,166 - ERROR - test_web_2.py - 116 - Web.assert_element() takes from 1 to 2 positional arguments but 3 were given
Traceback (most recent call last):
  File "D:\PythonStoreHouse\auto_test_quiz\ddt\test_web_2.py", line 81, in test_suite
    res = self.run_step(params)
  File "D:\Python313\Lib\site-packages\allure_commons\_allure.py", line 202, in impl
    return func(*a, **kw)
  File "D:\PythonStoreHouse\auto_test_quiz\ddt\test_web_2.py", line 34, in run_step
    return func(*args[1:])
TypeError: Web.assert_element() takes from 1 to 2 positional arguments but 3 were given
2025-08-15 23:10:29,114 - INFO - webkeys.py - 258 - 页面已成功刷新
2025-08-15 23:10:36,784 - ERROR - test_web_2.py - 96 - [ElementNotInteractable] 元素不可交互: $Save
Traceback (most recent call last):
  File "D:\PythonStoreHouse\auto_test_quiz\keywords\webkeys.py", line 142, in click
    ele.click()
    ~~~~~~~~~^^
  File "D:\Python313\Lib\site-packages\selenium\webdriver\remote\webelement.py", line 120, in click
    self._execute(Command.CLICK_ELEMENT)
    ~~~~~~~~~~~~~^^^^^^^^^^^^^^^^^^^^^^^
  File "D:\Python313\Lib\site-packages\selenium\webdriver\remote\webelement.py", line 573, in _execute
    return self._parent.execute(command, params)
           ~~~~~~~~~~~~~~~~~~~~^^^^^^^^^^^^^^^^^
  File "D:\Python313\Lib\site-packages\selenium\webdriver\remote\webdriver.py", line 458, in execute
    self.error_handler.check_response(response)
    ~~~~~~~~~~~~~~~~~~~~~~~~~~~~~~~~~^^^^^^^^^^
  File "D:\Python313\Lib\site-packages\selenium\webdriver\remote\errorhandler.py", line 232, in check_response
    raise exception_class(message, screen, stacktrace)
selenium.common.exceptions.ElementNotInteractableException: Message: element not interactable
  (Session info: chrome=139.0.7258.67); For documentation on this error, please visit: https://www.selenium.dev/documentation/webdriver/troubleshooting/errors#elementnotinteractableexception
Stacktrace:
	GetHandleVerifier [0x0x7ff7652e6b25+79621]
	GetHandleVerifier [0x0x7ff7652e6b80+79712]
	(No symbol) [0x0x7ff76507bf1c]
	(No symbol) [0x0x7ff7650d4454]
	(No symbol) [0x0x7ff7650c6078]
	(No symbol) [0x0x7ff7650fb13a]
	(No symbol) [0x0x7ff7650c5926]
	(No symbol) [0x0x7ff7650fb350]
	(No symbol) [0x0x7ff7651233d0]
	(No symbol) [0x0x7ff7650faf13]
	(No symbol) [0x0x7ff7650c4151]
	(No symbol) [0x0x7ff7650c4ee3]
	GetHandleVerifier [0x0x7ff7655a683d+2962461]
	GetHandleVerifier [0x0x7ff7655a0b5d+2938685]
	GetHandleVerifier [0x0x7ff7655bf71d+3064573]
	GetHandleVerifier [0x0x7ff765300c6e+186446]
	GetHandleVerifier [0x0x7ff765308a3f+218655]
	GetHandleVerifier [0x0x7ff7652ef914+115956]
	GetHandleVerifier [0x0x7ff7652efac9+116393]
	GetHandleVerifier [0x0x7ff7652d5ef8+10968]
	BaseThreadInitThunk [0x0x7fff1474259d+29]
	RtlUserThreadStart [0x0x7fff14b4af38+40]


The above exception was the direct cause of the following exception:

Traceback (most recent call last):
  File "D:\PythonStoreHouse\auto_test_quiz\ddt\test_web_2.py", line 81, in test_suite
    res = self.run_step(params)
  File "D:\Python313\Lib\site-packages\allure_commons\_allure.py", line 202, in impl
    return func(*a, **kw)
  File "D:\PythonStoreHouse\auto_test_quiz\ddt\test_web_2.py", line 34, in run_step
    return func(*args[1:])
  File "D:\PythonStoreHouse\auto_test_quiz\keywords\webkeys.py", line 144, in click
    raise AssertionError(f"[ElementNotInteractable] 元素不可交互: {lo}") from e
AssertionError: [ElementNotInteractable] 元素不可交互: $Save
2025-08-15 23:11:33,006 - INFO - webkeys.py - 179 - 断言，实际结果：https://practicetestautomation.com/logged-in-successfully/   --- 期望值：practicetestautomation.com/logged-in-successfully/
2025-08-15 23:11:43,701 - ERROR - test_web_2.py - 96 - 元素 //div[@id='row2']/input 在3秒内未可见
Traceback (most recent call last):
  File "D:\PythonStoreHouse\auto_test_quiz\keywords\webkeys.py", line 201, in assert_element
    WebDriverWait(self.driver, 3).until(
    ~~~~~~~~~~~~~~~~~~~~~~~~~~~~~~~~~~~^
        EC.visibility_of_element_located(locator)
        ^^^^^^^^^^^^^^^^^^^^^^^^^^^^^^^^^^^^^^^^^
    )
    ^
  File "D:\Python313\Lib\site-packages\selenium\webdriver\support\wait.py", line 138, in until
    raise TimeoutException(message, screen, stacktrace)
selenium.common.exceptions.TimeoutException: Message: 
Stacktrace:
	GetHandleVerifier [0x0x7ff7652e6b25+79621]
	GetHandleVerifier [0x0x7ff7652e6b80+79712]
	(No symbol) [0x0x7ff76507c0ea]
	(No symbol) [0x0x7ff7650d2f56]
	(No symbol) [0x0x7ff7650d320c]
	(No symbol) [0x0x7ff7651265b7]
	(No symbol) [0x0x7ff7650fb17f]
	(No symbol) [0x0x7ff7651233d0]
	(No symbol) [0x0x7ff7650faf13]
	(No symbol) [0x0x7ff7650c4151]
	(No symbol) [0x0x7ff7650c4ee3]
	GetHandleVerifier [0x0x7ff7655a683d+2962461]
	GetHandleVerifier [0x0x7ff7655a0b5d+2938685]
	GetHandleVerifier [0x0x7ff7655bf71d+3064573]
	GetHandleVerifier [0x0x7ff765300c6e+186446]
	GetHandleVerifier [0x0x7ff765308a3f+218655]
	GetHandleVerifier [0x0x7ff7652ef914+115956]
	GetHandleVerifier [0x0x7ff7652efac9+116393]
	GetHandleVerifier [0x0x7ff7652d5ef8+10968]
	BaseThreadInitThunk [0x0x7fff1474259d+29]
	RtlUserThreadStart [0x0x7fff14b4af38+40]


During handling of the above exception, another exception occurred:

Traceback (most recent call last):
  File "D:\PythonStoreHouse\auto_test_quiz\ddt\test_web_2.py", line 81, in test_suite
    res = self.run_step(params)
  File "D:\Python313\Lib\site-packages\allure_commons\_allure.py", line 202, in impl
    return func(*a, **kw)
  File "D:\PythonStoreHouse\auto_test_quiz\ddt\test_web_2.py", line 34, in run_step
    return func(*args[1:])
  File "D:\PythonStoreHouse\auto_test_quiz\keywords\webkeys.py", line 206, in assert_element
    raise AssertionError(f"元素 {lo} 在3秒内未可见")
AssertionError: 元素 //div[@id='row2']/input 在3秒内未可见
2025-08-15 23:11:44,994 - INFO - webkeys.py - 258 - 页面已成功刷新
2025-08-15 23:11:52,713 - ERROR - test_web_2.py - 96 - [ElementNotInteractable] 元素不可交互: $Save
Traceback (most recent call last):
  File "D:\PythonStoreHouse\auto_test_quiz\keywords\webkeys.py", line 142, in click
    ele.click()
    ~~~~~~~~~^^
  File "D:\Python313\Lib\site-packages\selenium\webdriver\remote\webelement.py", line 120, in click
    self._execute(Command.CLICK_ELEMENT)
    ~~~~~~~~~~~~~^^^^^^^^^^^^^^^^^^^^^^^
  File "D:\Python313\Lib\site-packages\selenium\webdriver\remote\webelement.py", line 573, in _execute
    return self._parent.execute(command, params)
           ~~~~~~~~~~~~~~~~~~~~^^^^^^^^^^^^^^^^^
  File "D:\Python313\Lib\site-packages\selenium\webdriver\remote\webdriver.py", line 458, in execute
    self.error_handler.check_response(response)
    ~~~~~~~~~~~~~~~~~~~~~~~~~~~~~~~~~^^^^^^^^^^
  File "D:\Python313\Lib\site-packages\selenium\webdriver\remote\errorhandler.py", line 232, in check_response
    raise exception_class(message, screen, stacktrace)
selenium.common.exceptions.ElementNotInteractableException: Message: element not interactable
  (Session info: chrome=139.0.7258.67); For documentation on this error, please visit: https://www.selenium.dev/documentation/webdriver/troubleshooting/errors#elementnotinteractableexception
Stacktrace:
	GetHandleVerifier [0x0x7ff7652e6b25+79621]
	GetHandleVerifier [0x0x7ff7652e6b80+79712]
	(No symbol) [0x0x7ff76507bf1c]
	(No symbol) [0x0x7ff7650d4454]
	(No symbol) [0x0x7ff7650c6078]
	(No symbol) [0x0x7ff7650fb13a]
	(No symbol) [0x0x7ff7650c5926]
	(No symbol) [0x0x7ff7650fb350]
	(No symbol) [0x0x7ff7651233d0]
	(No symbol) [0x0x7ff7650faf13]
	(No symbol) [0x0x7ff7650c4151]
	(No symbol) [0x0x7ff7650c4ee3]
	GetHandleVerifier [0x0x7ff7655a683d+2962461]
	GetHandleVerifier [0x0x7ff7655a0b5d+2938685]
	GetHandleVerifier [0x0x7ff7655bf71d+3064573]
	GetHandleVerifier [0x0x7ff765300c6e+186446]
	GetHandleVerifier [0x0x7ff765308a3f+218655]
	GetHandleVerifier [0x0x7ff7652ef914+115956]
	GetHandleVerifier [0x0x7ff7652efac9+116393]
	GetHandleVerifier [0x0x7ff7652d5ef8+10968]
	BaseThreadInitThunk [0x0x7fff1474259d+29]
	RtlUserThreadStart [0x0x7fff14b4af38+40]


The above exception was the direct cause of the following exception:

Traceback (most recent call last):
  File "D:\PythonStoreHouse\auto_test_quiz\ddt\test_web_2.py", line 81, in test_suite
    res = self.run_step(params)
  File "D:\Python313\Lib\site-packages\allure_commons\_allure.py", line 202, in impl
    return func(*a, **kw)
  File "D:\PythonStoreHouse\auto_test_quiz\ddt\test_web_2.py", line 34, in run_step
    return func(*args[1:])
  File "D:\PythonStoreHouse\auto_test_quiz\keywords\webkeys.py", line 144, in click
    raise AssertionError(f"[ElementNotInteractable] 元素不可交互: {lo}") from e
AssertionError: [ElementNotInteractable] 元素不可交互: $Save
2025-08-15 23:14:14,120 - INFO - webkeys.py - 179 - 断言，实际结果：https://practicetestautomation.com/logged-in-successfully/   --- 期望值：practicetestautomation.com/logged-in-successfully/
2025-08-15 23:14:22,958 - ERROR - test_web_2.py - 96 - [NoSuchElement] 元素定位失败: //div[@id='row2']/input
Traceback (most recent call last):
  File "D:\PythonStoreHouse\auto_test_quiz\keywords\webkeys.py", line 93, in __find_ele
    ele = self.driver.find_element('xpath', lo)
  File "D:\Python313\Lib\site-packages\selenium\webdriver\remote\webdriver.py", line 926, in find_element
    return self.execute(Command.FIND_ELEMENT, {"using": by, "value": value})["value"]
           ~~~~~~~~~~~~^^^^^^^^^^^^^^^^^^^^^^^^^^^^^^^^^^^^^^^^^^^^^^^^^^^^^
  File "D:\Python313\Lib\site-packages\selenium\webdriver\remote\webdriver.py", line 458, in execute
    self.error_handler.check_response(response)
    ~~~~~~~~~~~~~~~~~~~~~~~~~~~~~~~~~^^^^^^^^^^
  File "D:\Python313\Lib\site-packages\selenium\webdriver\remote\errorhandler.py", line 232, in check_response
    raise exception_class(message, screen, stacktrace)
selenium.common.exceptions.NoSuchElementException: Message: no such element: Unable to locate element: {"method":"xpath","selector":"//div[@id='row2']/input"}
  (Session info: chrome=139.0.7258.67); For documentation on this error, please visit: https://www.selenium.dev/documentation/webdriver/troubleshooting/errors#nosuchelementexception
Stacktrace:
	GetHandleVerifier [0x0x7ff7652e6b25+79621]
	GetHandleVerifier [0x0x7ff7652e6b80+79712]
	(No symbol) [0x0x7ff76507c0ea]
	(No symbol) [0x0x7ff7650d2f56]
	(No symbol) [0x0x7ff7650d320c]
	(No symbol) [0x0x7ff7651265b7]
	(No symbol) [0x0x7ff7650fb17f]
	(No symbol) [0x0x7ff7651233d0]
	(No symbol) [0x0x7ff7650faf13]
	(No symbol) [0x0x7ff7650c4151]
	(No symbol) [0x0x7ff7650c4ee3]
	GetHandleVerifier [0x0x7ff7655a683d+2962461]
	GetHandleVerifier [0x0x7ff7655a0b5d+2938685]
	GetHandleVerifier [0x0x7ff7655bf71d+3064573]
	GetHandleVerifier [0x0x7ff765300c6e+186446]
	GetHandleVerifier [0x0x7ff765308a3f+218655]
	GetHandleVerifier [0x0x7ff7652ef914+115956]
	GetHandleVerifier [0x0x7ff7652efac9+116393]
	GetHandleVerifier [0x0x7ff7652d5ef8+10968]
	BaseThreadInitThunk [0x0x7fff1474259d+29]
	RtlUserThreadStart [0x0x7fff14b4af38+40]


The above exception was the direct cause of the following exception:

Traceback (most recent call last):
  File "D:\PythonStoreHouse\auto_test_quiz\ddt\test_web_2.py", line 81, in test_suite
    res = self.run_step(params)
  File "D:\Python313\Lib\site-packages\allure_commons\_allure.py", line 202, in impl
    return func(*a, **kw)
  File "D:\PythonStoreHouse\auto_test_quiz\ddt\test_web_2.py", line 34, in run_step
    return func(*args[1:])
  File "D:\PythonStoreHouse\auto_test_quiz\keywords\webkeys.py", line 118, in input
    ele = self.__find_ele(lo)
  File "D:\PythonStoreHouse\auto_test_quiz\keywords\webkeys.py", line 108, in __find_ele
    raise AssertionError(f"[NoSuchElement] 元素定位失败: {lo}") from e
AssertionError: [NoSuchElement] 元素定位失败: //div[@id='row2']/input
2025-08-15 23:14:24,006 - INFO - webkeys.py - 258 - 页面已成功刷新
2025-08-15 23:14:31,742 - ERROR - test_web_2.py - 96 - [ElementNotInteractable] 元素不可交互: $Save
Traceback (most recent call last):
  File "D:\PythonStoreHouse\auto_test_quiz\keywords\webkeys.py", line 142, in click
    ele.click()
    ~~~~~~~~~^^
  File "D:\Python313\Lib\site-packages\selenium\webdriver\remote\webelement.py", line 120, in click
    self._execute(Command.CLICK_ELEMENT)
    ~~~~~~~~~~~~~^^^^^^^^^^^^^^^^^^^^^^^
  File "D:\Python313\Lib\site-packages\selenium\webdriver\remote\webelement.py", line 573, in _execute
    return self._parent.execute(command, params)
           ~~~~~~~~~~~~~~~~~~~~^^^^^^^^^^^^^^^^^
  File "D:\Python313\Lib\site-packages\selenium\webdriver\remote\webdriver.py", line 458, in execute
    self.error_handler.check_response(response)
    ~~~~~~~~~~~~~~~~~~~~~~~~~~~~~~~~~^^^^^^^^^^
  File "D:\Python313\Lib\site-packages\selenium\webdriver\remote\errorhandler.py", line 232, in check_response
    raise exception_class(message, screen, stacktrace)
selenium.common.exceptions.ElementNotInteractableException: Message: element not interactable
  (Session info: chrome=139.0.7258.67); For documentation on this error, please visit: https://www.selenium.dev/documentation/webdriver/troubleshooting/errors#elementnotinteractableexception
Stacktrace:
	GetHandleVerifier [0x0x7ff7652e6b25+79621]
	GetHandleVerifier [0x0x7ff7652e6b80+79712]
	(No symbol) [0x0x7ff76507bf1c]
	(No symbol) [0x0x7ff7650d4454]
	(No symbol) [0x0x7ff7650c6078]
	(No symbol) [0x0x7ff7650fb13a]
	(No symbol) [0x0x7ff7650c5926]
	(No symbol) [0x0x7ff7650fb350]
	(No symbol) [0x0x7ff7651233d0]
	(No symbol) [0x0x7ff7650faf13]
	(No symbol) [0x0x7ff7650c4151]
	(No symbol) [0x0x7ff7650c4ee3]
	GetHandleVerifier [0x0x7ff7655a683d+2962461]
	GetHandleVerifier [0x0x7ff7655a0b5d+2938685]
	GetHandleVerifier [0x0x7ff7655bf71d+3064573]
	GetHandleVerifier [0x0x7ff765300c6e+186446]
	GetHandleVerifier [0x0x7ff765308a3f+218655]
	GetHandleVerifier [0x0x7ff7652ef914+115956]
	GetHandleVerifier [0x0x7ff7652efac9+116393]
	GetHandleVerifier [0x0x7ff7652d5ef8+10968]
	BaseThreadInitThunk [0x0x7fff1474259d+29]
	RtlUserThreadStart [0x0x7fff14b4af38+40]


The above exception was the direct cause of the following exception:

Traceback (most recent call last):
  File "D:\PythonStoreHouse\auto_test_quiz\ddt\test_web_2.py", line 81, in test_suite
    res = self.run_step(params)
  File "D:\Python313\Lib\site-packages\allure_commons\_allure.py", line 202, in impl
    return func(*a, **kw)
  File "D:\PythonStoreHouse\auto_test_quiz\ddt\test_web_2.py", line 34, in run_step
    return func(*args[1:])
  File "D:\PythonStoreHouse\auto_test_quiz\keywords\webkeys.py", line 144, in click
    raise AssertionError(f"[ElementNotInteractable] 元素不可交互: {lo}") from e
AssertionError: [ElementNotInteractable] 元素不可交互: $Save
2025-08-15 23:22:36,371 - INFO - webkeys.py - 179 - 断言，实际结果：https://practicetestautomation.com/logged-in-successfully/   --- 期望值：practicetestautomation.com/logged-in-successfully/
2025-08-15 23:22:51,602 - ERROR - test_web_2.py - 96 - [NoSuchElement] 元素定位失败: //div[@id='row2']/input
Traceback (most recent call last):
  File "D:\PythonStoreHouse\auto_test_quiz\keywords\webkeys.py", line 93, in __find_ele
    ele = self.driver.find_element('xpath', lo)
  File "D:\Python313\Lib\site-packages\selenium\webdriver\remote\webdriver.py", line 926, in find_element
    return self.execute(Command.FIND_ELEMENT, {"using": by, "value": value})["value"]
           ~~~~~~~~~~~~^^^^^^^^^^^^^^^^^^^^^^^^^^^^^^^^^^^^^^^^^^^^^^^^^^^^^
  File "D:\Python313\Lib\site-packages\selenium\webdriver\remote\webdriver.py", line 458, in execute
    self.error_handler.check_response(response)
    ~~~~~~~~~~~~~~~~~~~~~~~~~~~~~~~~~^^^^^^^^^^
  File "D:\Python313\Lib\site-packages\selenium\webdriver\remote\errorhandler.py", line 232, in check_response
    raise exception_class(message, screen, stacktrace)
selenium.common.exceptions.NoSuchElementException: Message: no such element: Unable to locate element: {"method":"xpath","selector":"//div[@id='row2']/input"}
  (Session info: chrome=139.0.7258.67); For documentation on this error, please visit: https://www.selenium.dev/documentation/webdriver/troubleshooting/errors#nosuchelementexception
Stacktrace:
	GetHandleVerifier [0x0x7ff7652e6b25+79621]
	GetHandleVerifier [0x0x7ff7652e6b80+79712]
	(No symbol) [0x0x7ff76507c0ea]
	(No symbol) [0x0x7ff7650d2f56]
	(No symbol) [0x0x7ff7650d320c]
	(No symbol) [0x0x7ff7651265b7]
	(No symbol) [0x0x7ff7650fb17f]
	(No symbol) [0x0x7ff7651233d0]
	(No symbol) [0x0x7ff7650faf13]
	(No symbol) [0x0x7ff7650c4151]
	(No symbol) [0x0x7ff7650c4ee3]
	GetHandleVerifier [0x0x7ff7655a683d+2962461]
	GetHandleVerifier [0x0x7ff7655a0b5d+2938685]
	GetHandleVerifier [0x0x7ff7655bf71d+3064573]
	GetHandleVerifier [0x0x7ff765300c6e+186446]
	GetHandleVerifier [0x0x7ff765308a3f+218655]
	GetHandleVerifier [0x0x7ff7652ef914+115956]
	GetHandleVerifier [0x0x7ff7652efac9+116393]
	GetHandleVerifier [0x0x7ff7652d5ef8+10968]
	BaseThreadInitThunk [0x0x7fff1474259d+29]
	RtlUserThreadStart [0x0x7fff14b4af38+40]


The above exception was the direct cause of the following exception:

Traceback (most recent call last):
  File "D:\PythonStoreHouse\auto_test_quiz\ddt\test_web_2.py", line 81, in test_suite
    res = self.run_step(params)
  File "D:\Python313\Lib\site-packages\allure_commons\_allure.py", line 202, in impl
    return func(*a, **kw)
  File "D:\PythonStoreHouse\auto_test_quiz\ddt\test_web_2.py", line 34, in run_step
    return func(*args[1:])
  File "D:\PythonStoreHouse\auto_test_quiz\keywords\webkeys.py", line 118, in input
    ele = self.__find_ele(lo)
  File "D:\PythonStoreHouse\auto_test_quiz\keywords\webkeys.py", line 108, in __find_ele
    raise AssertionError(f"[NoSuchElement] 元素定位失败: {lo}") from e
AssertionError: [NoSuchElement] 元素定位失败: //div[@id='row2']/input
2025-08-15 23:22:53,564 - INFO - webkeys.py - 258 - 页面已成功刷新
2025-08-15 23:23:01,279 - ERROR - test_web_2.py - 96 - [ElementNotInteractable] 元素不可交互: $Save
Traceback (most recent call last):
  File "D:\PythonStoreHouse\auto_test_quiz\keywords\webkeys.py", line 142, in click
    ele.click()
    ~~~~~~~~~^^
  File "D:\Python313\Lib\site-packages\selenium\webdriver\remote\webelement.py", line 120, in click
    self._execute(Command.CLICK_ELEMENT)
    ~~~~~~~~~~~~~^^^^^^^^^^^^^^^^^^^^^^^
  File "D:\Python313\Lib\site-packages\selenium\webdriver\remote\webelement.py", line 573, in _execute
    return self._parent.execute(command, params)
           ~~~~~~~~~~~~~~~~~~~~^^^^^^^^^^^^^^^^^
  File "D:\Python313\Lib\site-packages\selenium\webdriver\remote\webdriver.py", line 458, in execute
    self.error_handler.check_response(response)
    ~~~~~~~~~~~~~~~~~~~~~~~~~~~~~~~~~^^^^^^^^^^
  File "D:\Python313\Lib\site-packages\selenium\webdriver\remote\errorhandler.py", line 232, in check_response
    raise exception_class(message, screen, stacktrace)
selenium.common.exceptions.ElementNotInteractableException: Message: element not interactable
  (Session info: chrome=139.0.7258.67); For documentation on this error, please visit: https://www.selenium.dev/documentation/webdriver/troubleshooting/errors#elementnotinteractableexception
Stacktrace:
	GetHandleVerifier [0x0x7ff7652e6b25+79621]
	GetHandleVerifier [0x0x7ff7652e6b80+79712]
	(No symbol) [0x0x7ff76507bf1c]
	(No symbol) [0x0x7ff7650d4454]
	(No symbol) [0x0x7ff7650c6078]
	(No symbol) [0x0x7ff7650fb13a]
	(No symbol) [0x0x7ff7650c5926]
	(No symbol) [0x0x7ff7650fb350]
	(No symbol) [0x0x7ff7651233d0]
	(No symbol) [0x0x7ff7650faf13]
	(No symbol) [0x0x7ff7650c4151]
	(No symbol) [0x0x7ff7650c4ee3]
	GetHandleVerifier [0x0x7ff7655a683d+2962461]
	GetHandleVerifier [0x0x7ff7655a0b5d+2938685]
	GetHandleVerifier [0x0x7ff7655bf71d+3064573]
	GetHandleVerifier [0x0x7ff765300c6e+186446]
	GetHandleVerifier [0x0x7ff765308a3f+218655]
	GetHandleVerifier [0x0x7ff7652ef914+115956]
	GetHandleVerifier [0x0x7ff7652efac9+116393]
	GetHandleVerifier [0x0x7ff7652d5ef8+10968]
	BaseThreadInitThunk [0x0x7fff1474259d+29]
	RtlUserThreadStart [0x0x7fff14b4af38+40]


The above exception was the direct cause of the following exception:

Traceback (most recent call last):
  File "D:\PythonStoreHouse\auto_test_quiz\ddt\test_web_2.py", line 81, in test_suite
    res = self.run_step(params)
  File "D:\Python313\Lib\site-packages\allure_commons\_allure.py", line 202, in impl
    return func(*a, **kw)
  File "D:\PythonStoreHouse\auto_test_quiz\ddt\test_web_2.py", line 34, in run_step
    return func(*args[1:])
  File "D:\PythonStoreHouse\auto_test_quiz\keywords\webkeys.py", line 144, in click
    raise AssertionError(f"[ElementNotInteractable] 元素不可交互: {lo}") from e
AssertionError: [ElementNotInteractable] 元素不可交互: $Save
2025-08-15 23:23:02,073 - INFO - webkeys.py - 258 - 页面已成功刷新
2025-08-15 23:23:02,280 - ERROR - test_web_2.py - 116 - Message: invalid element state: Element is not currently interactable and may not be manipulated
  (Session info: chrome=139.0.7258.67)
Stacktrace:
	GetHandleVerifier [0x0x7ff7652e6b25+79621]
	GetHandleVerifier [0x0x7ff7652e6b80+79712]
	(No symbol) [0x0x7ff76507c0ea]
	(No symbol) [0x0x7ff765083ab1]
	(No symbol) [0x0x7ff765086b0c]
	(No symbol) [0x0x7ff765086bdf]
	(No symbol) [0x0x7ff7650c8dc7]
	(No symbol) [0x0x7ff7650fb13a]
	(No symbol) [0x0x7ff7650c5926]
	(No symbol) [0x0x7ff7650fb350]
	(No symbol) [0x0x7ff7651233d0]
	(No symbol) [0x0x7ff7650faf13]
	(No symbol) [0x0x7ff7650c4151]
	(No symbol) [0x0x7ff7650c4ee3]
	GetHandleVerifier [0x0x7ff7655a683d+2962461]
	GetHandleVerifier [0x0x7ff7655a0b5d+2938685]
	GetHandleVerifier [0x0x7ff7655bf71d+3064573]
	GetHandleVerifier [0x0x7ff765300c6e+186446]
	GetHandleVerifier [0x0x7ff765308a3f+218655]
	GetHandleVerifier [0x0x7ff7652ef914+115956]
	GetHandleVerifier [0x0x7ff7652efac9+116393]
	GetHandleVerifier [0x0x7ff7652d5ef8+10968]
	BaseThreadInitThunk [0x0x7fff1474259d+29]
	RtlUserThreadStart [0x0x7fff14b4af38+40]
Traceback (most recent call last):
  File "D:\PythonStoreHouse\auto_test_quiz\ddt\test_web_2.py", line 81, in test_suite
    res = self.run_step(params)
  File "D:\Python313\Lib\site-packages\allure_commons\_allure.py", line 202, in impl
    return func(*a, **kw)
  File "D:\PythonStoreHouse\auto_test_quiz\ddt\test_web_2.py", line 34, in run_step
    return func(*args[1:])
  File "D:\PythonStoreHouse\auto_test_quiz\keywords\webkeys.py", line 132, in clear
    ele.clear()
    ~~~~~~~~~^^
  File "D:\Python313\Lib\site-packages\selenium\webdriver\remote\webelement.py", line 155, in clear
    self._execute(Command.CLEAR_ELEMENT)
    ~~~~~~~~~~~~~^^^^^^^^^^^^^^^^^^^^^^^
  File "D:\Python313\Lib\site-packages\selenium\webdriver\remote\webelement.py", line 573, in _execute
    return self._parent.execute(command, params)
           ~~~~~~~~~~~~~~~~~~~~^^^^^^^^^^^^^^^^^
  File "D:\Python313\Lib\site-packages\selenium\webdriver\remote\webdriver.py", line 458, in execute
    self.error_handler.check_response(response)
    ~~~~~~~~~~~~~~~~~~~~~~~~~~~~~~~~~^^^^^^^^^^
  File "D:\Python313\Lib\site-packages\selenium\webdriver\remote\errorhandler.py", line 232, in check_response
    raise exception_class(message, screen, stacktrace)
selenium.common.exceptions.InvalidElementStateException: Message: invalid element state: Element is not currently interactable and may not be manipulated
  (Session info: chrome=139.0.7258.67)
Stacktrace:
	GetHandleVerifier [0x0x7ff7652e6b25+79621]
	GetHandleVerifier [0x0x7ff7652e6b80+79712]
	(No symbol) [0x0x7ff76507c0ea]
	(No symbol) [0x0x7ff765083ab1]
	(No symbol) [0x0x7ff765086b0c]
	(No symbol) [0x0x7ff765086bdf]
	(No symbol) [0x0x7ff7650c8dc7]
	(No symbol) [0x0x7ff7650fb13a]
	(No symbol) [0x0x7ff7650c5926]
	(No symbol) [0x0x7ff7650fb350]
	(No symbol) [0x0x7ff7651233d0]
	(No symbol) [0x0x7ff7650faf13]
	(No symbol) [0x0x7ff7650c4151]
	(No symbol) [0x0x7ff7650c4ee3]
	GetHandleVerifier [0x0x7ff7655a683d+2962461]
	GetHandleVerifier [0x0x7ff7655a0b5d+2938685]
	GetHandleVerifier [0x0x7ff7655bf71d+3064573]
	GetHandleVerifier [0x0x7ff765300c6e+186446]
	GetHandleVerifier [0x0x7ff765308a3f+218655]
	GetHandleVerifier [0x0x7ff7652ef914+115956]
	GetHandleVerifier [0x0x7ff7652efac9+116393]
	GetHandleVerifier [0x0x7ff7652d5ef8+10968]
	BaseThreadInitThunk [0x0x7fff1474259d+29]
	RtlUserThreadStart [0x0x7fff14b4af38+40]

2025-08-15 23:30:52,563 - ERROR - test_web_2.py - 116 - 'NoneType' object has no attribute 'get'
Traceback (most recent call last):
  File "D:\PythonStoreHouse\auto_test_quiz\ddt\test_web_2.py", line 81, in test_suite
    res = self.run_step(params)
  File "D:\Python313\Lib\site-packages\allure_commons\_allure.py", line 202, in impl
    return func(*a, **kw)
  File "D:\PythonStoreHouse\auto_test_quiz\ddt\test_web_2.py", line 34, in run_step
    return func(*args[1:])
  File "D:\PythonStoreHouse\auto_test_quiz\keywords\webkeys.py", line 82, in geturl
    self.driver.get(url)
    ^^^^^^^^^^^^^^^
AttributeError: 'NoneType' object has no attribute 'get'
2025-08-15 23:30:52,581 - ERROR - test_web_2.py - 96 - 【刷新失败】浏览器未打开，请先执行open_browser步骤
Traceback (most recent call last):
  File "D:\PythonStoreHouse\auto_test_quiz\ddt\test_web_2.py", line 81, in test_suite
    res = self.run_step(params)
  File "D:\Python313\Lib\site-packages\allure_commons\_allure.py", line 202, in impl
    return func(*a, **kw)
  File "D:\PythonStoreHouse\auto_test_quiz\ddt\test_web_2.py", line 34, in run_step
    return func(*args[1:])
  File "D:\PythonStoreHouse\auto_test_quiz\keywords\webkeys.py", line 253, in refresh
    raise AssertionError("【刷新失败】浏览器未打开，请先执行open_browser步骤")
AssertionError: 【刷新失败】浏览器未打开，请先执行open_browser步骤
2025-08-15 23:30:52,598 - ERROR - test_web_2.py - 96 - 【刷新失败】浏览器未打开，请先执行open_browser步骤
Traceback (most recent call last):
  File "D:\PythonStoreHouse\auto_test_quiz\ddt\test_web_2.py", line 81, in test_suite
    res = self.run_step(params)
  File "D:\Python313\Lib\site-packages\allure_commons\_allure.py", line 202, in impl
    return func(*a, **kw)
  File "D:\PythonStoreHouse\auto_test_quiz\ddt\test_web_2.py", line 34, in run_step
    return func(*args[1:])
  File "D:\PythonStoreHouse\auto_test_quiz\keywords\webkeys.py", line 253, in refresh
    raise AssertionError("【刷新失败】浏览器未打开，请先执行open_browser步骤")
AssertionError: 【刷新失败】浏览器未打开，请先执行open_browser步骤
2025-08-15 23:31:06,603 - INFO - webkeys.py - 179 - 断言，实际结果：https://practicetestautomation.com/logged-in-successfully/   --- 期望值：practicetestautomation.com/logged-in-successfully/
2025-08-15 23:31:14,921 - ERROR - test_web_2.py - 96 - [NoSuchElement] 元素定位失败: //div[@id='row2']/input
Traceback (most recent call last):
  File "D:\PythonStoreHouse\auto_test_quiz\keywords\webkeys.py", line 93, in __find_ele
    ele = self.driver.find_element('xpath', lo)
  File "D:\Python313\Lib\site-packages\selenium\webdriver\remote\webdriver.py", line 926, in find_element
    return self.execute(Command.FIND_ELEMENT, {"using": by, "value": value})["value"]
           ~~~~~~~~~~~~^^^^^^^^^^^^^^^^^^^^^^^^^^^^^^^^^^^^^^^^^^^^^^^^^^^^^
  File "D:\Python313\Lib\site-packages\selenium\webdriver\remote\webdriver.py", line 458, in execute
    self.error_handler.check_response(response)
    ~~~~~~~~~~~~~~~~~~~~~~~~~~~~~~~~~^^^^^^^^^^
  File "D:\Python313\Lib\site-packages\selenium\webdriver\remote\errorhandler.py", line 232, in check_response
    raise exception_class(message, screen, stacktrace)
selenium.common.exceptions.NoSuchElementException: Message: no such element: Unable to locate element: {"method":"xpath","selector":"//div[@id='row2']/input"}
  (Session info: MicrosoftEdge=139.0.3405.86); For documentation on this error, please visit: https://www.selenium.dev/documentation/webdriver/troubleshooting/errors#nosuchelementexception
Stacktrace:
	GetHandleVerifier [0x0x7ff6dec0e785+22117]
	(No symbol) [0x0x7ff6deb5ee00]
	GetHandleVerifier [0x0x7ff6dee94c2c+2669324]
	(No symbol) [0x0x7ff6de97928b]
	(No symbol) [0x0x7ff6de97957b]
	(No symbol) [0x0x7ff6de9b9b47]
	(No symbol) [0x0x7ff6de99a82f]
	(No symbol) [0x0x7ff6de96f68d]
	(No symbol) [0x0x7ff6de9b762f]
	(No symbol) [0x0x7ff6de99a553]
	(No symbol) [0x0x7ff6de96eb86]
	(No symbol) [0x0x7ff6de96de11]
	(No symbol) [0x0x7ff6de96e9b3]
	(No symbol) [0x0x7ff6dea6907d]
	(No symbol) [0x0x7ff6dea75fe8]
	GetHandleVerifier [0x0x7ff6decef277+942423]
	GetHandleVerifier [0x0x7ff6decf8221+979201]
	(No symbol) [0x0x7ff6deb6c3b1]
	(No symbol) [0x0x7ff6deb64d64]
	(No symbol) [0x0x7ff6deb64eb3]
	(No symbol) [0x0x7ff6deb57016]
	BaseThreadInitThunk [0x0x7fff1474259d+29]
	RtlUserThreadStart [0x0x7fff14b4af38+40]


The above exception was the direct cause of the following exception:

Traceback (most recent call last):
  File "D:\PythonStoreHouse\auto_test_quiz\ddt\test_web_2.py", line 81, in test_suite
    res = self.run_step(params)
  File "D:\Python313\Lib\site-packages\allure_commons\_allure.py", line 202, in impl
    return func(*a, **kw)
  File "D:\PythonStoreHouse\auto_test_quiz\ddt\test_web_2.py", line 34, in run_step
    return func(*args[1:])
  File "D:\PythonStoreHouse\auto_test_quiz\keywords\webkeys.py", line 118, in input
    ele = self.__find_ele(lo)
  File "D:\PythonStoreHouse\auto_test_quiz\keywords\webkeys.py", line 108, in __find_ele
    raise AssertionError(f"[NoSuchElement] 元素定位失败: {lo}") from e
AssertionError: [NoSuchElement] 元素定位失败: //div[@id='row2']/input
2025-08-15 23:31:16,020 - INFO - webkeys.py - 258 - 页面已成功刷新
2025-08-15 23:31:23,796 - ERROR - test_web_2.py - 96 - [ElementNotInteractable] 元素不可交互: $Save
Traceback (most recent call last):
  File "D:\PythonStoreHouse\auto_test_quiz\keywords\webkeys.py", line 142, in click
    ele.click()
    ~~~~~~~~~^^
  File "D:\Python313\Lib\site-packages\selenium\webdriver\remote\webelement.py", line 120, in click
    self._execute(Command.CLICK_ELEMENT)
    ~~~~~~~~~~~~~^^^^^^^^^^^^^^^^^^^^^^^
  File "D:\Python313\Lib\site-packages\selenium\webdriver\remote\webelement.py", line 573, in _execute
    return self._parent.execute(command, params)
           ~~~~~~~~~~~~~~~~~~~~^^^^^^^^^^^^^^^^^
  File "D:\Python313\Lib\site-packages\selenium\webdriver\remote\webdriver.py", line 458, in execute
    self.error_handler.check_response(response)
    ~~~~~~~~~~~~~~~~~~~~~~~~~~~~~~~~~^^^^^^^^^^
  File "D:\Python313\Lib\site-packages\selenium\webdriver\remote\errorhandler.py", line 232, in check_response
    raise exception_class(message, screen, stacktrace)
selenium.common.exceptions.ElementNotInteractableException: Message: element not interactable
  (Session info: MicrosoftEdge=139.0.3405.86); For documentation on this error, please visit: https://www.selenium.dev/documentation/webdriver/troubleshooting/errors#elementnotinteractableexception
Stacktrace:
	GetHandleVerifier [0x0x7ff6dec0e785+22117]
	(No symbol) [0x0x7ff6deb5ee00]
	(No symbol) [0x0x7ff6de92cdb0]
	(No symbol) [0x0x7ff6de97a745]
	(No symbol) [0x0x7ff6de96fcfe]
	(No symbol) [0x0x7ff6de99a7ea]
	(No symbol) [0x0x7ff6de96f68d]
	(No symbol) [0x0x7ff6de96f54d]
	(No symbol) [0x0x7ff6de99aab0]
	(No symbol) [0x0x7ff6de96f68d]
	(No symbol) [0x0x7ff6de9b762f]
	(No symbol) [0x0x7ff6de99a553]
	(No symbol) [0x0x7ff6de96eb86]
	(No symbol) [0x0x7ff6de96de11]
	(No symbol) [0x0x7ff6de96e9b3]
	(No symbol) [0x0x7ff6dea6907d]
	(No symbol) [0x0x7ff6dea75fe8]
	GetHandleVerifier [0x0x7ff6decef277+942423]
	GetHandleVerifier [0x0x7ff6decf8221+979201]
	(No symbol) [0x0x7ff6deb6c3b1]
	(No symbol) [0x0x7ff6deb64d64]
	(No symbol) [0x0x7ff6deb64eb3]
	(No symbol) [0x0x7ff6deb57016]
	BaseThreadInitThunk [0x0x7fff1474259d+29]
	RtlUserThreadStart [0x0x7fff14b4af38+40]


The above exception was the direct cause of the following exception:

Traceback (most recent call last):
  File "D:\PythonStoreHouse\auto_test_quiz\ddt\test_web_2.py", line 81, in test_suite
    res = self.run_step(params)
  File "D:\Python313\Lib\site-packages\allure_commons\_allure.py", line 202, in impl
    return func(*a, **kw)
  File "D:\PythonStoreHouse\auto_test_quiz\ddt\test_web_2.py", line 34, in run_step
    return func(*args[1:])
  File "D:\PythonStoreHouse\auto_test_quiz\keywords\webkeys.py", line 144, in click
    raise AssertionError(f"[ElementNotInteractable] 元素不可交互: {lo}") from e
AssertionError: [ElementNotInteractable] 元素不可交互: $Save
2025-08-15 23:31:24,614 - INFO - webkeys.py - 258 - 页面已成功刷新
2025-08-15 23:31:24,866 - ERROR - test_web_2.py - 116 - Message: invalid element state: Element is not currently interactable and may not be manipulated
  (Session info: MicrosoftEdge=139.0.3405.86)
Stacktrace:
	GetHandleVerifier [0x0x7ff6dec0e785+22117]
	(No symbol) [0x0x7ff6deb5ee00]
	GetHandleVerifier [0x0x7ff6dee94c2c+2669324]
	(No symbol) [0x0x7ff6de933794]
	(No symbol) [0x0x7ff6de93602c]
	(No symbol) [0x0x7ff6de9360ff]
	(No symbol) [0x0x7ff6de9720a4]
	(No symbol) [0x0x7ff6de99a7ea]
	(No symbol) [0x0x7ff6de96f68d]
	(No symbol) [0x0x7ff6de96f54d]
	(No symbol) [0x0x7ff6de99aab0]
	(No symbol) [0x0x7ff6de96f68d]
	(No symbol) [0x0x7ff6de9b762f]
	(No symbol) [0x0x7ff6de99a553]
	(No symbol) [0x0x7ff6de96eb86]
	(No symbol) [0x0x7ff6de96de11]
	(No symbol) [0x0x7ff6de96e9b3]
	(No symbol) [0x0x7ff6dea6907d]
	(No symbol) [0x0x7ff6dea75fe8]
	GetHandleVerifier [0x0x7ff6decef277+942423]
	GetHandleVerifier [0x0x7ff6decf8221+979201]
	(No symbol) [0x0x7ff6deb6c3b1]
	(No symbol) [0x0x7ff6deb64d64]
	(No symbol) [0x0x7ff6deb64eb3]
	(No symbol) [0x0x7ff6deb57016]
	BaseThreadInitThunk [0x0x7fff1474259d+29]
	RtlUserThreadStart [0x0x7fff14b4af38+40]
Traceback (most recent call last):
  File "D:\PythonStoreHouse\auto_test_quiz\ddt\test_web_2.py", line 81, in test_suite
    res = self.run_step(params)
  File "D:\Python313\Lib\site-packages\allure_commons\_allure.py", line 202, in impl
    return func(*a, **kw)
  File "D:\PythonStoreHouse\auto_test_quiz\ddt\test_web_2.py", line 34, in run_step
    return func(*args[1:])
  File "D:\PythonStoreHouse\auto_test_quiz\keywords\webkeys.py", line 132, in clear
    ele.clear()
    ~~~~~~~~~^^
  File "D:\Python313\Lib\site-packages\selenium\webdriver\remote\webelement.py", line 155, in clear
    self._execute(Command.CLEAR_ELEMENT)
    ~~~~~~~~~~~~~^^^^^^^^^^^^^^^^^^^^^^^
  File "D:\Python313\Lib\site-packages\selenium\webdriver\remote\webelement.py", line 573, in _execute
    return self._parent.execute(command, params)
           ~~~~~~~~~~~~~~~~~~~~^^^^^^^^^^^^^^^^^
  File "D:\Python313\Lib\site-packages\selenium\webdriver\remote\webdriver.py", line 458, in execute
    self.error_handler.check_response(response)
    ~~~~~~~~~~~~~~~~~~~~~~~~~~~~~~~~~^^^^^^^^^^
  File "D:\Python313\Lib\site-packages\selenium\webdriver\remote\errorhandler.py", line 232, in check_response
    raise exception_class(message, screen, stacktrace)
selenium.common.exceptions.InvalidElementStateException: Message: invalid element state: Element is not currently interactable and may not be manipulated
  (Session info: MicrosoftEdge=139.0.3405.86)
Stacktrace:
	GetHandleVerifier [0x0x7ff6dec0e785+22117]
	(No symbol) [0x0x7ff6deb5ee00]
	GetHandleVerifier [0x0x7ff6dee94c2c+2669324]
	(No symbol) [0x0x7ff6de933794]
	(No symbol) [0x0x7ff6de93602c]
	(No symbol) [0x0x7ff6de9360ff]
	(No symbol) [0x0x7ff6de9720a4]
	(No symbol) [0x0x7ff6de99a7ea]
	(No symbol) [0x0x7ff6de96f68d]
	(No symbol) [0x0x7ff6de96f54d]
	(No symbol) [0x0x7ff6de99aab0]
	(No symbol) [0x0x7ff6de96f68d]
	(No symbol) [0x0x7ff6de9b762f]
	(No symbol) [0x0x7ff6de99a553]
	(No symbol) [0x0x7ff6de96eb86]
	(No symbol) [0x0x7ff6de96de11]
	(No symbol) [0x0x7ff6de96e9b3]
	(No symbol) [0x0x7ff6dea6907d]
	(No symbol) [0x0x7ff6dea75fe8]
	GetHandleVerifier [0x0x7ff6decef277+942423]
	GetHandleVerifier [0x0x7ff6decf8221+979201]
	(No symbol) [0x0x7ff6deb6c3b1]
	(No symbol) [0x0x7ff6deb64d64]
	(No symbol) [0x0x7ff6deb64eb3]
	(No symbol) [0x0x7ff6deb57016]
	BaseThreadInitThunk [0x0x7fff1474259d+29]
	RtlUserThreadStart [0x0x7fff14b4af38+40]

2025-08-15 23:39:35,329 - INFO - webkeys.py - 179 - 断言，实际结果：https://practicetestautomation.com/logged-in-successfully/   --- 期望值：practicetestautomation.com/logged-in-successfully/
2025-08-15 23:39:43,986 - ERROR - test_web_2.py - 96 - [NoSuchElement] 元素定位失败: //div[@id='row2']/input
Traceback (most recent call last):
  File "D:\PythonStoreHouse\auto_test_quiz\keywords\webkeys.py", line 93, in __find_ele
    ele = self.driver.find_element('xpath', lo)
  File "D:\Python313\Lib\site-packages\selenium\webdriver\remote\webdriver.py", line 926, in find_element
    return self.execute(Command.FIND_ELEMENT, {"using": by, "value": value})["value"]
           ~~~~~~~~~~~~^^^^^^^^^^^^^^^^^^^^^^^^^^^^^^^^^^^^^^^^^^^^^^^^^^^^^
  File "D:\Python313\Lib\site-packages\selenium\webdriver\remote\webdriver.py", line 458, in execute
    self.error_handler.check_response(response)
    ~~~~~~~~~~~~~~~~~~~~~~~~~~~~~~~~~^^^^^^^^^^
  File "D:\Python313\Lib\site-packages\selenium\webdriver\remote\errorhandler.py", line 232, in check_response
    raise exception_class(message, screen, stacktrace)
selenium.common.exceptions.NoSuchElementException: Message: no such element: Unable to locate element: {"method":"xpath","selector":"//div[@id='row2']/input"}
  (Session info: MicrosoftEdge=139.0.3405.86); For documentation on this error, please visit: https://www.selenium.dev/documentation/webdriver/troubleshooting/errors#nosuchelementexception
Stacktrace:
	GetHandleVerifier [0x0x7ff6dec0e785+22117]
	(No symbol) [0x0x7ff6deb5ee00]
	GetHandleVerifier [0x0x7ff6dee94c2c+2669324]
	(No symbol) [0x0x7ff6de97928b]
	(No symbol) [0x0x7ff6de97957b]
	(No symbol) [0x0x7ff6de9b9b47]
	(No symbol) [0x0x7ff6de99a82f]
	(No symbol) [0x0x7ff6de96f68d]
	(No symbol) [0x0x7ff6de9b762f]
	(No symbol) [0x0x7ff6de99a553]
	(No symbol) [0x0x7ff6de96eb86]
	(No symbol) [0x0x7ff6de96de11]
	(No symbol) [0x0x7ff6de96e9b3]
	(No symbol) [0x0x7ff6dea6907d]
	(No symbol) [0x0x7ff6dea75fe8]
	GetHandleVerifier [0x0x7ff6decef277+942423]
	GetHandleVerifier [0x0x7ff6decf8221+979201]
	(No symbol) [0x0x7ff6deb6c3b1]
	(No symbol) [0x0x7ff6deb64d64]
	(No symbol) [0x0x7ff6deb64eb3]
	(No symbol) [0x0x7ff6deb57016]
	BaseThreadInitThunk [0x0x7fff1474259d+29]
	RtlUserThreadStart [0x0x7fff14b4af38+40]


The above exception was the direct cause of the following exception:

Traceback (most recent call last):
  File "D:\PythonStoreHouse\auto_test_quiz\ddt\test_web_2.py", line 81, in test_suite
    res = self.run_step(params)
  File "D:\Python313\Lib\site-packages\allure_commons\_allure.py", line 202, in impl
    return func(*a, **kw)
  File "D:\PythonStoreHouse\auto_test_quiz\ddt\test_web_2.py", line 34, in run_step
    return func(*args[1:])
  File "D:\PythonStoreHouse\auto_test_quiz\keywords\webkeys.py", line 118, in input
    ele = self.__find_ele(lo)
  File "D:\PythonStoreHouse\auto_test_quiz\keywords\webkeys.py", line 108, in __find_ele
    raise AssertionError(f"[NoSuchElement] 元素定位失败: {lo}") from e
AssertionError: [NoSuchElement] 元素定位失败: //div[@id='row2']/input
2025-08-15 23:39:45,230 - INFO - webkeys.py - 258 - 页面已成功刷新
2025-08-15 23:39:53,043 - ERROR - test_web_2.py - 96 - [ElementNotInteractable] 元素不可交互: $Save
Traceback (most recent call last):
  File "D:\PythonStoreHouse\auto_test_quiz\keywords\webkeys.py", line 142, in click
    ele.click()
    ~~~~~~~~~^^
  File "D:\Python313\Lib\site-packages\selenium\webdriver\remote\webelement.py", line 120, in click
    self._execute(Command.CLICK_ELEMENT)
    ~~~~~~~~~~~~~^^^^^^^^^^^^^^^^^^^^^^^
  File "D:\Python313\Lib\site-packages\selenium\webdriver\remote\webelement.py", line 573, in _execute
    return self._parent.execute(command, params)
           ~~~~~~~~~~~~~~~~~~~~^^^^^^^^^^^^^^^^^
  File "D:\Python313\Lib\site-packages\selenium\webdriver\remote\webdriver.py", line 458, in execute
    self.error_handler.check_response(response)
    ~~~~~~~~~~~~~~~~~~~~~~~~~~~~~~~~~^^^^^^^^^^
  File "D:\Python313\Lib\site-packages\selenium\webdriver\remote\errorhandler.py", line 232, in check_response
    raise exception_class(message, screen, stacktrace)
selenium.common.exceptions.ElementNotInteractableException: Message: element not interactable
  (Session info: MicrosoftEdge=139.0.3405.86); For documentation on this error, please visit: https://www.selenium.dev/documentation/webdriver/troubleshooting/errors#elementnotinteractableexception
Stacktrace:
	GetHandleVerifier [0x0x7ff6dec0e785+22117]
	(No symbol) [0x0x7ff6deb5ee00]
	(No symbol) [0x0x7ff6de92cdb0]
	(No symbol) [0x0x7ff6de97a745]
	(No symbol) [0x0x7ff6de96fcfe]
	(No symbol) [0x0x7ff6de99a7ea]
	(No symbol) [0x0x7ff6de96f68d]
	(No symbol) [0x0x7ff6de96f54d]
	(No symbol) [0x0x7ff6de99aab0]
	(No symbol) [0x0x7ff6de96f68d]
	(No symbol) [0x0x7ff6de9b762f]
	(No symbol) [0x0x7ff6de99a553]
	(No symbol) [0x0x7ff6de96eb86]
	(No symbol) [0x0x7ff6de96de11]
	(No symbol) [0x0x7ff6de96e9b3]
	(No symbol) [0x0x7ff6dea6907d]
	(No symbol) [0x0x7ff6dea75fe8]
	GetHandleVerifier [0x0x7ff6decef277+942423]
	GetHandleVerifier [0x0x7ff6decf8221+979201]
	(No symbol) [0x0x7ff6deb6c3b1]
	(No symbol) [0x0x7ff6deb64d64]
	(No symbol) [0x0x7ff6deb64eb3]
	(No symbol) [0x0x7ff6deb57016]
	BaseThreadInitThunk [0x0x7fff1474259d+29]
	RtlUserThreadStart [0x0x7fff14b4af38+40]


The above exception was the direct cause of the following exception:

Traceback (most recent call last):
  File "D:\PythonStoreHouse\auto_test_quiz\ddt\test_web_2.py", line 81, in test_suite
    res = self.run_step(params)
  File "D:\Python313\Lib\site-packages\allure_commons\_allure.py", line 202, in impl
    return func(*a, **kw)
  File "D:\PythonStoreHouse\auto_test_quiz\ddt\test_web_2.py", line 34, in run_step
    return func(*args[1:])
  File "D:\PythonStoreHouse\auto_test_quiz\keywords\webkeys.py", line 144, in click
    raise AssertionError(f"[ElementNotInteractable] 元素不可交互: {lo}") from e
AssertionError: [ElementNotInteractable] 元素不可交互: $Save
2025-08-15 23:39:53,895 - INFO - webkeys.py - 258 - 页面已成功刷新
2025-08-15 23:39:54,118 - ERROR - test_web_2.py - 116 - Message: invalid element state: Element is not currently interactable and may not be manipulated
  (Session info: MicrosoftEdge=139.0.3405.86)
Stacktrace:
	GetHandleVerifier [0x0x7ff6dec0e785+22117]
	(No symbol) [0x0x7ff6deb5ee00]
	GetHandleVerifier [0x0x7ff6dee94c2c+2669324]
	(No symbol) [0x0x7ff6de933794]
	(No symbol) [0x0x7ff6de93602c]
	(No symbol) [0x0x7ff6de9360ff]
	(No symbol) [0x0x7ff6de9720a4]
	(No symbol) [0x0x7ff6de99a7ea]
	(No symbol) [0x0x7ff6de96f68d]
	(No symbol) [0x0x7ff6de96f54d]
	(No symbol) [0x0x7ff6de99aab0]
	(No symbol) [0x0x7ff6de96f68d]
	(No symbol) [0x0x7ff6de9b762f]
	(No symbol) [0x0x7ff6de99a553]
	(No symbol) [0x0x7ff6de96eb86]
	(No symbol) [0x0x7ff6de96de11]
	(No symbol) [0x0x7ff6de96e9b3]
	(No symbol) [0x0x7ff6dea6907d]
	(No symbol) [0x0x7ff6dea75fe8]
	GetHandleVerifier [0x0x7ff6decef277+942423]
	GetHandleVerifier [0x0x7ff6decf8221+979201]
	(No symbol) [0x0x7ff6deb6c3b1]
	(No symbol) [0x0x7ff6deb64d64]
	(No symbol) [0x0x7ff6deb64eb3]
	(No symbol) [0x0x7ff6deb57016]
	BaseThreadInitThunk [0x0x7fff1474259d+29]
	RtlUserThreadStart [0x0x7fff14b4af38+40]
Traceback (most recent call last):
  File "D:\PythonStoreHouse\auto_test_quiz\ddt\test_web_2.py", line 81, in test_suite
    res = self.run_step(params)
  File "D:\Python313\Lib\site-packages\allure_commons\_allure.py", line 202, in impl
    return func(*a, **kw)
  File "D:\PythonStoreHouse\auto_test_quiz\ddt\test_web_2.py", line 34, in run_step
    return func(*args[1:])
  File "D:\PythonStoreHouse\auto_test_quiz\keywords\webkeys.py", line 132, in clear
    ele.clear()
    ~~~~~~~~~^^
  File "D:\Python313\Lib\site-packages\selenium\webdriver\remote\webelement.py", line 155, in clear
    self._execute(Command.CLEAR_ELEMENT)
    ~~~~~~~~~~~~~^^^^^^^^^^^^^^^^^^^^^^^
  File "D:\Python313\Lib\site-packages\selenium\webdriver\remote\webelement.py", line 573, in _execute
    return self._parent.execute(command, params)
           ~~~~~~~~~~~~~~~~~~~~^^^^^^^^^^^^^^^^^
  File "D:\Python313\Lib\site-packages\selenium\webdriver\remote\webdriver.py", line 458, in execute
    self.error_handler.check_response(response)
    ~~~~~~~~~~~~~~~~~~~~~~~~~~~~~~~~~^^^^^^^^^^
  File "D:\Python313\Lib\site-packages\selenium\webdriver\remote\errorhandler.py", line 232, in check_response
    raise exception_class(message, screen, stacktrace)
selenium.common.exceptions.InvalidElementStateException: Message: invalid element state: Element is not currently interactable and may not be manipulated
  (Session info: MicrosoftEdge=139.0.3405.86)
Stacktrace:
	GetHandleVerifier [0x0x7ff6dec0e785+22117]
	(No symbol) [0x0x7ff6deb5ee00]
	GetHandleVerifier [0x0x7ff6dee94c2c+2669324]
	(No symbol) [0x0x7ff6de933794]
	(No symbol) [0x0x7ff6de93602c]
	(No symbol) [0x0x7ff6de9360ff]
	(No symbol) [0x0x7ff6de9720a4]
	(No symbol) [0x0x7ff6de99a7ea]
	(No symbol) [0x0x7ff6de96f68d]
	(No symbol) [0x0x7ff6de96f54d]
	(No symbol) [0x0x7ff6de99aab0]
	(No symbol) [0x0x7ff6de96f68d]
	(No symbol) [0x0x7ff6de9b762f]
	(No symbol) [0x0x7ff6de99a553]
	(No symbol) [0x0x7ff6de96eb86]
	(No symbol) [0x0x7ff6de96de11]
	(No symbol) [0x0x7ff6de96e9b3]
	(No symbol) [0x0x7ff6dea6907d]
	(No symbol) [0x0x7ff6dea75fe8]
	GetHandleVerifier [0x0x7ff6decef277+942423]
	GetHandleVerifier [0x0x7ff6decf8221+979201]
	(No symbol) [0x0x7ff6deb6c3b1]
	(No symbol) [0x0x7ff6deb64d64]
	(No symbol) [0x0x7ff6deb64eb3]
	(No symbol) [0x0x7ff6deb57016]
	BaseThreadInitThunk [0x0x7fff1474259d+29]
	RtlUserThreadStart [0x0x7fff14b4af38+40]

2025-08-15 23:39:54,929 - INFO - webkeys.py - 258 - 页面已成功刷新
2025-08-15 23:39:57,597 - ERROR - test_web_2.py - 96 - 验证文本失败: [NoSuchElement] 元素定位失败: instructions
Traceback (most recent call last):
  File "D:\PythonStoreHouse\auto_test_quiz\keywords\webkeys.py", line 102, in __find_ele
    ele = self.driver.find_element('id', lo)
  File "D:\Python313\Lib\site-packages\selenium\webdriver\remote\webdriver.py", line 926, in find_element
    return self.execute(Command.FIND_ELEMENT, {"using": by, "value": value})["value"]
           ~~~~~~~~~~~~^^^^^^^^^^^^^^^^^^^^^^^^^^^^^^^^^^^^^^^^^^^^^^^^^^^^^
  File "D:\Python313\Lib\site-packages\selenium\webdriver\remote\webdriver.py", line 458, in execute
    self.error_handler.check_response(response)
    ~~~~~~~~~~~~~~~~~~~~~~~~~~~~~~~~~^^^^^^^^^^
  File "D:\Python313\Lib\site-packages\selenium\webdriver\remote\errorhandler.py", line 232, in check_response
    raise exception_class(message, screen, stacktrace)
selenium.common.exceptions.NoSuchElementException: Message: no such element: Unable to locate element: {"method":"css selector","selector":"[id="instructions"]"}
  (Session info: MicrosoftEdge=139.0.3405.86); For documentation on this error, please visit: https://www.selenium.dev/documentation/webdriver/troubleshooting/errors#nosuchelementexception
Stacktrace:
	GetHandleVerifier [0x0x7ff6dec0e785+22117]
	(No symbol) [0x0x7ff6deb5ee00]
	GetHandleVerifier [0x0x7ff6dee94c2c+2669324]
	(No symbol) [0x0x7ff6de97928b]
	(No symbol) [0x0x7ff6de97957b]
	(No symbol) [0x0x7ff6de9b9b47]
	(No symbol) [0x0x7ff6de99a82f]
	(No symbol) [0x0x7ff6de96f68d]
	(No symbol) [0x0x7ff6de9b762f]
	(No symbol) [0x0x7ff6de99a553]
	(No symbol) [0x0x7ff6de96eb86]
	(No symbol) [0x0x7ff6de96de11]
	(No symbol) [0x0x7ff6de96e9b3]
	(No symbol) [0x0x7ff6dea6907d]
	(No symbol) [0x0x7ff6dea75fe8]
	GetHandleVerifier [0x0x7ff6decef277+942423]
	GetHandleVerifier [0x0x7ff6decf8221+979201]
	(No symbol) [0x0x7ff6deb6c3b1]
	(No symbol) [0x0x7ff6deb64d64]
	(No symbol) [0x0x7ff6deb64eb3]
	(No symbol) [0x0x7ff6deb57016]
	BaseThreadInitThunk [0x0x7fff1474259d+29]
	RtlUserThreadStart [0x0x7fff14b4af38+40]


The above exception was the direct cause of the following exception:

Traceback (most recent call last):
  File "D:\PythonStoreHouse\auto_test_quiz\keywords\webkeys.py", line 163, in assert_text
    loc = self.__find_ele(lo)
  File "D:\PythonStoreHouse\auto_test_quiz\keywords\webkeys.py", line 108, in __find_ele
    raise AssertionError(f"[NoSuchElement] 元素定位失败: {lo}") from e
AssertionError: [NoSuchElement] 元素定位失败: instructions

During handling of the above exception, another exception occurred:

Traceback (most recent call last):
  File "D:\PythonStoreHouse\auto_test_quiz\ddt\test_web_2.py", line 81, in test_suite
    res = self.run_step(params)
  File "D:\Python313\Lib\site-packages\allure_commons\_allure.py", line 202, in impl
    return func(*a, **kw)
  File "D:\PythonStoreHouse\auto_test_quiz\ddt\test_web_2.py", line 34, in run_step
    return func(*args[1:])
  File "D:\PythonStoreHouse\auto_test_quiz\keywords\webkeys.py", line 170, in assert_text
    raise AssertionError(f"验证文本失败: {str(e)}")
AssertionError: 验证文本失败: [NoSuchElement] 元素定位失败: instructions
2025-08-16 00:16:59,357 - INFO - webkeys.py - 180 - 断言，实际结果：https://practicetestautomation.com/logged-in-successfully/   --- 期望值：practicetestautomation.com/logged-in-successfully/
2025-08-16 00:17:11,330 - ERROR - test_web_2.py - 96 - [NoSuchElement] 元素定位失败: //div[@id='row2']/input
Traceback (most recent call last):
  File "D:\PythonStoreHouse\auto_test_quiz\keywords\webkeys.py", line 94, in __find_ele
    ele = self.driver.find_element('xpath', lo)
  File "D:\Python313\Lib\site-packages\selenium\webdriver\remote\webdriver.py", line 926, in find_element
    return self.execute(Command.FIND_ELEMENT, {"using": by, "value": value})["value"]
           ~~~~~~~~~~~~^^^^^^^^^^^^^^^^^^^^^^^^^^^^^^^^^^^^^^^^^^^^^^^^^^^^^
  File "D:\Python313\Lib\site-packages\selenium\webdriver\remote\webdriver.py", line 458, in execute
    self.error_handler.check_response(response)
    ~~~~~~~~~~~~~~~~~~~~~~~~~~~~~~~~~^^^^^^^^^^
  File "D:\Python313\Lib\site-packages\selenium\webdriver\remote\errorhandler.py", line 232, in check_response
    raise exception_class(message, screen, stacktrace)
selenium.common.exceptions.NoSuchElementException: Message: no such element: Unable to locate element: {"method":"xpath","selector":"//div[@id='row2']/input"}
  (Session info: MicrosoftEdge=139.0.3405.86); For documentation on this error, please visit: https://www.selenium.dev/documentation/webdriver/troubleshooting/errors#nosuchelementexception
Stacktrace:
	GetHandleVerifier [0x0x7ff6dec0e785+22117]
	(No symbol) [0x0x7ff6deb5ee00]
	GetHandleVerifier [0x0x7ff6dee94c2c+2669324]
	(No symbol) [0x0x7ff6de97928b]
	(No symbol) [0x0x7ff6de97957b]
	(No symbol) [0x0x7ff6de9b9b47]
	(No symbol) [0x0x7ff6de99a82f]
	(No symbol) [0x0x7ff6de96f68d]
	(No symbol) [0x0x7ff6de9b762f]
	(No symbol) [0x0x7ff6de99a553]
	(No symbol) [0x0x7ff6de96eb86]
	(No symbol) [0x0x7ff6de96de11]
	(No symbol) [0x0x7ff6de96e9b3]
	(No symbol) [0x0x7ff6dea6907d]
	(No symbol) [0x0x7ff6dea75fe8]
	GetHandleVerifier [0x0x7ff6decef277+942423]
	GetHandleVerifier [0x0x7ff6decf8221+979201]
	(No symbol) [0x0x7ff6deb6c3b1]
	(No symbol) [0x0x7ff6deb64d64]
	(No symbol) [0x0x7ff6deb64eb3]
	(No symbol) [0x0x7ff6deb57016]
	BaseThreadInitThunk [0x0x7fff1474259d+29]
	RtlUserThreadStart [0x0x7fff14b4af38+40]


The above exception was the direct cause of the following exception:

Traceback (most recent call last):
  File "D:\PythonStoreHouse\auto_test_quiz\ddt\test_web_2.py", line 81, in test_suite
    res = self.run_step(params)
  File "D:\Python313\Lib\site-packages\allure_commons\_allure.py", line 202, in impl
    return func(*a, **kw)
  File "D:\PythonStoreHouse\auto_test_quiz\ddt\test_web_2.py", line 34, in run_step
    return func(*args[1:])
  File "D:\PythonStoreHouse\auto_test_quiz\keywords\webkeys.py", line 119, in input
    ele = self.__find_ele(lo)
  File "D:\PythonStoreHouse\auto_test_quiz\keywords\webkeys.py", line 109, in __find_ele
    raise AssertionError(f"[NoSuchElement] 元素定位失败: {lo}") from e
AssertionError: [NoSuchElement] 元素定位失败: //div[@id='row2']/input
2025-08-16 00:17:12,462 - INFO - webkeys.py - 259 - 页面已成功刷新
2025-08-16 00:17:20,234 - ERROR - test_web_2.py - 96 - [ElementNotInteractable] 元素不可交互: $Save
Traceback (most recent call last):
  File "D:\PythonStoreHouse\auto_test_quiz\keywords\webkeys.py", line 143, in click
    ele.click()
    ~~~~~~~~~^^
  File "D:\Python313\Lib\site-packages\selenium\webdriver\remote\webelement.py", line 120, in click
    self._execute(Command.CLICK_ELEMENT)
    ~~~~~~~~~~~~~^^^^^^^^^^^^^^^^^^^^^^^
  File "D:\Python313\Lib\site-packages\selenium\webdriver\remote\webelement.py", line 573, in _execute
    return self._parent.execute(command, params)
           ~~~~~~~~~~~~~~~~~~~~^^^^^^^^^^^^^^^^^
  File "D:\Python313\Lib\site-packages\selenium\webdriver\remote\webdriver.py", line 458, in execute
    self.error_handler.check_response(response)
    ~~~~~~~~~~~~~~~~~~~~~~~~~~~~~~~~~^^^^^^^^^^
  File "D:\Python313\Lib\site-packages\selenium\webdriver\remote\errorhandler.py", line 232, in check_response
    raise exception_class(message, screen, stacktrace)
selenium.common.exceptions.ElementNotInteractableException: Message: element not interactable
  (Session info: MicrosoftEdge=139.0.3405.86); For documentation on this error, please visit: https://www.selenium.dev/documentation/webdriver/troubleshooting/errors#elementnotinteractableexception
Stacktrace:
	GetHandleVerifier [0x0x7ff6dec0e785+22117]
	(No symbol) [0x0x7ff6deb5ee00]
	(No symbol) [0x0x7ff6de92cdb0]
	(No symbol) [0x0x7ff6de97a745]
	(No symbol) [0x0x7ff6de96fcfe]
	(No symbol) [0x0x7ff6de99a7ea]
	(No symbol) [0x0x7ff6de96f68d]
	(No symbol) [0x0x7ff6de96f54d]
	(No symbol) [0x0x7ff6de99aab0]
	(No symbol) [0x0x7ff6de96f68d]
	(No symbol) [0x0x7ff6de9b762f]
	(No symbol) [0x0x7ff6de99a553]
	(No symbol) [0x0x7ff6de96eb86]
	(No symbol) [0x0x7ff6de96de11]
	(No symbol) [0x0x7ff6de96e9b3]
	(No symbol) [0x0x7ff6dea6907d]
	(No symbol) [0x0x7ff6dea75fe8]
	GetHandleVerifier [0x0x7ff6decef277+942423]
	GetHandleVerifier [0x0x7ff6decf8221+979201]
	(No symbol) [0x0x7ff6deb6c3b1]
	(No symbol) [0x0x7ff6deb64d64]
	(No symbol) [0x0x7ff6deb64eb3]
	(No symbol) [0x0x7ff6deb57016]
	BaseThreadInitThunk [0x0x7fff1474259d+29]
	RtlUserThreadStart [0x0x7fff14b4af38+40]


The above exception was the direct cause of the following exception:

Traceback (most recent call last):
  File "D:\PythonStoreHouse\auto_test_quiz\ddt\test_web_2.py", line 81, in test_suite
    res = self.run_step(params)
  File "D:\Python313\Lib\site-packages\allure_commons\_allure.py", line 202, in impl
    return func(*a, **kw)
  File "D:\PythonStoreHouse\auto_test_quiz\ddt\test_web_2.py", line 34, in run_step
    return func(*args[1:])
  File "D:\PythonStoreHouse\auto_test_quiz\keywords\webkeys.py", line 145, in click
    raise AssertionError(f"[ElementNotInteractable] 元素不可交互: {lo}") from e
AssertionError: [ElementNotInteractable] 元素不可交互: $Save
2025-08-16 00:17:21,082 - INFO - webkeys.py - 259 - 页面已成功刷新
2025-08-16 00:17:21,376 - ERROR - test_web_2.py - 116 - Message: invalid element state: Element is not currently interactable and may not be manipulated
  (Session info: MicrosoftEdge=139.0.3405.86)
Stacktrace:
	GetHandleVerifier [0x0x7ff6dec0e785+22117]
	(No symbol) [0x0x7ff6deb5ee00]
	GetHandleVerifier [0x0x7ff6dee94c2c+2669324]
	(No symbol) [0x0x7ff6de933794]
	(No symbol) [0x0x7ff6de93602c]
	(No symbol) [0x0x7ff6de9360ff]
	(No symbol) [0x0x7ff6de9720a4]
	(No symbol) [0x0x7ff6de99a7ea]
	(No symbol) [0x0x7ff6de96f68d]
	(No symbol) [0x0x7ff6de96f54d]
	(No symbol) [0x0x7ff6de99aab0]
	(No symbol) [0x0x7ff6de96f68d]
	(No symbol) [0x0x7ff6de9b762f]
	(No symbol) [0x0x7ff6de99a553]
	(No symbol) [0x0x7ff6de96eb86]
	(No symbol) [0x0x7ff6de96de11]
	(No symbol) [0x0x7ff6de96e9b3]
	(No symbol) [0x0x7ff6dea6907d]
	(No symbol) [0x0x7ff6dea75fe8]
	GetHandleVerifier [0x0x7ff6decef277+942423]
	GetHandleVerifier [0x0x7ff6decf8221+979201]
	(No symbol) [0x0x7ff6deb6c3b1]
	(No symbol) [0x0x7ff6deb64d64]
	(No symbol) [0x0x7ff6deb64eb3]
	(No symbol) [0x0x7ff6deb57016]
	BaseThreadInitThunk [0x0x7fff1474259d+29]
	RtlUserThreadStart [0x0x7fff14b4af38+40]
Traceback (most recent call last):
  File "D:\PythonStoreHouse\auto_test_quiz\ddt\test_web_2.py", line 81, in test_suite
    res = self.run_step(params)
  File "D:\Python313\Lib\site-packages\allure_commons\_allure.py", line 202, in impl
    return func(*a, **kw)
  File "D:\PythonStoreHouse\auto_test_quiz\ddt\test_web_2.py", line 34, in run_step
    return func(*args[1:])
  File "D:\PythonStoreHouse\auto_test_quiz\keywords\webkeys.py", line 133, in clear
    ele.clear()
    ~~~~~~~~~^^
  File "D:\Python313\Lib\site-packages\selenium\webdriver\remote\webelement.py", line 155, in clear
    self._execute(Command.CLEAR_ELEMENT)
    ~~~~~~~~~~~~~^^^^^^^^^^^^^^^^^^^^^^^
  File "D:\Python313\Lib\site-packages\selenium\webdriver\remote\webelement.py", line 573, in _execute
    return self._parent.execute(command, params)
           ~~~~~~~~~~~~~~~~~~~~^^^^^^^^^^^^^^^^^
  File "D:\Python313\Lib\site-packages\selenium\webdriver\remote\webdriver.py", line 458, in execute
    self.error_handler.check_response(response)
    ~~~~~~~~~~~~~~~~~~~~~~~~~~~~~~~~~^^^^^^^^^^
  File "D:\Python313\Lib\site-packages\selenium\webdriver\remote\errorhandler.py", line 232, in check_response
    raise exception_class(message, screen, stacktrace)
selenium.common.exceptions.InvalidElementStateException: Message: invalid element state: Element is not currently interactable and may not be manipulated
  (Session info: MicrosoftEdge=139.0.3405.86)
Stacktrace:
	GetHandleVerifier [0x0x7ff6dec0e785+22117]
	(No symbol) [0x0x7ff6deb5ee00]
	GetHandleVerifier [0x0x7ff6dee94c2c+2669324]
	(No symbol) [0x0x7ff6de933794]
	(No symbol) [0x0x7ff6de93602c]
	(No symbol) [0x0x7ff6de9360ff]
	(No symbol) [0x0x7ff6de9720a4]
	(No symbol) [0x0x7ff6de99a7ea]
	(No symbol) [0x0x7ff6de96f68d]
	(No symbol) [0x0x7ff6de96f54d]
	(No symbol) [0x0x7ff6de99aab0]
	(No symbol) [0x0x7ff6de96f68d]
	(No symbol) [0x0x7ff6de9b762f]
	(No symbol) [0x0x7ff6de99a553]
	(No symbol) [0x0x7ff6de96eb86]
	(No symbol) [0x0x7ff6de96de11]
	(No symbol) [0x0x7ff6de96e9b3]
	(No symbol) [0x0x7ff6dea6907d]
	(No symbol) [0x0x7ff6dea75fe8]
	GetHandleVerifier [0x0x7ff6decef277+942423]
	GetHandleVerifier [0x0x7ff6decf8221+979201]
	(No symbol) [0x0x7ff6deb6c3b1]
	(No symbol) [0x0x7ff6deb64d64]
	(No symbol) [0x0x7ff6deb64eb3]
	(No symbol) [0x0x7ff6deb57016]
	BaseThreadInitThunk [0x0x7fff1474259d+29]
	RtlUserThreadStart [0x0x7fff14b4af38+40]

2025-08-16 00:17:22,232 - INFO - webkeys.py - 259 - 页面已成功刷新
2025-08-16 00:17:22,906 - ERROR - test_web_2.py - 116 - '元素 \'<selenium.webdriver.remote.webelement.WebElement (session="e8de5f95551e5c5a367957e562537ee5", element="f.F1DE1296DDF72F9EFEA1D2EB6C82ED8F.d.C68971B49C8F4BCE1B482753BE31F714.e.3059")>\' 未找到，请先通过save_element保存'
Traceback (most recent call last):
  File "D:\PythonStoreHouse\auto_test_quiz\ddt\test_web_2.py", line 81, in test_suite
    res = self.run_step(params)
  File "D:\Python313\Lib\site-packages\allure_commons\_allure.py", line 202, in impl
    return func(*a, **kw)
  File "D:\PythonStoreHouse\auto_test_quiz\ddt\test_web_2.py", line 34, in run_step
    return func(*args[1:])
  File "D:\PythonStoreHouse\auto_test_quiz\common\desc.py", line 22, in wrapper
    res = func(*args, **kwargs)
  File "D:\PythonStoreHouse\auto_test_quiz\keywords\webkeys.py", line 283, in use_element
    raise KeyError(f"元素 '{element_sign}' 未找到，请先通过save_element保存")
KeyError: '元素 \'<selenium.webdriver.remote.webelement.WebElement (session="e8de5f95551e5c5a367957e562537ee5", element="f.F1DE1296DDF72F9EFEA1D2EB6C82ED8F.d.C68971B49C8F4BCE1B482753BE31F714.e.3059")>\' 未找到，请先通过save_element保存'
2025-08-16 00:21:45,879 - INFO - webkeys.py - 180 - 断言，实际结果：https://practicetestautomation.com/logged-in-successfully/   --- 期望值：practicetestautomation.com/logged-in-successfully/
2025-08-16 00:21:55,097 - ERROR - test_web_2.py - 96 - [NoSuchElement] 元素定位失败: //div[@id='row2']/input
Traceback (most recent call last):
  File "D:\PythonStoreHouse\auto_test_quiz\keywords\webkeys.py", line 94, in __find_ele
    ele = self.driver.find_element('xpath', lo)
  File "D:\Python313\Lib\site-packages\selenium\webdriver\remote\webdriver.py", line 926, in find_element
    return self.execute(Command.FIND_ELEMENT, {"using": by, "value": value})["value"]
           ~~~~~~~~~~~~^^^^^^^^^^^^^^^^^^^^^^^^^^^^^^^^^^^^^^^^^^^^^^^^^^^^^
  File "D:\Python313\Lib\site-packages\selenium\webdriver\remote\webdriver.py", line 458, in execute
    self.error_handler.check_response(response)
    ~~~~~~~~~~~~~~~~~~~~~~~~~~~~~~~~~^^^^^^^^^^
  File "D:\Python313\Lib\site-packages\selenium\webdriver\remote\errorhandler.py", line 232, in check_response
    raise exception_class(message, screen, stacktrace)
selenium.common.exceptions.NoSuchElementException: Message: no such element: Unable to locate element: {"method":"xpath","selector":"//div[@id='row2']/input"}
  (Session info: MicrosoftEdge=139.0.3405.86); For documentation on this error, please visit: https://www.selenium.dev/documentation/webdriver/troubleshooting/errors#nosuchelementexception
Stacktrace:
	GetHandleVerifier [0x0x7ff6dec0e785+22117]
	(No symbol) [0x0x7ff6deb5ee00]
	GetHandleVerifier [0x0x7ff6dee94c2c+2669324]
	(No symbol) [0x0x7ff6de97928b]
	(No symbol) [0x0x7ff6de97957b]
	(No symbol) [0x0x7ff6de9b9b47]
	(No symbol) [0x0x7ff6de99a82f]
	(No symbol) [0x0x7ff6de96f68d]
	(No symbol) [0x0x7ff6de9b762f]
	(No symbol) [0x0x7ff6de99a553]
	(No symbol) [0x0x7ff6de96eb86]
	(No symbol) [0x0x7ff6de96de11]
	(No symbol) [0x0x7ff6de96e9b3]
	(No symbol) [0x0x7ff6dea6907d]
	(No symbol) [0x0x7ff6dea75fe8]
	GetHandleVerifier [0x0x7ff6decef277+942423]
	GetHandleVerifier [0x0x7ff6decf8221+979201]
	(No symbol) [0x0x7ff6deb6c3b1]
	(No symbol) [0x0x7ff6deb64d64]
	(No symbol) [0x0x7ff6deb64eb3]
	(No symbol) [0x0x7ff6deb57016]
	BaseThreadInitThunk [0x0x7fff1474259d+29]
	RtlUserThreadStart [0x0x7fff14b4af38+40]


The above exception was the direct cause of the following exception:

Traceback (most recent call last):
  File "D:\PythonStoreHouse\auto_test_quiz\ddt\test_web_2.py", line 81, in test_suite
    res = self.run_step(params)
  File "D:\Python313\Lib\site-packages\allure_commons\_allure.py", line 202, in impl
    return func(*a, **kw)
  File "D:\PythonStoreHouse\auto_test_quiz\ddt\test_web_2.py", line 34, in run_step
    return func(*args[1:])
  File "D:\PythonStoreHouse\auto_test_quiz\keywords\webkeys.py", line 119, in input
    ele = self.__find_ele(lo)
  File "D:\PythonStoreHouse\auto_test_quiz\keywords\webkeys.py", line 109, in __find_ele
    raise AssertionError(f"[NoSuchElement] 元素定位失败: {lo}") from e
AssertionError: [NoSuchElement] 元素定位失败: //div[@id='row2']/input
2025-08-16 00:21:56,142 - INFO - webkeys.py - 259 - 页面已成功刷新
2025-08-16 00:22:03,871 - ERROR - test_web_2.py - 96 - [ElementNotInteractable] 元素不可交互: $Save
Traceback (most recent call last):
  File "D:\PythonStoreHouse\auto_test_quiz\keywords\webkeys.py", line 143, in click
    ele.click()
    ~~~~~~~~~^^
  File "D:\Python313\Lib\site-packages\selenium\webdriver\remote\webelement.py", line 120, in click
    self._execute(Command.CLICK_ELEMENT)
    ~~~~~~~~~~~~~^^^^^^^^^^^^^^^^^^^^^^^
  File "D:\Python313\Lib\site-packages\selenium\webdriver\remote\webelement.py", line 573, in _execute
    return self._parent.execute(command, params)
           ~~~~~~~~~~~~~~~~~~~~^^^^^^^^^^^^^^^^^
  File "D:\Python313\Lib\site-packages\selenium\webdriver\remote\webdriver.py", line 458, in execute
    self.error_handler.check_response(response)
    ~~~~~~~~~~~~~~~~~~~~~~~~~~~~~~~~~^^^^^^^^^^
  File "D:\Python313\Lib\site-packages\selenium\webdriver\remote\errorhandler.py", line 232, in check_response
    raise exception_class(message, screen, stacktrace)
selenium.common.exceptions.ElementNotInteractableException: Message: element not interactable
  (Session info: MicrosoftEdge=139.0.3405.86); For documentation on this error, please visit: https://www.selenium.dev/documentation/webdriver/troubleshooting/errors#elementnotinteractableexception
Stacktrace:
	GetHandleVerifier [0x0x7ff6dec0e785+22117]
	(No symbol) [0x0x7ff6deb5ee00]
	(No symbol) [0x0x7ff6de92cdb0]
	(No symbol) [0x0x7ff6de97a745]
	(No symbol) [0x0x7ff6de96fcfe]
	(No symbol) [0x0x7ff6de99a7ea]
	(No symbol) [0x0x7ff6de96f68d]
	(No symbol) [0x0x7ff6de96f54d]
	(No symbol) [0x0x7ff6de99aab0]
	(No symbol) [0x0x7ff6de96f68d]
	(No symbol) [0x0x7ff6de9b762f]
	(No symbol) [0x0x7ff6de99a553]
	(No symbol) [0x0x7ff6de96eb86]
	(No symbol) [0x0x7ff6de96de11]
	(No symbol) [0x0x7ff6de96e9b3]
	(No symbol) [0x0x7ff6dea6907d]
	(No symbol) [0x0x7ff6dea75fe8]
	GetHandleVerifier [0x0x7ff6decef277+942423]
	GetHandleVerifier [0x0x7ff6decf8221+979201]
	(No symbol) [0x0x7ff6deb6c3b1]
	(No symbol) [0x0x7ff6deb64d64]
	(No symbol) [0x0x7ff6deb64eb3]
	(No symbol) [0x0x7ff6deb57016]
	BaseThreadInitThunk [0x0x7fff1474259d+29]
	RtlUserThreadStart [0x0x7fff14b4af38+40]


The above exception was the direct cause of the following exception:

Traceback (most recent call last):
  File "D:\PythonStoreHouse\auto_test_quiz\ddt\test_web_2.py", line 81, in test_suite
    res = self.run_step(params)
  File "D:\Python313\Lib\site-packages\allure_commons\_allure.py", line 202, in impl
    return func(*a, **kw)
  File "D:\PythonStoreHouse\auto_test_quiz\ddt\test_web_2.py", line 34, in run_step
    return func(*args[1:])
  File "D:\PythonStoreHouse\auto_test_quiz\keywords\webkeys.py", line 145, in click
    raise AssertionError(f"[ElementNotInteractable] 元素不可交互: {lo}") from e
AssertionError: [ElementNotInteractable] 元素不可交互: $Save
2025-08-16 00:22:04,716 - INFO - webkeys.py - 259 - 页面已成功刷新
2025-08-16 00:22:04,946 - ERROR - test_web_2.py - 116 - Message: invalid element state: Element is not currently interactable and may not be manipulated
  (Session info: MicrosoftEdge=139.0.3405.86)
Stacktrace:
	GetHandleVerifier [0x0x7ff6dec0e785+22117]
	(No symbol) [0x0x7ff6deb5ee00]
	GetHandleVerifier [0x0x7ff6dee94c2c+2669324]
	(No symbol) [0x0x7ff6de933794]
	(No symbol) [0x0x7ff6de93602c]
	(No symbol) [0x0x7ff6de9360ff]
	(No symbol) [0x0x7ff6de9720a4]
	(No symbol) [0x0x7ff6de99a7ea]
	(No symbol) [0x0x7ff6de96f68d]
	(No symbol) [0x0x7ff6de96f54d]
	(No symbol) [0x0x7ff6de99aab0]
	(No symbol) [0x0x7ff6de96f68d]
	(No symbol) [0x0x7ff6de9b762f]
	(No symbol) [0x0x7ff6de99a553]
	(No symbol) [0x0x7ff6de96eb86]
	(No symbol) [0x0x7ff6de96de11]
	(No symbol) [0x0x7ff6de96e9b3]
	(No symbol) [0x0x7ff6dea6907d]
	(No symbol) [0x0x7ff6dea75fe8]
	GetHandleVerifier [0x0x7ff6decef277+942423]
	GetHandleVerifier [0x0x7ff6decf8221+979201]
	(No symbol) [0x0x7ff6deb6c3b1]
	(No symbol) [0x0x7ff6deb64d64]
	(No symbol) [0x0x7ff6deb64eb3]
	(No symbol) [0x0x7ff6deb57016]
	BaseThreadInitThunk [0x0x7fff1474259d+29]
	RtlUserThreadStart [0x0x7fff14b4af38+40]
Traceback (most recent call last):
  File "D:\PythonStoreHouse\auto_test_quiz\ddt\test_web_2.py", line 81, in test_suite
    res = self.run_step(params)
  File "D:\Python313\Lib\site-packages\allure_commons\_allure.py", line 202, in impl
    return func(*a, **kw)
  File "D:\PythonStoreHouse\auto_test_quiz\ddt\test_web_2.py", line 34, in run_step
    return func(*args[1:])
  File "D:\PythonStoreHouse\auto_test_quiz\keywords\webkeys.py", line 133, in clear
    ele.clear()
    ~~~~~~~~~^^
  File "D:\Python313\Lib\site-packages\selenium\webdriver\remote\webelement.py", line 155, in clear
    self._execute(Command.CLEAR_ELEMENT)
    ~~~~~~~~~~~~~^^^^^^^^^^^^^^^^^^^^^^^
  File "D:\Python313\Lib\site-packages\selenium\webdriver\remote\webelement.py", line 573, in _execute
    return self._parent.execute(command, params)
           ~~~~~~~~~~~~~~~~~~~~^^^^^^^^^^^^^^^^^
  File "D:\Python313\Lib\site-packages\selenium\webdriver\remote\webdriver.py", line 458, in execute
    self.error_handler.check_response(response)
    ~~~~~~~~~~~~~~~~~~~~~~~~~~~~~~~~~^^^^^^^^^^
  File "D:\Python313\Lib\site-packages\selenium\webdriver\remote\errorhandler.py", line 232, in check_response
    raise exception_class(message, screen, stacktrace)
selenium.common.exceptions.InvalidElementStateException: Message: invalid element state: Element is not currently interactable and may not be manipulated
  (Session info: MicrosoftEdge=139.0.3405.86)
Stacktrace:
	GetHandleVerifier [0x0x7ff6dec0e785+22117]
	(No symbol) [0x0x7ff6deb5ee00]
	GetHandleVerifier [0x0x7ff6dee94c2c+2669324]
	(No symbol) [0x0x7ff6de933794]
	(No symbol) [0x0x7ff6de93602c]
	(No symbol) [0x0x7ff6de9360ff]
	(No symbol) [0x0x7ff6de9720a4]
	(No symbol) [0x0x7ff6de99a7ea]
	(No symbol) [0x0x7ff6de96f68d]
	(No symbol) [0x0x7ff6de96f54d]
	(No symbol) [0x0x7ff6de99aab0]
	(No symbol) [0x0x7ff6de96f68d]
	(No symbol) [0x0x7ff6de9b762f]
	(No symbol) [0x0x7ff6de99a553]
	(No symbol) [0x0x7ff6de96eb86]
	(No symbol) [0x0x7ff6de96de11]
	(No symbol) [0x0x7ff6de96e9b3]
	(No symbol) [0x0x7ff6dea6907d]
	(No symbol) [0x0x7ff6dea75fe8]
	GetHandleVerifier [0x0x7ff6decef277+942423]
	GetHandleVerifier [0x0x7ff6decf8221+979201]
	(No symbol) [0x0x7ff6deb6c3b1]
	(No symbol) [0x0x7ff6deb64d64]
	(No symbol) [0x0x7ff6deb64eb3]
	(No symbol) [0x0x7ff6deb57016]
	BaseThreadInitThunk [0x0x7fff1474259d+29]
	RtlUserThreadStart [0x0x7fff14b4af38+40]

2025-08-16 00:22:05,814 - INFO - webkeys.py - 259 - 页面已成功刷新
2025-08-16 00:22:06,400 - ERROR - test_web_2.py - 116 - '<selenium.webdriver.remote.webelement.WebElement (session="9b3080951644332ff7c3fab89c22d6e0", element="f.C6D312EB2A6EE788318E447F58138EC2.d.509B96B492996063714426A34ADDE33A.e.3085")>'
Traceback (most recent call last):
  File "D:\PythonStoreHouse\auto_test_quiz\ddt\test_web_2.py", line 81, in test_suite
    res = self.run_step(params)
  File "D:\Python313\Lib\site-packages\allure_commons\_allure.py", line 202, in impl
    return func(*a, **kw)
  File "D:\PythonStoreHouse\auto_test_quiz\ddt\test_web_2.py", line 34, in run_step
    return func(*args[1:])
  File "D:\PythonStoreHouse\auto_test_quiz\common\desc.py", line 22, in wrapper
    res = func(*args, **kwargs)
  File "D:\PythonStoreHouse\auto_test_quiz\keywords\webkeys.py", line 284, in use_element
    target_element = self.relations_dict[element_sign]  # 获取保存的元素对象
                     ~~~~~~~~~~~~~~~~~~~^^^^^^^^^^^^^^
KeyError: '<selenium.webdriver.remote.webelement.WebElement (session="9b3080951644332ff7c3fab89c22d6e0", element="f.C6D312EB2A6EE788318E447F58138EC2.d.509B96B492996063714426A34ADDE33A.e.3085")>'
2025-08-16 00:26:00,021 - INFO - webkeys.py - 180 - 断言，实际结果：https://practicetestautomation.com/logged-in-successfully/   --- 期望值：practicetestautomation.com/logged-in-successfully/
2025-08-16 00:26:09,819 - ERROR - test_web_2.py - 96 - [NoSuchElement] 元素定位失败: //div[@id='row2']/input
Traceback (most recent call last):
  File "D:\PythonStoreHouse\auto_test_quiz\keywords\webkeys.py", line 94, in __find_ele
    ele = self.driver.find_element('xpath', lo)
  File "D:\Python313\Lib\site-packages\selenium\webdriver\remote\webdriver.py", line 926, in find_element
    return self.execute(Command.FIND_ELEMENT, {"using": by, "value": value})["value"]
           ~~~~~~~~~~~~^^^^^^^^^^^^^^^^^^^^^^^^^^^^^^^^^^^^^^^^^^^^^^^^^^^^^
  File "D:\Python313\Lib\site-packages\selenium\webdriver\remote\webdriver.py", line 458, in execute
    self.error_handler.check_response(response)
    ~~~~~~~~~~~~~~~~~~~~~~~~~~~~~~~~~^^^^^^^^^^
  File "D:\Python313\Lib\site-packages\selenium\webdriver\remote\errorhandler.py", line 232, in check_response
    raise exception_class(message, screen, stacktrace)
selenium.common.exceptions.NoSuchElementException: Message: no such element: Unable to locate element: {"method":"xpath","selector":"//div[@id='row2']/input"}
  (Session info: MicrosoftEdge=139.0.3405.86); For documentation on this error, please visit: https://www.selenium.dev/documentation/webdriver/troubleshooting/errors#nosuchelementexception
Stacktrace:
	GetHandleVerifier [0x0x7ff6dec0e785+22117]
	(No symbol) [0x0x7ff6deb5ee00]
	GetHandleVerifier [0x0x7ff6dee94c2c+2669324]
	(No symbol) [0x0x7ff6de97928b]
	(No symbol) [0x0x7ff6de97957b]
	(No symbol) [0x0x7ff6de9b9b47]
	(No symbol) [0x0x7ff6de99a82f]
	(No symbol) [0x0x7ff6de96f68d]
	(No symbol) [0x0x7ff6de9b762f]
	(No symbol) [0x0x7ff6de99a553]
	(No symbol) [0x0x7ff6de96eb86]
	(No symbol) [0x0x7ff6de96de11]
	(No symbol) [0x0x7ff6de96e9b3]
	(No symbol) [0x0x7ff6dea6907d]
	(No symbol) [0x0x7ff6dea75fe8]
	GetHandleVerifier [0x0x7ff6decef277+942423]
	GetHandleVerifier [0x0x7ff6decf8221+979201]
	(No symbol) [0x0x7ff6deb6c3b1]
	(No symbol) [0x0x7ff6deb64d64]
	(No symbol) [0x0x7ff6deb64eb3]
	(No symbol) [0x0x7ff6deb57016]
	BaseThreadInitThunk [0x0x7fff1474259d+29]
	RtlUserThreadStart [0x0x7fff14b4af38+40]


The above exception was the direct cause of the following exception:

Traceback (most recent call last):
  File "D:\PythonStoreHouse\auto_test_quiz\ddt\test_web_2.py", line 81, in test_suite
    res = self.run_step(params)
  File "D:\Python313\Lib\site-packages\allure_commons\_allure.py", line 202, in impl
    return func(*a, **kw)
  File "D:\PythonStoreHouse\auto_test_quiz\ddt\test_web_2.py", line 34, in run_step
    return func(*args[1:])
  File "D:\PythonStoreHouse\auto_test_quiz\keywords\webkeys.py", line 119, in input
    ele = self.__find_ele(lo)
  File "D:\PythonStoreHouse\auto_test_quiz\keywords\webkeys.py", line 109, in __find_ele
    raise AssertionError(f"[NoSuchElement] 元素定位失败: {lo}") from e
AssertionError: [NoSuchElement] 元素定位失败: //div[@id='row2']/input
2025-08-16 00:26:10,865 - INFO - webkeys.py - 259 - 页面已成功刷新
2025-08-16 00:26:18,645 - ERROR - test_web_2.py - 96 - [ElementNotInteractable] 元素不可交互: $Save
Traceback (most recent call last):
  File "D:\PythonStoreHouse\auto_test_quiz\keywords\webkeys.py", line 143, in click
    ele.click()
    ~~~~~~~~~^^
  File "D:\Python313\Lib\site-packages\selenium\webdriver\remote\webelement.py", line 120, in click
    self._execute(Command.CLICK_ELEMENT)
    ~~~~~~~~~~~~~^^^^^^^^^^^^^^^^^^^^^^^
  File "D:\Python313\Lib\site-packages\selenium\webdriver\remote\webelement.py", line 573, in _execute
    return self._parent.execute(command, params)
           ~~~~~~~~~~~~~~~~~~~~^^^^^^^^^^^^^^^^^
  File "D:\Python313\Lib\site-packages\selenium\webdriver\remote\webdriver.py", line 458, in execute
    self.error_handler.check_response(response)
    ~~~~~~~~~~~~~~~~~~~~~~~~~~~~~~~~~^^^^^^^^^^
  File "D:\Python313\Lib\site-packages\selenium\webdriver\remote\errorhandler.py", line 232, in check_response
    raise exception_class(message, screen, stacktrace)
selenium.common.exceptions.ElementNotInteractableException: Message: element not interactable
  (Session info: MicrosoftEdge=139.0.3405.86); For documentation on this error, please visit: https://www.selenium.dev/documentation/webdriver/troubleshooting/errors#elementnotinteractableexception
Stacktrace:
	GetHandleVerifier [0x0x7ff6dec0e785+22117]
	(No symbol) [0x0x7ff6deb5ee00]
	(No symbol) [0x0x7ff6de92cdb0]
	(No symbol) [0x0x7ff6de97a745]
	(No symbol) [0x0x7ff6de96fcfe]
	(No symbol) [0x0x7ff6de99a7ea]
	(No symbol) [0x0x7ff6de96f68d]
	(No symbol) [0x0x7ff6de96f54d]
	(No symbol) [0x0x7ff6de99aab0]
	(No symbol) [0x0x7ff6de96f68d]
	(No symbol) [0x0x7ff6de9b762f]
	(No symbol) [0x0x7ff6de99a553]
	(No symbol) [0x0x7ff6de96eb86]
	(No symbol) [0x0x7ff6de96de11]
	(No symbol) [0x0x7ff6de96e9b3]
	(No symbol) [0x0x7ff6dea6907d]
	(No symbol) [0x0x7ff6dea75fe8]
	GetHandleVerifier [0x0x7ff6decef277+942423]
	GetHandleVerifier [0x0x7ff6decf8221+979201]
	(No symbol) [0x0x7ff6deb6c3b1]
	(No symbol) [0x0x7ff6deb64d64]
	(No symbol) [0x0x7ff6deb64eb3]
	(No symbol) [0x0x7ff6deb57016]
	BaseThreadInitThunk [0x0x7fff1474259d+29]
	RtlUserThreadStart [0x0x7fff14b4af38+40]


The above exception was the direct cause of the following exception:

Traceback (most recent call last):
  File "D:\PythonStoreHouse\auto_test_quiz\ddt\test_web_2.py", line 81, in test_suite
    res = self.run_step(params)
  File "D:\Python313\Lib\site-packages\allure_commons\_allure.py", line 202, in impl
    return func(*a, **kw)
  File "D:\PythonStoreHouse\auto_test_quiz\ddt\test_web_2.py", line 34, in run_step
    return func(*args[1:])
  File "D:\PythonStoreHouse\auto_test_quiz\keywords\webkeys.py", line 145, in click
    raise AssertionError(f"[ElementNotInteractable] 元素不可交互: {lo}") from e
AssertionError: [ElementNotInteractable] 元素不可交互: $Save
2025-08-16 00:26:19,455 - INFO - webkeys.py - 259 - 页面已成功刷新
2025-08-16 00:26:19,696 - ERROR - test_web_2.py - 116 - Message: invalid element state: Element is not currently interactable and may not be manipulated
  (Session info: MicrosoftEdge=139.0.3405.86)
Stacktrace:
	GetHandleVerifier [0x0x7ff6dec0e785+22117]
	(No symbol) [0x0x7ff6deb5ee00]
	GetHandleVerifier [0x0x7ff6dee94c2c+2669324]
	(No symbol) [0x0x7ff6de933794]
	(No symbol) [0x0x7ff6de93602c]
	(No symbol) [0x0x7ff6de9360ff]
	(No symbol) [0x0x7ff6de9720a4]
	(No symbol) [0x0x7ff6de99a7ea]
	(No symbol) [0x0x7ff6de96f68d]
	(No symbol) [0x0x7ff6de96f54d]
	(No symbol) [0x0x7ff6de99aab0]
	(No symbol) [0x0x7ff6de96f68d]
	(No symbol) [0x0x7ff6de9b762f]
	(No symbol) [0x0x7ff6de99a553]
	(No symbol) [0x0x7ff6de96eb86]
	(No symbol) [0x0x7ff6de96de11]
	(No symbol) [0x0x7ff6de96e9b3]
	(No symbol) [0x0x7ff6dea6907d]
	(No symbol) [0x0x7ff6dea75fe8]
	GetHandleVerifier [0x0x7ff6decef277+942423]
	GetHandleVerifier [0x0x7ff6decf8221+979201]
	(No symbol) [0x0x7ff6deb6c3b1]
	(No symbol) [0x0x7ff6deb64d64]
	(No symbol) [0x0x7ff6deb64eb3]
	(No symbol) [0x0x7ff6deb57016]
	BaseThreadInitThunk [0x0x7fff1474259d+29]
	RtlUserThreadStart [0x0x7fff14b4af38+40]
Traceback (most recent call last):
  File "D:\PythonStoreHouse\auto_test_quiz\ddt\test_web_2.py", line 81, in test_suite
    res = self.run_step(params)
  File "D:\Python313\Lib\site-packages\allure_commons\_allure.py", line 202, in impl
    return func(*a, **kw)
  File "D:\PythonStoreHouse\auto_test_quiz\ddt\test_web_2.py", line 34, in run_step
    return func(*args[1:])
  File "D:\PythonStoreHouse\auto_test_quiz\keywords\webkeys.py", line 133, in clear
    ele.clear()
    ~~~~~~~~~^^
  File "D:\Python313\Lib\site-packages\selenium\webdriver\remote\webelement.py", line 155, in clear
    self._execute(Command.CLEAR_ELEMENT)
    ~~~~~~~~~~~~~^^^^^^^^^^^^^^^^^^^^^^^
  File "D:\Python313\Lib\site-packages\selenium\webdriver\remote\webelement.py", line 573, in _execute
    return self._parent.execute(command, params)
           ~~~~~~~~~~~~~~~~~~~~^^^^^^^^^^^^^^^^^
  File "D:\Python313\Lib\site-packages\selenium\webdriver\remote\webdriver.py", line 458, in execute
    self.error_handler.check_response(response)
    ~~~~~~~~~~~~~~~~~~~~~~~~~~~~~~~~~^^^^^^^^^^
  File "D:\Python313\Lib\site-packages\selenium\webdriver\remote\errorhandler.py", line 232, in check_response
    raise exception_class(message, screen, stacktrace)
selenium.common.exceptions.InvalidElementStateException: Message: invalid element state: Element is not currently interactable and may not be manipulated
  (Session info: MicrosoftEdge=139.0.3405.86)
Stacktrace:
	GetHandleVerifier [0x0x7ff6dec0e785+22117]
	(No symbol) [0x0x7ff6deb5ee00]
	GetHandleVerifier [0x0x7ff6dee94c2c+2669324]
	(No symbol) [0x0x7ff6de933794]
	(No symbol) [0x0x7ff6de93602c]
	(No symbol) [0x0x7ff6de9360ff]
	(No symbol) [0x0x7ff6de9720a4]
	(No symbol) [0x0x7ff6de99a7ea]
	(No symbol) [0x0x7ff6de96f68d]
	(No symbol) [0x0x7ff6de96f54d]
	(No symbol) [0x0x7ff6de99aab0]
	(No symbol) [0x0x7ff6de96f68d]
	(No symbol) [0x0x7ff6de9b762f]
	(No symbol) [0x0x7ff6de99a553]
	(No symbol) [0x0x7ff6de96eb86]
	(No symbol) [0x0x7ff6de96de11]
	(No symbol) [0x0x7ff6de96e9b3]
	(No symbol) [0x0x7ff6dea6907d]
	(No symbol) [0x0x7ff6dea75fe8]
	GetHandleVerifier [0x0x7ff6decef277+942423]
	GetHandleVerifier [0x0x7ff6decf8221+979201]
	(No symbol) [0x0x7ff6deb6c3b1]
	(No symbol) [0x0x7ff6deb64d64]
	(No symbol) [0x0x7ff6deb64eb3]
	(No symbol) [0x0x7ff6deb57016]
	BaseThreadInitThunk [0x0x7fff1474259d+29]
	RtlUserThreadStart [0x0x7fff14b4af38+40]

2025-08-16 00:26:20,545 - INFO - webkeys.py - 259 - 页面已成功刷新
2025-08-16 00:26:21,163 - ERROR - test_web_2.py - 116 - '<selenium.webdriver.remote.webelement.WebElement (session="14d6cf9f0885999dda5a6dca2212330b", element="f.B5630C51E7D61543DB2A004FB3664F66.d.A1C46426975173D0AEE29AC81F5D1C62.e.3108")>'
Traceback (most recent call last):
  File "D:\PythonStoreHouse\auto_test_quiz\ddt\test_web_2.py", line 81, in test_suite
    res = self.run_step(params)
  File "D:\Python313\Lib\site-packages\allure_commons\_allure.py", line 202, in impl
    return func(*a, **kw)
  File "D:\PythonStoreHouse\auto_test_quiz\ddt\test_web_2.py", line 34, in run_step
    return func(*args[1:])
  File "D:\PythonStoreHouse\auto_test_quiz\common\desc.py", line 22, in wrapper
    res = func(*args, **kwargs)
  File "D:\PythonStoreHouse\auto_test_quiz\keywords\webkeys.py", line 287, in use_element
    target_element = self.relations_dict[element_sign]  # 获取保存的元素对象
                     ~~~~~~~~~~~~~~~~~~~^^^^^^^^^^^^^^
KeyError: '<selenium.webdriver.remote.webelement.WebElement (session="14d6cf9f0885999dda5a6dca2212330b", element="f.B5630C51E7D61543DB2A004FB3664F66.d.A1C46426975173D0AEE29AC81F5D1C62.e.3108")>'
2025-08-16 00:32:30,432 - INFO - webkeys.py - 180 - 断言，实际结果：https://practicetestautomation.com/logged-in-successfully/   --- 期望值：practicetestautomation.com/logged-in-successfully/
2025-08-16 00:32:39,216 - ERROR - test_web_2.py - 96 - [NoSuchElement] 元素定位失败: //div[@id='row2']/input
Traceback (most recent call last):
  File "D:\PythonStoreHouse\auto_test_quiz\keywords\webkeys.py", line 94, in __find_ele
    ele = self.driver.find_element('xpath', lo)
  File "D:\Python313\Lib\site-packages\selenium\webdriver\remote\webdriver.py", line 926, in find_element
    return self.execute(Command.FIND_ELEMENT, {"using": by, "value": value})["value"]
           ~~~~~~~~~~~~^^^^^^^^^^^^^^^^^^^^^^^^^^^^^^^^^^^^^^^^^^^^^^^^^^^^^
  File "D:\Python313\Lib\site-packages\selenium\webdriver\remote\webdriver.py", line 458, in execute
    self.error_handler.check_response(response)
    ~~~~~~~~~~~~~~~~~~~~~~~~~~~~~~~~~^^^^^^^^^^
  File "D:\Python313\Lib\site-packages\selenium\webdriver\remote\errorhandler.py", line 232, in check_response
    raise exception_class(message, screen, stacktrace)
selenium.common.exceptions.NoSuchElementException: Message: no such element: Unable to locate element: {"method":"xpath","selector":"//div[@id='row2']/input"}
  (Session info: MicrosoftEdge=139.0.3405.86); For documentation on this error, please visit: https://www.selenium.dev/documentation/webdriver/troubleshooting/errors#nosuchelementexception
Stacktrace:
	GetHandleVerifier [0x0x7ff6dec0e785+22117]
	(No symbol) [0x0x7ff6deb5ee00]
	GetHandleVerifier [0x0x7ff6dee94c2c+2669324]
	(No symbol) [0x0x7ff6de97928b]
	(No symbol) [0x0x7ff6de97957b]
	(No symbol) [0x0x7ff6de9b9b47]
	(No symbol) [0x0x7ff6de99a82f]
	(No symbol) [0x0x7ff6de96f68d]
	(No symbol) [0x0x7ff6de9b762f]
	(No symbol) [0x0x7ff6de99a553]
	(No symbol) [0x0x7ff6de96eb86]
	(No symbol) [0x0x7ff6de96de11]
	(No symbol) [0x0x7ff6de96e9b3]
	(No symbol) [0x0x7ff6dea6907d]
	(No symbol) [0x0x7ff6dea75fe8]
	GetHandleVerifier [0x0x7ff6decef277+942423]
	GetHandleVerifier [0x0x7ff6decf8221+979201]
	(No symbol) [0x0x7ff6deb6c3b1]
	(No symbol) [0x0x7ff6deb64d64]
	(No symbol) [0x0x7ff6deb64eb3]
	(No symbol) [0x0x7ff6deb57016]
	BaseThreadInitThunk [0x0x7fff1474259d+29]
	RtlUserThreadStart [0x0x7fff14b4af38+40]


The above exception was the direct cause of the following exception:

Traceback (most recent call last):
  File "D:\PythonStoreHouse\auto_test_quiz\ddt\test_web_2.py", line 81, in test_suite
    res = self.run_step(params)
  File "D:\Python313\Lib\site-packages\allure_commons\_allure.py", line 202, in impl
    return func(*a, **kw)
  File "D:\PythonStoreHouse\auto_test_quiz\ddt\test_web_2.py", line 34, in run_step
    return func(*args[1:])
  File "D:\PythonStoreHouse\auto_test_quiz\keywords\webkeys.py", line 119, in input
    ele = self.__find_ele(lo)
  File "D:\PythonStoreHouse\auto_test_quiz\keywords\webkeys.py", line 109, in __find_ele
    raise AssertionError(f"[NoSuchElement] 元素定位失败: {lo}") from e
AssertionError: [NoSuchElement] 元素定位失败: //div[@id='row2']/input
2025-08-16 00:32:40,264 - INFO - webkeys.py - 259 - 页面已成功刷新
2025-08-16 00:32:48,119 - ERROR - test_web_2.py - 96 - [ElementNotInteractable] 元素不可交互: $Save
Traceback (most recent call last):
  File "D:\PythonStoreHouse\auto_test_quiz\keywords\webkeys.py", line 143, in click
    ele.click()
    ~~~~~~~~~^^
  File "D:\Python313\Lib\site-packages\selenium\webdriver\remote\webelement.py", line 120, in click
    self._execute(Command.CLICK_ELEMENT)
    ~~~~~~~~~~~~~^^^^^^^^^^^^^^^^^^^^^^^
  File "D:\Python313\Lib\site-packages\selenium\webdriver\remote\webelement.py", line 573, in _execute
    return self._parent.execute(command, params)
           ~~~~~~~~~~~~~~~~~~~~^^^^^^^^^^^^^^^^^
  File "D:\Python313\Lib\site-packages\selenium\webdriver\remote\webdriver.py", line 458, in execute
    self.error_handler.check_response(response)
    ~~~~~~~~~~~~~~~~~~~~~~~~~~~~~~~~~^^^^^^^^^^
  File "D:\Python313\Lib\site-packages\selenium\webdriver\remote\errorhandler.py", line 232, in check_response
    raise exception_class(message, screen, stacktrace)
selenium.common.exceptions.ElementNotInteractableException: Message: element not interactable
  (Session info: MicrosoftEdge=139.0.3405.86); For documentation on this error, please visit: https://www.selenium.dev/documentation/webdriver/troubleshooting/errors#elementnotinteractableexception
Stacktrace:
	GetHandleVerifier [0x0x7ff6dec0e785+22117]
	(No symbol) [0x0x7ff6deb5ee00]
	(No symbol) [0x0x7ff6de92cdb0]
	(No symbol) [0x0x7ff6de97a745]
	(No symbol) [0x0x7ff6de96fcfe]
	(No symbol) [0x0x7ff6de99a7ea]
	(No symbol) [0x0x7ff6de96f68d]
	(No symbol) [0x0x7ff6de96f54d]
	(No symbol) [0x0x7ff6de99aab0]
	(No symbol) [0x0x7ff6de96f68d]
	(No symbol) [0x0x7ff6de9b762f]
	(No symbol) [0x0x7ff6de99a553]
	(No symbol) [0x0x7ff6de96eb86]
	(No symbol) [0x0x7ff6de96de11]
	(No symbol) [0x0x7ff6de96e9b3]
	(No symbol) [0x0x7ff6dea6907d]
	(No symbol) [0x0x7ff6dea75fe8]
	GetHandleVerifier [0x0x7ff6decef277+942423]
	GetHandleVerifier [0x0x7ff6decf8221+979201]
	(No symbol) [0x0x7ff6deb6c3b1]
	(No symbol) [0x0x7ff6deb64d64]
	(No symbol) [0x0x7ff6deb64eb3]
	(No symbol) [0x0x7ff6deb57016]
	BaseThreadInitThunk [0x0x7fff1474259d+29]
	RtlUserThreadStart [0x0x7fff14b4af38+40]


The above exception was the direct cause of the following exception:

Traceback (most recent call last):
  File "D:\PythonStoreHouse\auto_test_quiz\ddt\test_web_2.py", line 81, in test_suite
    res = self.run_step(params)
  File "D:\Python313\Lib\site-packages\allure_commons\_allure.py", line 202, in impl
    return func(*a, **kw)
  File "D:\PythonStoreHouse\auto_test_quiz\ddt\test_web_2.py", line 34, in run_step
    return func(*args[1:])
  File "D:\PythonStoreHouse\auto_test_quiz\keywords\webkeys.py", line 145, in click
    raise AssertionError(f"[ElementNotInteractable] 元素不可交互: {lo}") from e
AssertionError: [ElementNotInteractable] 元素不可交互: $Save
2025-08-16 00:32:48,966 - INFO - webkeys.py - 259 - 页面已成功刷新
2025-08-16 00:32:49,206 - ERROR - test_web_2.py - 116 - Message: invalid element state: Element is not currently interactable and may not be manipulated
  (Session info: MicrosoftEdge=139.0.3405.86)
Stacktrace:
	GetHandleVerifier [0x0x7ff6dec0e785+22117]
	(No symbol) [0x0x7ff6deb5ee00]
	GetHandleVerifier [0x0x7ff6dee94c2c+2669324]
	(No symbol) [0x0x7ff6de933794]
	(No symbol) [0x0x7ff6de93602c]
	(No symbol) [0x0x7ff6de9360ff]
	(No symbol) [0x0x7ff6de9720a4]
	(No symbol) [0x0x7ff6de99a7ea]
	(No symbol) [0x0x7ff6de96f68d]
	(No symbol) [0x0x7ff6de96f54d]
	(No symbol) [0x0x7ff6de99aab0]
	(No symbol) [0x0x7ff6de96f68d]
	(No symbol) [0x0x7ff6de9b762f]
	(No symbol) [0x0x7ff6de99a553]
	(No symbol) [0x0x7ff6de96eb86]
	(No symbol) [0x0x7ff6de96de11]
	(No symbol) [0x0x7ff6de96e9b3]
	(No symbol) [0x0x7ff6dea6907d]
	(No symbol) [0x0x7ff6dea75fe8]
	GetHandleVerifier [0x0x7ff6decef277+942423]
	GetHandleVerifier [0x0x7ff6decf8221+979201]
	(No symbol) [0x0x7ff6deb6c3b1]
	(No symbol) [0x0x7ff6deb64d64]
	(No symbol) [0x0x7ff6deb64eb3]
	(No symbol) [0x0x7ff6deb57016]
	BaseThreadInitThunk [0x0x7fff1474259d+29]
	RtlUserThreadStart [0x0x7fff14b4af38+40]
Traceback (most recent call last):
  File "D:\PythonStoreHouse\auto_test_quiz\ddt\test_web_2.py", line 81, in test_suite
    res = self.run_step(params)
  File "D:\Python313\Lib\site-packages\allure_commons\_allure.py", line 202, in impl
    return func(*a, **kw)
  File "D:\PythonStoreHouse\auto_test_quiz\ddt\test_web_2.py", line 34, in run_step
    return func(*args[1:])
  File "D:\PythonStoreHouse\auto_test_quiz\keywords\webkeys.py", line 133, in clear
    ele.clear()
    ~~~~~~~~~^^
  File "D:\Python313\Lib\site-packages\selenium\webdriver\remote\webelement.py", line 155, in clear
    self._execute(Command.CLEAR_ELEMENT)
    ~~~~~~~~~~~~~^^^^^^^^^^^^^^^^^^^^^^^
  File "D:\Python313\Lib\site-packages\selenium\webdriver\remote\webelement.py", line 573, in _execute
    return self._parent.execute(command, params)
           ~~~~~~~~~~~~~~~~~~~~^^^^^^^^^^^^^^^^^
  File "D:\Python313\Lib\site-packages\selenium\webdriver\remote\webdriver.py", line 458, in execute
    self.error_handler.check_response(response)
    ~~~~~~~~~~~~~~~~~~~~~~~~~~~~~~~~~^^^^^^^^^^
  File "D:\Python313\Lib\site-packages\selenium\webdriver\remote\errorhandler.py", line 232, in check_response
    raise exception_class(message, screen, stacktrace)
selenium.common.exceptions.InvalidElementStateException: Message: invalid element state: Element is not currently interactable and may not be manipulated
  (Session info: MicrosoftEdge=139.0.3405.86)
Stacktrace:
	GetHandleVerifier [0x0x7ff6dec0e785+22117]
	(No symbol) [0x0x7ff6deb5ee00]
	GetHandleVerifier [0x0x7ff6dee94c2c+2669324]
	(No symbol) [0x0x7ff6de933794]
	(No symbol) [0x0x7ff6de93602c]
	(No symbol) [0x0x7ff6de9360ff]
	(No symbol) [0x0x7ff6de9720a4]
	(No symbol) [0x0x7ff6de99a7ea]
	(No symbol) [0x0x7ff6de96f68d]
	(No symbol) [0x0x7ff6de96f54d]
	(No symbol) [0x0x7ff6de99aab0]
	(No symbol) [0x0x7ff6de96f68d]
	(No symbol) [0x0x7ff6de9b762f]
	(No symbol) [0x0x7ff6de99a553]
	(No symbol) [0x0x7ff6de96eb86]
	(No symbol) [0x0x7ff6de96de11]
	(No symbol) [0x0x7ff6de96e9b3]
	(No symbol) [0x0x7ff6dea6907d]
	(No symbol) [0x0x7ff6dea75fe8]
	GetHandleVerifier [0x0x7ff6decef277+942423]
	GetHandleVerifier [0x0x7ff6decf8221+979201]
	(No symbol) [0x0x7ff6deb6c3b1]
	(No symbol) [0x0x7ff6deb64d64]
	(No symbol) [0x0x7ff6deb64eb3]
	(No symbol) [0x0x7ff6deb57016]
	BaseThreadInitThunk [0x0x7fff1474259d+29]
	RtlUserThreadStart [0x0x7fff14b4af38+40]

2025-08-16 00:32:50,090 - INFO - webkeys.py - 259 - 页面已成功刷新
2025-08-16 00:32:50,754 - ERROR - test_web_2.py - 116 - '<selenium.webdriver.remote.webelement.WebElement (session="cff7bfcc98ae877ff49ebb0f30658953", element="f.27E112E57B1593A6713BD4E6E89433E0.d.75424C4CD1C1407045879426F164B64E.e.130")>'
Traceback (most recent call last):
  File "D:\PythonStoreHouse\auto_test_quiz\ddt\test_web_2.py", line 81, in test_suite
    res = self.run_step(params)
  File "D:\Python313\Lib\site-packages\allure_commons\_allure.py", line 202, in impl
    return func(*a, **kw)
  File "D:\PythonStoreHouse\auto_test_quiz\ddt\test_web_2.py", line 34, in run_step
    return func(*args[1:])
  File "D:\PythonStoreHouse\auto_test_quiz\common\desc.py", line 22, in wrapper
    res = func(*args, **kwargs)
  File "D:\PythonStoreHouse\auto_test_quiz\keywords\webkeys.py", line 287, in use_element
    target_element = self.relations_dict[element_sign]  # 获取保存的元素对象
                     ~~~~~~~~~~~~~~~~~~~^^^^^^^^^^^^^^
KeyError: '<selenium.webdriver.remote.webelement.WebElement (session="cff7bfcc98ae877ff49ebb0f30658953", element="f.27E112E57B1593A6713BD4E6E89433E0.d.75424C4CD1C1407045879426F164B64E.e.130")>'
2025-08-16 00:34:33,294 - INFO - webkeys.py - 180 - 断言，实际结果：https://practicetestautomation.com/logged-in-successfully/   --- 期望值：practicetestautomation.com/logged-in-successfully/
2025-08-16 00:34:42,056 - ERROR - test_web_2.py - 96 - [NoSuchElement] 元素定位失败: //div[@id='row2']/input
Traceback (most recent call last):
  File "D:\PythonStoreHouse\auto_test_quiz\keywords\webkeys.py", line 94, in __find_ele
    ele = self.driver.find_element('xpath', lo)
  File "D:\Python313\Lib\site-packages\selenium\webdriver\remote\webdriver.py", line 926, in find_element
    return self.execute(Command.FIND_ELEMENT, {"using": by, "value": value})["value"]
           ~~~~~~~~~~~~^^^^^^^^^^^^^^^^^^^^^^^^^^^^^^^^^^^^^^^^^^^^^^^^^^^^^
  File "D:\Python313\Lib\site-packages\selenium\webdriver\remote\webdriver.py", line 458, in execute
    self.error_handler.check_response(response)
    ~~~~~~~~~~~~~~~~~~~~~~~~~~~~~~~~~^^^^^^^^^^
  File "D:\Python313\Lib\site-packages\selenium\webdriver\remote\errorhandler.py", line 232, in check_response
    raise exception_class(message, screen, stacktrace)
selenium.common.exceptions.NoSuchElementException: Message: no such element: Unable to locate element: {"method":"xpath","selector":"//div[@id='row2']/input"}
  (Session info: MicrosoftEdge=139.0.3405.86); For documentation on this error, please visit: https://www.selenium.dev/documentation/webdriver/troubleshooting/errors#nosuchelementexception
Stacktrace:
	GetHandleVerifier [0x0x7ff6dec0e785+22117]
	(No symbol) [0x0x7ff6deb5ee00]
	GetHandleVerifier [0x0x7ff6dee94c2c+2669324]
	(No symbol) [0x0x7ff6de97928b]
	(No symbol) [0x0x7ff6de97957b]
	(No symbol) [0x0x7ff6de9b9b47]
	(No symbol) [0x0x7ff6de99a82f]
	(No symbol) [0x0x7ff6de96f68d]
	(No symbol) [0x0x7ff6de9b762f]
	(No symbol) [0x0x7ff6de99a553]
	(No symbol) [0x0x7ff6de96eb86]
	(No symbol) [0x0x7ff6de96de11]
	(No symbol) [0x0x7ff6de96e9b3]
	(No symbol) [0x0x7ff6dea6907d]
	(No symbol) [0x0x7ff6dea75fe8]
	GetHandleVerifier [0x0x7ff6decef277+942423]
	GetHandleVerifier [0x0x7ff6decf8221+979201]
	(No symbol) [0x0x7ff6deb6c3b1]
	(No symbol) [0x0x7ff6deb64d64]
	(No symbol) [0x0x7ff6deb64eb3]
	(No symbol) [0x0x7ff6deb57016]
	BaseThreadInitThunk [0x0x7fff1474259d+29]
	RtlUserThreadStart [0x0x7fff14b4af38+40]


The above exception was the direct cause of the following exception:

Traceback (most recent call last):
  File "D:\PythonStoreHouse\auto_test_quiz\ddt\test_web_2.py", line 81, in test_suite
    res = self.run_step(params)
  File "D:\Python313\Lib\site-packages\allure_commons\_allure.py", line 202, in impl
    return func(*a, **kw)
  File "D:\PythonStoreHouse\auto_test_quiz\ddt\test_web_2.py", line 34, in run_step
    return func(*args[1:])
  File "D:\PythonStoreHouse\auto_test_quiz\keywords\webkeys.py", line 119, in input
    ele = self.__find_ele(lo)
  File "D:\PythonStoreHouse\auto_test_quiz\keywords\webkeys.py", line 109, in __find_ele
    raise AssertionError(f"[NoSuchElement] 元素定位失败: {lo}") from e
AssertionError: [NoSuchElement] 元素定位失败: //div[@id='row2']/input
2025-08-16 00:34:43,139 - INFO - webkeys.py - 259 - 页面已成功刷新
2025-08-16 00:34:50,953 - ERROR - test_web_2.py - 96 - [ElementNotInteractable] 元素不可交互: $Save
Traceback (most recent call last):
  File "D:\PythonStoreHouse\auto_test_quiz\keywords\webkeys.py", line 143, in click
    ele.click()
    ~~~~~~~~~^^
  File "D:\Python313\Lib\site-packages\selenium\webdriver\remote\webelement.py", line 120, in click
    self._execute(Command.CLICK_ELEMENT)
    ~~~~~~~~~~~~~^^^^^^^^^^^^^^^^^^^^^^^
  File "D:\Python313\Lib\site-packages\selenium\webdriver\remote\webelement.py", line 573, in _execute
    return self._parent.execute(command, params)
           ~~~~~~~~~~~~~~~~~~~~^^^^^^^^^^^^^^^^^
  File "D:\Python313\Lib\site-packages\selenium\webdriver\remote\webdriver.py", line 458, in execute
    self.error_handler.check_response(response)
    ~~~~~~~~~~~~~~~~~~~~~~~~~~~~~~~~~^^^^^^^^^^
  File "D:\Python313\Lib\site-packages\selenium\webdriver\remote\errorhandler.py", line 232, in check_response
    raise exception_class(message, screen, stacktrace)
selenium.common.exceptions.ElementNotInteractableException: Message: element not interactable
  (Session info: MicrosoftEdge=139.0.3405.86); For documentation on this error, please visit: https://www.selenium.dev/documentation/webdriver/troubleshooting/errors#elementnotinteractableexception
Stacktrace:
	GetHandleVerifier [0x0x7ff6dec0e785+22117]
	(No symbol) [0x0x7ff6deb5ee00]
	(No symbol) [0x0x7ff6de92cdb0]
	(No symbol) [0x0x7ff6de97a745]
	(No symbol) [0x0x7ff6de96fcfe]
	(No symbol) [0x0x7ff6de99a7ea]
	(No symbol) [0x0x7ff6de96f68d]
	(No symbol) [0x0x7ff6de96f54d]
	(No symbol) [0x0x7ff6de99aab0]
	(No symbol) [0x0x7ff6de96f68d]
	(No symbol) [0x0x7ff6de9b762f]
	(No symbol) [0x0x7ff6de99a553]
	(No symbol) [0x0x7ff6de96eb86]
	(No symbol) [0x0x7ff6de96de11]
	(No symbol) [0x0x7ff6de96e9b3]
	(No symbol) [0x0x7ff6dea6907d]
	(No symbol) [0x0x7ff6dea75fe8]
	GetHandleVerifier [0x0x7ff6decef277+942423]
	GetHandleVerifier [0x0x7ff6decf8221+979201]
	(No symbol) [0x0x7ff6deb6c3b1]
	(No symbol) [0x0x7ff6deb64d64]
	(No symbol) [0x0x7ff6deb64eb3]
	(No symbol) [0x0x7ff6deb57016]
	BaseThreadInitThunk [0x0x7fff1474259d+29]
	RtlUserThreadStart [0x0x7fff14b4af38+40]


The above exception was the direct cause of the following exception:

Traceback (most recent call last):
  File "D:\PythonStoreHouse\auto_test_quiz\ddt\test_web_2.py", line 81, in test_suite
    res = self.run_step(params)
  File "D:\Python313\Lib\site-packages\allure_commons\_allure.py", line 202, in impl
    return func(*a, **kw)
  File "D:\PythonStoreHouse\auto_test_quiz\ddt\test_web_2.py", line 34, in run_step
    return func(*args[1:])
  File "D:\PythonStoreHouse\auto_test_quiz\keywords\webkeys.py", line 145, in click
    raise AssertionError(f"[ElementNotInteractable] 元素不可交互: {lo}") from e
AssertionError: [ElementNotInteractable] 元素不可交互: $Save
2025-08-16 00:34:51,749 - INFO - webkeys.py - 259 - 页面已成功刷新
2025-08-16 00:34:51,985 - ERROR - test_web_2.py - 116 - Message: invalid element state: Element is not currently interactable and may not be manipulated
  (Session info: MicrosoftEdge=139.0.3405.86)
Stacktrace:
	GetHandleVerifier [0x0x7ff6dec0e785+22117]
	(No symbol) [0x0x7ff6deb5ee00]
	GetHandleVerifier [0x0x7ff6dee94c2c+2669324]
	(No symbol) [0x0x7ff6de933794]
	(No symbol) [0x0x7ff6de93602c]
	(No symbol) [0x0x7ff6de9360ff]
	(No symbol) [0x0x7ff6de9720a4]
	(No symbol) [0x0x7ff6de99a7ea]
	(No symbol) [0x0x7ff6de96f68d]
	(No symbol) [0x0x7ff6de96f54d]
	(No symbol) [0x0x7ff6de99aab0]
	(No symbol) [0x0x7ff6de96f68d]
	(No symbol) [0x0x7ff6de9b762f]
	(No symbol) [0x0x7ff6de99a553]
	(No symbol) [0x0x7ff6de96eb86]
	(No symbol) [0x0x7ff6de96de11]
	(No symbol) [0x0x7ff6de96e9b3]
	(No symbol) [0x0x7ff6dea6907d]
	(No symbol) [0x0x7ff6dea75fe8]
	GetHandleVerifier [0x0x7ff6decef277+942423]
	GetHandleVerifier [0x0x7ff6decf8221+979201]
	(No symbol) [0x0x7ff6deb6c3b1]
	(No symbol) [0x0x7ff6deb64d64]
	(No symbol) [0x0x7ff6deb64eb3]
	(No symbol) [0x0x7ff6deb57016]
	BaseThreadInitThunk [0x0x7fff1474259d+29]
	RtlUserThreadStart [0x0x7fff14b4af38+40]
Traceback (most recent call last):
  File "D:\PythonStoreHouse\auto_test_quiz\ddt\test_web_2.py", line 81, in test_suite
    res = self.run_step(params)
  File "D:\Python313\Lib\site-packages\allure_commons\_allure.py", line 202, in impl
    return func(*a, **kw)
  File "D:\PythonStoreHouse\auto_test_quiz\ddt\test_web_2.py", line 34, in run_step
    return func(*args[1:])
  File "D:\PythonStoreHouse\auto_test_quiz\keywords\webkeys.py", line 133, in clear
    ele.clear()
    ~~~~~~~~~^^
  File "D:\Python313\Lib\site-packages\selenium\webdriver\remote\webelement.py", line 155, in clear
    self._execute(Command.CLEAR_ELEMENT)
    ~~~~~~~~~~~~~^^^^^^^^^^^^^^^^^^^^^^^
  File "D:\Python313\Lib\site-packages\selenium\webdriver\remote\webelement.py", line 573, in _execute
    return self._parent.execute(command, params)
           ~~~~~~~~~~~~~~~~~~~~^^^^^^^^^^^^^^^^^
  File "D:\Python313\Lib\site-packages\selenium\webdriver\remote\webdriver.py", line 458, in execute
    self.error_handler.check_response(response)
    ~~~~~~~~~~~~~~~~~~~~~~~~~~~~~~~~~^^^^^^^^^^
  File "D:\Python313\Lib\site-packages\selenium\webdriver\remote\errorhandler.py", line 232, in check_response
    raise exception_class(message, screen, stacktrace)
selenium.common.exceptions.InvalidElementStateException: Message: invalid element state: Element is not currently interactable and may not be manipulated
  (Session info: MicrosoftEdge=139.0.3405.86)
Stacktrace:
	GetHandleVerifier [0x0x7ff6dec0e785+22117]
	(No symbol) [0x0x7ff6deb5ee00]
	GetHandleVerifier [0x0x7ff6dee94c2c+2669324]
	(No symbol) [0x0x7ff6de933794]
	(No symbol) [0x0x7ff6de93602c]
	(No symbol) [0x0x7ff6de9360ff]
	(No symbol) [0x0x7ff6de9720a4]
	(No symbol) [0x0x7ff6de99a7ea]
	(No symbol) [0x0x7ff6de96f68d]
	(No symbol) [0x0x7ff6de96f54d]
	(No symbol) [0x0x7ff6de99aab0]
	(No symbol) [0x0x7ff6de96f68d]
	(No symbol) [0x0x7ff6de9b762f]
	(No symbol) [0x0x7ff6de99a553]
	(No symbol) [0x0x7ff6de96eb86]
	(No symbol) [0x0x7ff6de96de11]
	(No symbol) [0x0x7ff6de96e9b3]
	(No symbol) [0x0x7ff6dea6907d]
	(No symbol) [0x0x7ff6dea75fe8]
	GetHandleVerifier [0x0x7ff6decef277+942423]
	GetHandleVerifier [0x0x7ff6decf8221+979201]
	(No symbol) [0x0x7ff6deb6c3b1]
	(No symbol) [0x0x7ff6deb64d64]
	(No symbol) [0x0x7ff6deb64eb3]
	(No symbol) [0x0x7ff6deb57016]
	BaseThreadInitThunk [0x0x7fff1474259d+29]
	RtlUserThreadStart [0x0x7fff14b4af38+40]

2025-08-16 00:34:53,416 - INFO - webkeys.py - 259 - 页面已成功刷新
2025-08-16 00:34:54,037 - ERROR - test_web_2.py - 116 - '元素 \'<selenium.webdriver.remote.webelement.WebElement (session="5c5a54b61f1a2d9be528c3974f3cbe87", element="f.D383AA79E91EFF052EB430238E9C7B71.d.AB094DBFE05B3009D66F1DAC381806C8.e.3061")>\' 未找到，请先通过save_element保存'
Traceback (most recent call last):
  File "D:\PythonStoreHouse\auto_test_quiz\ddt\test_web_2.py", line 81, in test_suite
    res = self.run_step(params)
  File "D:\Python313\Lib\site-packages\allure_commons\_allure.py", line 202, in impl
    return func(*a, **kw)
  File "D:\PythonStoreHouse\auto_test_quiz\ddt\test_web_2.py", line 34, in run_step
    return func(*args[1:])
  File "D:\PythonStoreHouse\auto_test_quiz\common\desc.py", line 22, in wrapper
    res = func(*args, **kwargs)
  File "D:\PythonStoreHouse\auto_test_quiz\keywords\webkeys.py", line 285, in use_element
    raise KeyError(f"元素 '{element_sign}' 未找到，请先通过save_element保存")
KeyError: '元素 \'<selenium.webdriver.remote.webelement.WebElement (session="5c5a54b61f1a2d9be528c3974f3cbe87", element="f.D383AA79E91EFF052EB430238E9C7B71.d.AB094DBFE05B3009D66F1DAC381806C8.e.3061")>\' 未找到，请先通过save_element保存'
2025-08-16 00:45:36,178 - INFO - webkeys.py - 180 - 断言，实际结果：https://practicetestautomation.com/logged-in-successfully/   --- 期望值：practicetestautomation.com/logged-in-successfully/
2025-08-16 00:45:45,052 - ERROR - test_web_2.py - 96 - [NoSuchElement] 元素定位失败: //div[@id='row2']/input
Traceback (most recent call last):
  File "D:\PythonStoreHouse\auto_test_quiz\keywords\webkeys.py", line 94, in __find_ele
    ele = self.driver.find_element('xpath', lo)
  File "D:\Python313\Lib\site-packages\selenium\webdriver\remote\webdriver.py", line 926, in find_element
    return self.execute(Command.FIND_ELEMENT, {"using": by, "value": value})["value"]
           ~~~~~~~~~~~~^^^^^^^^^^^^^^^^^^^^^^^^^^^^^^^^^^^^^^^^^^^^^^^^^^^^^
  File "D:\Python313\Lib\site-packages\selenium\webdriver\remote\webdriver.py", line 458, in execute
    self.error_handler.check_response(response)
    ~~~~~~~~~~~~~~~~~~~~~~~~~~~~~~~~~^^^^^^^^^^
  File "D:\Python313\Lib\site-packages\selenium\webdriver\remote\errorhandler.py", line 232, in check_response
    raise exception_class(message, screen, stacktrace)
selenium.common.exceptions.NoSuchElementException: Message: no such element: Unable to locate element: {"method":"xpath","selector":"//div[@id='row2']/input"}
  (Session info: MicrosoftEdge=139.0.3405.86); For documentation on this error, please visit: https://www.selenium.dev/documentation/webdriver/troubleshooting/errors#nosuchelementexception
Stacktrace:
	GetHandleVerifier [0x0x7ff6dec0e785+22117]
	(No symbol) [0x0x7ff6deb5ee00]
	GetHandleVerifier [0x0x7ff6dee94c2c+2669324]
	(No symbol) [0x0x7ff6de97928b]
	(No symbol) [0x0x7ff6de97957b]
	(No symbol) [0x0x7ff6de9b9b47]
	(No symbol) [0x0x7ff6de99a82f]
	(No symbol) [0x0x7ff6de96f68d]
	(No symbol) [0x0x7ff6de9b762f]
	(No symbol) [0x0x7ff6de99a553]
	(No symbol) [0x0x7ff6de96eb86]
	(No symbol) [0x0x7ff6de96de11]
	(No symbol) [0x0x7ff6de96e9b3]
	(No symbol) [0x0x7ff6dea6907d]
	(No symbol) [0x0x7ff6dea75fe8]
	GetHandleVerifier [0x0x7ff6decef277+942423]
	GetHandleVerifier [0x0x7ff6decf8221+979201]
	(No symbol) [0x0x7ff6deb6c3b1]
	(No symbol) [0x0x7ff6deb64d64]
	(No symbol) [0x0x7ff6deb64eb3]
	(No symbol) [0x0x7ff6deb57016]
	BaseThreadInitThunk [0x0x7fff1474259d+29]
	RtlUserThreadStart [0x0x7fff14b4af38+40]


The above exception was the direct cause of the following exception:

Traceback (most recent call last):
  File "D:\PythonStoreHouse\auto_test_quiz\ddt\test_web_2.py", line 81, in test_suite
    res = self.run_step(params)
  File "D:\Python313\Lib\site-packages\allure_commons\_allure.py", line 202, in impl
    return func(*a, **kw)
  File "D:\PythonStoreHouse\auto_test_quiz\ddt\test_web_2.py", line 34, in run_step
    return func(*args[1:])
  File "D:\PythonStoreHouse\auto_test_quiz\keywords\webkeys.py", line 119, in input
    ele = self.__find_ele(lo)
  File "D:\PythonStoreHouse\auto_test_quiz\keywords\webkeys.py", line 109, in __find_ele
    raise AssertionError(f"[NoSuchElement] 元素定位失败: {lo}") from e
AssertionError: [NoSuchElement] 元素定位失败: //div[@id='row2']/input
2025-08-16 00:45:46,235 - INFO - webkeys.py - 259 - 页面已成功刷新
2025-08-16 00:45:54,021 - ERROR - test_web_2.py - 96 - [ElementNotInteractable] 元素不可交互: $Save
Traceback (most recent call last):
  File "D:\PythonStoreHouse\auto_test_quiz\keywords\webkeys.py", line 143, in click
    ele.click()
    ~~~~~~~~~^^
  File "D:\Python313\Lib\site-packages\selenium\webdriver\remote\webelement.py", line 120, in click
    self._execute(Command.CLICK_ELEMENT)
    ~~~~~~~~~~~~~^^^^^^^^^^^^^^^^^^^^^^^
  File "D:\Python313\Lib\site-packages\selenium\webdriver\remote\webelement.py", line 573, in _execute
    return self._parent.execute(command, params)
           ~~~~~~~~~~~~~~~~~~~~^^^^^^^^^^^^^^^^^
  File "D:\Python313\Lib\site-packages\selenium\webdriver\remote\webdriver.py", line 458, in execute
    self.error_handler.check_response(response)
    ~~~~~~~~~~~~~~~~~~~~~~~~~~~~~~~~~^^^^^^^^^^
  File "D:\Python313\Lib\site-packages\selenium\webdriver\remote\errorhandler.py", line 232, in check_response
    raise exception_class(message, screen, stacktrace)
selenium.common.exceptions.ElementNotInteractableException: Message: element not interactable
  (Session info: MicrosoftEdge=139.0.3405.86); For documentation on this error, please visit: https://www.selenium.dev/documentation/webdriver/troubleshooting/errors#elementnotinteractableexception
Stacktrace:
	GetHandleVerifier [0x0x7ff6dec0e785+22117]
	(No symbol) [0x0x7ff6deb5ee00]
	(No symbol) [0x0x7ff6de92cdb0]
	(No symbol) [0x0x7ff6de97a745]
	(No symbol) [0x0x7ff6de96fcfe]
	(No symbol) [0x0x7ff6de99a7ea]
	(No symbol) [0x0x7ff6de96f68d]
	(No symbol) [0x0x7ff6de96f54d]
	(No symbol) [0x0x7ff6de99aab0]
	(No symbol) [0x0x7ff6de96f68d]
	(No symbol) [0x0x7ff6de9b762f]
	(No symbol) [0x0x7ff6de99a553]
	(No symbol) [0x0x7ff6de96eb86]
	(No symbol) [0x0x7ff6de96de11]
	(No symbol) [0x0x7ff6de96e9b3]
	(No symbol) [0x0x7ff6dea6907d]
	(No symbol) [0x0x7ff6dea75fe8]
	GetHandleVerifier [0x0x7ff6decef277+942423]
	GetHandleVerifier [0x0x7ff6decf8221+979201]
	(No symbol) [0x0x7ff6deb6c3b1]
	(No symbol) [0x0x7ff6deb64d64]
	(No symbol) [0x0x7ff6deb64eb3]
	(No symbol) [0x0x7ff6deb57016]
	BaseThreadInitThunk [0x0x7fff1474259d+29]
	RtlUserThreadStart [0x0x7fff14b4af38+40]


The above exception was the direct cause of the following exception:

Traceback (most recent call last):
  File "D:\PythonStoreHouse\auto_test_quiz\ddt\test_web_2.py", line 81, in test_suite
    res = self.run_step(params)
  File "D:\Python313\Lib\site-packages\allure_commons\_allure.py", line 202, in impl
    return func(*a, **kw)
  File "D:\PythonStoreHouse\auto_test_quiz\ddt\test_web_2.py", line 34, in run_step
    return func(*args[1:])
  File "D:\PythonStoreHouse\auto_test_quiz\keywords\webkeys.py", line 145, in click
    raise AssertionError(f"[ElementNotInteractable] 元素不可交互: {lo}") from e
AssertionError: [ElementNotInteractable] 元素不可交互: $Save
2025-08-16 00:45:54,876 - INFO - webkeys.py - 259 - 页面已成功刷新
2025-08-16 00:45:55,110 - ERROR - test_web_2.py - 116 - Message: invalid element state: Element is not currently interactable and may not be manipulated
  (Session info: MicrosoftEdge=139.0.3405.86)
Stacktrace:
	GetHandleVerifier [0x0x7ff6dec0e785+22117]
	(No symbol) [0x0x7ff6deb5ee00]
	GetHandleVerifier [0x0x7ff6dee94c2c+2669324]
	(No symbol) [0x0x7ff6de933794]
	(No symbol) [0x0x7ff6de93602c]
	(No symbol) [0x0x7ff6de9360ff]
	(No symbol) [0x0x7ff6de9720a4]
	(No symbol) [0x0x7ff6de99a7ea]
	(No symbol) [0x0x7ff6de96f68d]
	(No symbol) [0x0x7ff6de96f54d]
	(No symbol) [0x0x7ff6de99aab0]
	(No symbol) [0x0x7ff6de96f68d]
	(No symbol) [0x0x7ff6de9b762f]
	(No symbol) [0x0x7ff6de99a553]
	(No symbol) [0x0x7ff6de96eb86]
	(No symbol) [0x0x7ff6de96de11]
	(No symbol) [0x0x7ff6de96e9b3]
	(No symbol) [0x0x7ff6dea6907d]
	(No symbol) [0x0x7ff6dea75fe8]
	GetHandleVerifier [0x0x7ff6decef277+942423]
	GetHandleVerifier [0x0x7ff6decf8221+979201]
	(No symbol) [0x0x7ff6deb6c3b1]
	(No symbol) [0x0x7ff6deb64d64]
	(No symbol) [0x0x7ff6deb64eb3]
	(No symbol) [0x0x7ff6deb57016]
	BaseThreadInitThunk [0x0x7fff1474259d+29]
	RtlUserThreadStart [0x0x7fff14b4af38+40]
Traceback (most recent call last):
  File "D:\PythonStoreHouse\auto_test_quiz\ddt\test_web_2.py", line 81, in test_suite
    res = self.run_step(params)
  File "D:\Python313\Lib\site-packages\allure_commons\_allure.py", line 202, in impl
    return func(*a, **kw)
  File "D:\PythonStoreHouse\auto_test_quiz\ddt\test_web_2.py", line 34, in run_step
    return func(*args[1:])
  File "D:\PythonStoreHouse\auto_test_quiz\keywords\webkeys.py", line 133, in clear
    ele.clear()
    ~~~~~~~~~^^
  File "D:\Python313\Lib\site-packages\selenium\webdriver\remote\webelement.py", line 155, in clear
    self._execute(Command.CLEAR_ELEMENT)
    ~~~~~~~~~~~~~^^^^^^^^^^^^^^^^^^^^^^^
  File "D:\Python313\Lib\site-packages\selenium\webdriver\remote\webelement.py", line 573, in _execute
    return self._parent.execute(command, params)
           ~~~~~~~~~~~~~~~~~~~~^^^^^^^^^^^^^^^^^
  File "D:\Python313\Lib\site-packages\selenium\webdriver\remote\webdriver.py", line 458, in execute
    self.error_handler.check_response(response)
    ~~~~~~~~~~~~~~~~~~~~~~~~~~~~~~~~~^^^^^^^^^^
  File "D:\Python313\Lib\site-packages\selenium\webdriver\remote\errorhandler.py", line 232, in check_response
    raise exception_class(message, screen, stacktrace)
selenium.common.exceptions.InvalidElementStateException: Message: invalid element state: Element is not currently interactable and may not be manipulated
  (Session info: MicrosoftEdge=139.0.3405.86)
Stacktrace:
	GetHandleVerifier [0x0x7ff6dec0e785+22117]
	(No symbol) [0x0x7ff6deb5ee00]
	GetHandleVerifier [0x0x7ff6dee94c2c+2669324]
	(No symbol) [0x0x7ff6de933794]
	(No symbol) [0x0x7ff6de93602c]
	(No symbol) [0x0x7ff6de9360ff]
	(No symbol) [0x0x7ff6de9720a4]
	(No symbol) [0x0x7ff6de99a7ea]
	(No symbol) [0x0x7ff6de96f68d]
	(No symbol) [0x0x7ff6de96f54d]
	(No symbol) [0x0x7ff6de99aab0]
	(No symbol) [0x0x7ff6de96f68d]
	(No symbol) [0x0x7ff6de9b762f]
	(No symbol) [0x0x7ff6de99a553]
	(No symbol) [0x0x7ff6de96eb86]
	(No symbol) [0x0x7ff6de96de11]
	(No symbol) [0x0x7ff6de96e9b3]
	(No symbol) [0x0x7ff6dea6907d]
	(No symbol) [0x0x7ff6dea75fe8]
	GetHandleVerifier [0x0x7ff6decef277+942423]
	GetHandleVerifier [0x0x7ff6decf8221+979201]
	(No symbol) [0x0x7ff6deb6c3b1]
	(No symbol) [0x0x7ff6deb64d64]
	(No symbol) [0x0x7ff6deb64eb3]
	(No symbol) [0x0x7ff6deb57016]
	BaseThreadInitThunk [0x0x7fff1474259d+29]
	RtlUserThreadStart [0x0x7fff14b4af38+40]

2025-08-16 00:45:55,955 - INFO - webkeys.py - 259 - 页面已成功刷新
2025-08-16 00:45:56,551 - ERROR - test_web_2.py - 116 - '{instructions}'
Traceback (most recent call last):
  File "D:\PythonStoreHouse\auto_test_quiz\ddt\test_web_2.py", line 81, in test_suite
    res = self.run_step(params)
  File "D:\Python313\Lib\site-packages\allure_commons\_allure.py", line 202, in impl
    return func(*a, **kw)
  File "D:\PythonStoreHouse\auto_test_quiz\ddt\test_web_2.py", line 34, in run_step
    return func(*args[1:])
  File "D:\PythonStoreHouse\auto_test_quiz\keywords\webkeys.py", line 285, in use_element
    target_element = self.relations_dict[element_sign]  # 获取保存的元素对象
                     ~~~~~~~~~~~~~~~~~~~^^^^^^^^^^^^^^
KeyError: '{instructions}'
2025-08-16 00:47:07,206 - INFO - webkeys.py - 180 - 断言，实际结果：https://practicetestautomation.com/logged-in-successfully/   --- 期望值：practicetestautomation.com/logged-in-successfully/
2025-08-16 00:47:15,986 - ERROR - test_web_2.py - 96 - [NoSuchElement] 元素定位失败: //div[@id='row2']/input
Traceback (most recent call last):
  File "D:\PythonStoreHouse\auto_test_quiz\keywords\webkeys.py", line 94, in __find_ele
    ele = self.driver.find_element('xpath', lo)
  File "D:\Python313\Lib\site-packages\selenium\webdriver\remote\webdriver.py", line 926, in find_element
    return self.execute(Command.FIND_ELEMENT, {"using": by, "value": value})["value"]
           ~~~~~~~~~~~~^^^^^^^^^^^^^^^^^^^^^^^^^^^^^^^^^^^^^^^^^^^^^^^^^^^^^
  File "D:\Python313\Lib\site-packages\selenium\webdriver\remote\webdriver.py", line 458, in execute
    self.error_handler.check_response(response)
    ~~~~~~~~~~~~~~~~~~~~~~~~~~~~~~~~~^^^^^^^^^^
  File "D:\Python313\Lib\site-packages\selenium\webdriver\remote\errorhandler.py", line 232, in check_response
    raise exception_class(message, screen, stacktrace)
selenium.common.exceptions.NoSuchElementException: Message: no such element: Unable to locate element: {"method":"xpath","selector":"//div[@id='row2']/input"}
  (Session info: MicrosoftEdge=139.0.3405.86); For documentation on this error, please visit: https://www.selenium.dev/documentation/webdriver/troubleshooting/errors#nosuchelementexception
Stacktrace:
	GetHandleVerifier [0x0x7ff6dec0e785+22117]
	(No symbol) [0x0x7ff6deb5ee00]
	GetHandleVerifier [0x0x7ff6dee94c2c+2669324]
	(No symbol) [0x0x7ff6de97928b]
	(No symbol) [0x0x7ff6de97957b]
	(No symbol) [0x0x7ff6de9b9b47]
	(No symbol) [0x0x7ff6de99a82f]
	(No symbol) [0x0x7ff6de96f68d]
	(No symbol) [0x0x7ff6de9b762f]
	(No symbol) [0x0x7ff6de99a553]
	(No symbol) [0x0x7ff6de96eb86]
	(No symbol) [0x0x7ff6de96de11]
	(No symbol) [0x0x7ff6de96e9b3]
	(No symbol) [0x0x7ff6dea6907d]
	(No symbol) [0x0x7ff6dea75fe8]
	GetHandleVerifier [0x0x7ff6decef277+942423]
	GetHandleVerifier [0x0x7ff6decf8221+979201]
	(No symbol) [0x0x7ff6deb6c3b1]
	(No symbol) [0x0x7ff6deb64d64]
	(No symbol) [0x0x7ff6deb64eb3]
	(No symbol) [0x0x7ff6deb57016]
	BaseThreadInitThunk [0x0x7fff1474259d+29]
	RtlUserThreadStart [0x0x7fff14b4af38+40]


The above exception was the direct cause of the following exception:

Traceback (most recent call last):
  File "D:\PythonStoreHouse\auto_test_quiz\ddt\test_web_2.py", line 81, in test_suite
    res = self.run_step(params)
  File "D:\Python313\Lib\site-packages\allure_commons\_allure.py", line 202, in impl
    return func(*a, **kw)
  File "D:\PythonStoreHouse\auto_test_quiz\ddt\test_web_2.py", line 34, in run_step
    return func(*args[1:])
  File "D:\PythonStoreHouse\auto_test_quiz\keywords\webkeys.py", line 119, in input
    ele = self.__find_ele(lo)
  File "D:\PythonStoreHouse\auto_test_quiz\keywords\webkeys.py", line 109, in __find_ele
    raise AssertionError(f"[NoSuchElement] 元素定位失败: {lo}") from e
AssertionError: [NoSuchElement] 元素定位失败: //div[@id='row2']/input
2025-08-16 00:47:17,171 - INFO - webkeys.py - 259 - 页面已成功刷新
2025-08-16 00:47:24,933 - ERROR - test_web_2.py - 96 - [ElementNotInteractable] 元素不可交互: $Save
Traceback (most recent call last):
  File "D:\PythonStoreHouse\auto_test_quiz\keywords\webkeys.py", line 143, in click
    ele.click()
    ~~~~~~~~~^^
  File "D:\Python313\Lib\site-packages\selenium\webdriver\remote\webelement.py", line 120, in click
    self._execute(Command.CLICK_ELEMENT)
    ~~~~~~~~~~~~~^^^^^^^^^^^^^^^^^^^^^^^
  File "D:\Python313\Lib\site-packages\selenium\webdriver\remote\webelement.py", line 573, in _execute
    return self._parent.execute(command, params)
           ~~~~~~~~~~~~~~~~~~~~^^^^^^^^^^^^^^^^^
  File "D:\Python313\Lib\site-packages\selenium\webdriver\remote\webdriver.py", line 458, in execute
    self.error_handler.check_response(response)
    ~~~~~~~~~~~~~~~~~~~~~~~~~~~~~~~~~^^^^^^^^^^
  File "D:\Python313\Lib\site-packages\selenium\webdriver\remote\errorhandler.py", line 232, in check_response
    raise exception_class(message, screen, stacktrace)
selenium.common.exceptions.ElementNotInteractableException: Message: element not interactable
  (Session info: MicrosoftEdge=139.0.3405.86); For documentation on this error, please visit: https://www.selenium.dev/documentation/webdriver/troubleshooting/errors#elementnotinteractableexception
Stacktrace:
	GetHandleVerifier [0x0x7ff6dec0e785+22117]
	(No symbol) [0x0x7ff6deb5ee00]
	(No symbol) [0x0x7ff6de92cdb0]
	(No symbol) [0x0x7ff6de97a745]
	(No symbol) [0x0x7ff6de96fcfe]
	(No symbol) [0x0x7ff6de99a7ea]
	(No symbol) [0x0x7ff6de96f68d]
	(No symbol) [0x0x7ff6de96f54d]
	(No symbol) [0x0x7ff6de99aab0]
	(No symbol) [0x0x7ff6de96f68d]
	(No symbol) [0x0x7ff6de9b762f]
	(No symbol) [0x0x7ff6de99a553]
	(No symbol) [0x0x7ff6de96eb86]
	(No symbol) [0x0x7ff6de96de11]
	(No symbol) [0x0x7ff6de96e9b3]
	(No symbol) [0x0x7ff6dea6907d]
	(No symbol) [0x0x7ff6dea75fe8]
	GetHandleVerifier [0x0x7ff6decef277+942423]
	GetHandleVerifier [0x0x7ff6decf8221+979201]
	(No symbol) [0x0x7ff6deb6c3b1]
	(No symbol) [0x0x7ff6deb64d64]
	(No symbol) [0x0x7ff6deb64eb3]
	(No symbol) [0x0x7ff6deb57016]
	BaseThreadInitThunk [0x0x7fff1474259d+29]
	RtlUserThreadStart [0x0x7fff14b4af38+40]


The above exception was the direct cause of the following exception:

Traceback (most recent call last):
  File "D:\PythonStoreHouse\auto_test_quiz\ddt\test_web_2.py", line 81, in test_suite
    res = self.run_step(params)
  File "D:\Python313\Lib\site-packages\allure_commons\_allure.py", line 202, in impl
    return func(*a, **kw)
  File "D:\PythonStoreHouse\auto_test_quiz\ddt\test_web_2.py", line 34, in run_step
    return func(*args[1:])
  File "D:\PythonStoreHouse\auto_test_quiz\keywords\webkeys.py", line 145, in click
    raise AssertionError(f"[ElementNotInteractable] 元素不可交互: {lo}") from e
AssertionError: [ElementNotInteractable] 元素不可交互: $Save
2025-08-16 00:47:26,250 - INFO - webkeys.py - 259 - 页面已成功刷新
2025-08-16 00:47:26,480 - ERROR - test_web_2.py - 116 - Message: invalid element state: Element is not currently interactable and may not be manipulated
  (Session info: MicrosoftEdge=139.0.3405.86)
Stacktrace:
	GetHandleVerifier [0x0x7ff6dec0e785+22117]
	(No symbol) [0x0x7ff6deb5ee00]
	GetHandleVerifier [0x0x7ff6dee94c2c+2669324]
	(No symbol) [0x0x7ff6de933794]
	(No symbol) [0x0x7ff6de93602c]
	(No symbol) [0x0x7ff6de9360ff]
	(No symbol) [0x0x7ff6de9720a4]
	(No symbol) [0x0x7ff6de99a7ea]
	(No symbol) [0x0x7ff6de96f68d]
	(No symbol) [0x0x7ff6de96f54d]
	(No symbol) [0x0x7ff6de99aab0]
	(No symbol) [0x0x7ff6de96f68d]
	(No symbol) [0x0x7ff6de9b762f]
	(No symbol) [0x0x7ff6de99a553]
	(No symbol) [0x0x7ff6de96eb86]
	(No symbol) [0x0x7ff6de96de11]
	(No symbol) [0x0x7ff6de96e9b3]
	(No symbol) [0x0x7ff6dea6907d]
	(No symbol) [0x0x7ff6dea75fe8]
	GetHandleVerifier [0x0x7ff6decef277+942423]
	GetHandleVerifier [0x0x7ff6decf8221+979201]
	(No symbol) [0x0x7ff6deb6c3b1]
	(No symbol) [0x0x7ff6deb64d64]
	(No symbol) [0x0x7ff6deb64eb3]
	(No symbol) [0x0x7ff6deb57016]
	BaseThreadInitThunk [0x0x7fff1474259d+29]
	RtlUserThreadStart [0x0x7fff14b4af38+40]
Traceback (most recent call last):
  File "D:\PythonStoreHouse\auto_test_quiz\ddt\test_web_2.py", line 81, in test_suite
    res = self.run_step(params)
  File "D:\Python313\Lib\site-packages\allure_commons\_allure.py", line 202, in impl
    return func(*a, **kw)
  File "D:\PythonStoreHouse\auto_test_quiz\ddt\test_web_2.py", line 34, in run_step
    return func(*args[1:])
  File "D:\PythonStoreHouse\auto_test_quiz\keywords\webkeys.py", line 133, in clear
    ele.clear()
    ~~~~~~~~~^^
  File "D:\Python313\Lib\site-packages\selenium\webdriver\remote\webelement.py", line 155, in clear
    self._execute(Command.CLEAR_ELEMENT)
    ~~~~~~~~~~~~~^^^^^^^^^^^^^^^^^^^^^^^
  File "D:\Python313\Lib\site-packages\selenium\webdriver\remote\webelement.py", line 573, in _execute
    return self._parent.execute(command, params)
           ~~~~~~~~~~~~~~~~~~~~^^^^^^^^^^^^^^^^^
  File "D:\Python313\Lib\site-packages\selenium\webdriver\remote\webdriver.py", line 458, in execute
    self.error_handler.check_response(response)
    ~~~~~~~~~~~~~~~~~~~~~~~~~~~~~~~~~^^^^^^^^^^
  File "D:\Python313\Lib\site-packages\selenium\webdriver\remote\errorhandler.py", line 232, in check_response
    raise exception_class(message, screen, stacktrace)
selenium.common.exceptions.InvalidElementStateException: Message: invalid element state: Element is not currently interactable and may not be manipulated
  (Session info: MicrosoftEdge=139.0.3405.86)
Stacktrace:
	GetHandleVerifier [0x0x7ff6dec0e785+22117]
	(No symbol) [0x0x7ff6deb5ee00]
	GetHandleVerifier [0x0x7ff6dee94c2c+2669324]
	(No symbol) [0x0x7ff6de933794]
	(No symbol) [0x0x7ff6de93602c]
	(No symbol) [0x0x7ff6de9360ff]
	(No symbol) [0x0x7ff6de9720a4]
	(No symbol) [0x0x7ff6de99a7ea]
	(No symbol) [0x0x7ff6de96f68d]
	(No symbol) [0x0x7ff6de96f54d]
	(No symbol) [0x0x7ff6de99aab0]
	(No symbol) [0x0x7ff6de96f68d]
	(No symbol) [0x0x7ff6de9b762f]
	(No symbol) [0x0x7ff6de99a553]
	(No symbol) [0x0x7ff6de96eb86]
	(No symbol) [0x0x7ff6de96de11]
	(No symbol) [0x0x7ff6de96e9b3]
	(No symbol) [0x0x7ff6dea6907d]
	(No symbol) [0x0x7ff6dea75fe8]
	GetHandleVerifier [0x0x7ff6decef277+942423]
	GetHandleVerifier [0x0x7ff6decf8221+979201]
	(No symbol) [0x0x7ff6deb6c3b1]
	(No symbol) [0x0x7ff6deb64d64]
	(No symbol) [0x0x7ff6deb64eb3]
	(No symbol) [0x0x7ff6deb57016]
	BaseThreadInitThunk [0x0x7fff1474259d+29]
	RtlUserThreadStart [0x0x7fff14b4af38+40]

2025-08-16 00:47:27,332 - INFO - webkeys.py - 259 - 页面已成功刷新
2025-08-16 00:47:27,944 - ERROR - test_web_2.py - 116 - Message: stale element reference: stale element not found in the current frame
  (Session info: MicrosoftEdge=139.0.3405.86); For documentation on this error, please visit: https://www.selenium.dev/documentation/webdriver/troubleshooting/errors#staleelementreferenceexception
Stacktrace:
	GetHandleVerifier [0x0x7ff6dec0e785+22117]
	(No symbol) [0x0x7ff6deb5ee00]
	GetHandleVerifier [0x0x7ff6dee94c2c+2669324]
	(No symbol) [0x0x7ff6de933794]
	(No symbol) [0x0x7ff6de93602c]
	(No symbol) [0x0x7ff6de9360ff]
	(No symbol) [0x0x7ff6de97b0a1]
	(No symbol) [0x0x7ff6de96fc66]
	(No symbol) [0x0x7ff6de99a7ea]
	(No symbol) [0x0x7ff6de96f68d]
	(No symbol) [0x0x7ff6de96f54d]
	(No symbol) [0x0x7ff6de99aab0]
	(No symbol) [0x0x7ff6de96f68d]
	(No symbol) [0x0x7ff6de9b762f]
	(No symbol) [0x0x7ff6de99a553]
	(No symbol) [0x0x7ff6de96eb86]
	(No symbol) [0x0x7ff6de96de11]
	(No symbol) [0x0x7ff6de96e9b3]
	(No symbol) [0x0x7ff6dea6907d]
	(No symbol) [0x0x7ff6dea75fe8]
	GetHandleVerifier [0x0x7ff6decef277+942423]
	GetHandleVerifier [0x0x7ff6decf8221+979201]
	(No symbol) [0x0x7ff6deb6c3b1]
	(No symbol) [0x0x7ff6deb64d64]
	(No symbol) [0x0x7ff6deb64eb3]
	(No symbol) [0x0x7ff6deb57016]
	BaseThreadInitThunk [0x0x7fff1474259d+29]
	RtlUserThreadStart [0x0x7fff14b4af38+40]
Traceback (most recent call last):
  File "D:\PythonStoreHouse\auto_test_quiz\ddt\test_web_2.py", line 81, in test_suite
    res = self.run_step(params)
  File "D:\Python313\Lib\site-packages\allure_commons\_allure.py", line 202, in impl
    return func(*a, **kw)
  File "D:\PythonStoreHouse\auto_test_quiz\ddt\test_web_2.py", line 34, in run_step
    return func(*args[1:])
  File "D:\PythonStoreHouse\auto_test_quiz\keywords\webkeys.py", line 286, in use_element
    target_element.click()
    ~~~~~~~~~~~~~~~~~~~~^^
  File "D:\Python313\Lib\site-packages\selenium\webdriver\remote\webelement.py", line 120, in click
    self._execute(Command.CLICK_ELEMENT)
    ~~~~~~~~~~~~~^^^^^^^^^^^^^^^^^^^^^^^
  File "D:\Python313\Lib\site-packages\selenium\webdriver\remote\webelement.py", line 573, in _execute
    return self._parent.execute(command, params)
           ~~~~~~~~~~~~~~~~~~~~^^^^^^^^^^^^^^^^^
  File "D:\Python313\Lib\site-packages\selenium\webdriver\remote\webdriver.py", line 458, in execute
    self.error_handler.check_response(response)
    ~~~~~~~~~~~~~~~~~~~~~~~~~~~~~~~~~^^^^^^^^^^
  File "D:\Python313\Lib\site-packages\selenium\webdriver\remote\errorhandler.py", line 232, in check_response
    raise exception_class(message, screen, stacktrace)
selenium.common.exceptions.StaleElementReferenceException: Message: stale element reference: stale element not found in the current frame
  (Session info: MicrosoftEdge=139.0.3405.86); For documentation on this error, please visit: https://www.selenium.dev/documentation/webdriver/troubleshooting/errors#staleelementreferenceexception
Stacktrace:
	GetHandleVerifier [0x0x7ff6dec0e785+22117]
	(No symbol) [0x0x7ff6deb5ee00]
	GetHandleVerifier [0x0x7ff6dee94c2c+2669324]
	(No symbol) [0x0x7ff6de933794]
	(No symbol) [0x0x7ff6de93602c]
	(No symbol) [0x0x7ff6de9360ff]
	(No symbol) [0x0x7ff6de97b0a1]
	(No symbol) [0x0x7ff6de96fc66]
	(No symbol) [0x0x7ff6de99a7ea]
	(No symbol) [0x0x7ff6de96f68d]
	(No symbol) [0x0x7ff6de96f54d]
	(No symbol) [0x0x7ff6de99aab0]
	(No symbol) [0x0x7ff6de96f68d]
	(No symbol) [0x0x7ff6de9b762f]
	(No symbol) [0x0x7ff6de99a553]
	(No symbol) [0x0x7ff6de96eb86]
	(No symbol) [0x0x7ff6de96de11]
	(No symbol) [0x0x7ff6de96e9b3]
	(No symbol) [0x0x7ff6dea6907d]
	(No symbol) [0x0x7ff6dea75fe8]
	GetHandleVerifier [0x0x7ff6decef277+942423]
	GetHandleVerifier [0x0x7ff6decf8221+979201]
	(No symbol) [0x0x7ff6deb6c3b1]
	(No symbol) [0x0x7ff6deb64d64]
	(No symbol) [0x0x7ff6deb64eb3]
	(No symbol) [0x0x7ff6deb57016]
	BaseThreadInitThunk [0x0x7fff1474259d+29]
	RtlUserThreadStart [0x0x7fff14b4af38+40]

2025-08-16 01:06:03,690 - INFO - webkeys.py - 180 - 断言，实际结果：https://practicetestautomation.com/logged-in-successfully/   --- 期望值：practicetestautomation.com/logged-in-successfully/
2025-08-16 01:06:13,012 - ERROR - test_web_2.py - 96 - [NoSuchElement] 元素定位失败: //div[@id='row2']/input
Traceback (most recent call last):
  File "D:\PythonStoreHouse\auto_test_quiz\keywords\webkeys.py", line 94, in __find_ele
    ele = self.driver.find_element('xpath', lo)
  File "D:\Python313\Lib\site-packages\selenium\webdriver\remote\webdriver.py", line 926, in find_element
    return self.execute(Command.FIND_ELEMENT, {"using": by, "value": value})["value"]
           ~~~~~~~~~~~~^^^^^^^^^^^^^^^^^^^^^^^^^^^^^^^^^^^^^^^^^^^^^^^^^^^^^
  File "D:\Python313\Lib\site-packages\selenium\webdriver\remote\webdriver.py", line 458, in execute
    self.error_handler.check_response(response)
    ~~~~~~~~~~~~~~~~~~~~~~~~~~~~~~~~~^^^^^^^^^^
  File "D:\Python313\Lib\site-packages\selenium\webdriver\remote\errorhandler.py", line 232, in check_response
    raise exception_class(message, screen, stacktrace)
selenium.common.exceptions.NoSuchElementException: Message: no such element: Unable to locate element: {"method":"xpath","selector":"//div[@id='row2']/input"}
  (Session info: MicrosoftEdge=139.0.3405.86); For documentation on this error, please visit: https://www.selenium.dev/documentation/webdriver/troubleshooting/errors#nosuchelementexception
Stacktrace:
	GetHandleVerifier [0x0x7ff6dec0e785+22117]
	(No symbol) [0x0x7ff6deb5ee00]
	GetHandleVerifier [0x0x7ff6dee94c2c+2669324]
	(No symbol) [0x0x7ff6de97928b]
	(No symbol) [0x0x7ff6de97957b]
	(No symbol) [0x0x7ff6de9b9b47]
	(No symbol) [0x0x7ff6de99a82f]
	(No symbol) [0x0x7ff6de96f68d]
	(No symbol) [0x0x7ff6de9b762f]
	(No symbol) [0x0x7ff6de99a553]
	(No symbol) [0x0x7ff6de96eb86]
	(No symbol) [0x0x7ff6de96de11]
	(No symbol) [0x0x7ff6de96e9b3]
	(No symbol) [0x0x7ff6dea6907d]
	(No symbol) [0x0x7ff6dea75fe8]
	GetHandleVerifier [0x0x7ff6decef277+942423]
	GetHandleVerifier [0x0x7ff6decf8221+979201]
	(No symbol) [0x0x7ff6deb6c3b1]
	(No symbol) [0x0x7ff6deb64d64]
	(No symbol) [0x0x7ff6deb64eb3]
	(No symbol) [0x0x7ff6deb57016]
	BaseThreadInitThunk [0x0x7fff1474259d+29]
	RtlUserThreadStart [0x0x7fff14b4af38+40]


The above exception was the direct cause of the following exception:

Traceback (most recent call last):
  File "D:\PythonStoreHouse\auto_test_quiz\ddt\test_web_2.py", line 81, in test_suite
    res = self.run_step(params)
  File "D:\Python313\Lib\site-packages\allure_commons\_allure.py", line 202, in impl
    return func(*a, **kw)
  File "D:\PythonStoreHouse\auto_test_quiz\ddt\test_web_2.py", line 34, in run_step
    return func(*args[1:])
  File "D:\PythonStoreHouse\auto_test_quiz\keywords\webkeys.py", line 119, in input
    ele = self.__find_ele(lo)
  File "D:\PythonStoreHouse\auto_test_quiz\keywords\webkeys.py", line 109, in __find_ele
    raise AssertionError(f"[NoSuchElement] 元素定位失败: {lo}") from e
AssertionError: [NoSuchElement] 元素定位失败: //div[@id='row2']/input
2025-08-16 01:06:14,022 - INFO - webkeys.py - 265 - 页面已成功刷新
2025-08-16 01:06:16,503 - ERROR - test_web_2.py - 116 - Message: 元素 //div[@id='row2']/input 在  秒内未可见
Traceback (most recent call last):
  File "D:\PythonStoreHouse\auto_test_quiz\keywords\webkeys.py", line 238, in wait_for_element
    WebDriverWait(self.driver, t).until(
    ~~~~~~~~~~~~~~~~~~~~~~~~~~~~~~~~~~~^
        EC.visibility_of_element_located(locator)
        ^^^^^^^^^^^^^^^^^^^^^^^^^^^^^^^^^^^^^^^^^
    )
    ^
  File "D:\Python313\Lib\site-packages\selenium\webdriver\support\wait.py", line 138, in until
    raise TimeoutException(message, screen, stacktrace)
selenium.common.exceptions.TimeoutException: Message: 
Stacktrace:
	GetHandleVerifier [0x0x7ff6dec0e785+22117]
	(No symbol) [0x0x7ff6deb5ee00]
	GetHandleVerifier [0x0x7ff6dee94c2c+2669324]
	(No symbol) [0x0x7ff6de97928b]
	(No symbol) [0x0x7ff6de97957b]
	(No symbol) [0x0x7ff6de9b9b47]
	(No symbol) [0x0x7ff6de99a82f]
	(No symbol) [0x0x7ff6de96f68d]
	(No symbol) [0x0x7ff6de9b762f]
	(No symbol) [0x0x7ff6de99a553]
	(No symbol) [0x0x7ff6de96eb86]
	(No symbol) [0x0x7ff6de96de11]
	(No symbol) [0x0x7ff6de96e9b3]
	(No symbol) [0x0x7ff6dea6907d]
	(No symbol) [0x0x7ff6dea75fe8]
	GetHandleVerifier [0x0x7ff6decef277+942423]
	GetHandleVerifier [0x0x7ff6decf8221+979201]
	(No symbol) [0x0x7ff6deb6c3b1]
	(No symbol) [0x0x7ff6deb64d64]
	(No symbol) [0x0x7ff6deb64eb3]
	(No symbol) [0x0x7ff6deb57016]
	BaseThreadInitThunk [0x0x7fff1474259d+29]
	RtlUserThreadStart [0x0x7fff14b4af38+40]


During handling of the above exception, another exception occurred:

Traceback (most recent call last):
  File "D:\PythonStoreHouse\auto_test_quiz\ddt\test_web_2.py", line 81, in test_suite
    res = self.run_step(params)
  File "D:\Python313\Lib\site-packages\allure_commons\_allure.py", line 202, in impl
    return func(*a, **kw)
  File "D:\PythonStoreHouse\auto_test_quiz\ddt\test_web_2.py", line 34, in run_step
    return func(*args[1:])
  File "D:\PythonStoreHouse\auto_test_quiz\keywords\webkeys.py", line 243, in wait_for_element
    raise TimeoutException(f"元素 {lo} 在 {timeout} 秒内未可见")
selenium.common.exceptions.TimeoutException: Message: 元素 //div[@id='row2']/input 在  秒内未可见

2025-08-16 01:06:17,297 - INFO - webkeys.py - 265 - 页面已成功刷新
2025-08-16 01:06:17,544 - ERROR - test_web_2.py - 116 - Message: invalid element state: Element is not currently interactable and may not be manipulated
  (Session info: MicrosoftEdge=139.0.3405.86)
Stacktrace:
	GetHandleVerifier [0x0x7ff6dec0e785+22117]
	(No symbol) [0x0x7ff6deb5ee00]
	GetHandleVerifier [0x0x7ff6dee94c2c+2669324]
	(No symbol) [0x0x7ff6de933794]
	(No symbol) [0x0x7ff6de93602c]
	(No symbol) [0x0x7ff6de9360ff]
	(No symbol) [0x0x7ff6de9720a4]
	(No symbol) [0x0x7ff6de99a7ea]
	(No symbol) [0x0x7ff6de96f68d]
	(No symbol) [0x0x7ff6de96f54d]
	(No symbol) [0x0x7ff6de99aab0]
	(No symbol) [0x0x7ff6de96f68d]
	(No symbol) [0x0x7ff6de9b762f]
	(No symbol) [0x0x7ff6de99a553]
	(No symbol) [0x0x7ff6de96eb86]
	(No symbol) [0x0x7ff6de96de11]
	(No symbol) [0x0x7ff6de96e9b3]
	(No symbol) [0x0x7ff6dea6907d]
	(No symbol) [0x0x7ff6dea75fe8]
	GetHandleVerifier [0x0x7ff6decef277+942423]
	GetHandleVerifier [0x0x7ff6decf8221+979201]
	(No symbol) [0x0x7ff6deb6c3b1]
	(No symbol) [0x0x7ff6deb64d64]
	(No symbol) [0x0x7ff6deb64eb3]
	(No symbol) [0x0x7ff6deb57016]
	BaseThreadInitThunk [0x0x7fff1474259d+29]
	RtlUserThreadStart [0x0x7fff14b4af38+40]
Traceback (most recent call last):
  File "D:\PythonStoreHouse\auto_test_quiz\ddt\test_web_2.py", line 81, in test_suite
    res = self.run_step(params)
  File "D:\Python313\Lib\site-packages\allure_commons\_allure.py", line 202, in impl
    return func(*a, **kw)
  File "D:\PythonStoreHouse\auto_test_quiz\ddt\test_web_2.py", line 34, in run_step
    return func(*args[1:])
  File "D:\PythonStoreHouse\auto_test_quiz\keywords\webkeys.py", line 133, in clear
    ele.clear()
    ~~~~~~~~~^^
  File "D:\Python313\Lib\site-packages\selenium\webdriver\remote\webelement.py", line 155, in clear
    self._execute(Command.CLEAR_ELEMENT)
    ~~~~~~~~~~~~~^^^^^^^^^^^^^^^^^^^^^^^
  File "D:\Python313\Lib\site-packages\selenium\webdriver\remote\webelement.py", line 573, in _execute
    return self._parent.execute(command, params)
           ~~~~~~~~~~~~~~~~~~~~^^^^^^^^^^^^^^^^^
  File "D:\Python313\Lib\site-packages\selenium\webdriver\remote\webdriver.py", line 458, in execute
    self.error_handler.check_response(response)
    ~~~~~~~~~~~~~~~~~~~~~~~~~~~~~~~~~^^^^^^^^^^
  File "D:\Python313\Lib\site-packages\selenium\webdriver\remote\errorhandler.py", line 232, in check_response
    raise exception_class(message, screen, stacktrace)
selenium.common.exceptions.InvalidElementStateException: Message: invalid element state: Element is not currently interactable and may not be manipulated
  (Session info: MicrosoftEdge=139.0.3405.86)
Stacktrace:
	GetHandleVerifier [0x0x7ff6dec0e785+22117]
	(No symbol) [0x0x7ff6deb5ee00]
	GetHandleVerifier [0x0x7ff6dee94c2c+2669324]
	(No symbol) [0x0x7ff6de933794]
	(No symbol) [0x0x7ff6de93602c]
	(No symbol) [0x0x7ff6de9360ff]
	(No symbol) [0x0x7ff6de9720a4]
	(No symbol) [0x0x7ff6de99a7ea]
	(No symbol) [0x0x7ff6de96f68d]
	(No symbol) [0x0x7ff6de96f54d]
	(No symbol) [0x0x7ff6de99aab0]
	(No symbol) [0x0x7ff6de96f68d]
	(No symbol) [0x0x7ff6de9b762f]
	(No symbol) [0x0x7ff6de99a553]
	(No symbol) [0x0x7ff6de96eb86]
	(No symbol) [0x0x7ff6de96de11]
	(No symbol) [0x0x7ff6de96e9b3]
	(No symbol) [0x0x7ff6dea6907d]
	(No symbol) [0x0x7ff6dea75fe8]
	GetHandleVerifier [0x0x7ff6decef277+942423]
	GetHandleVerifier [0x0x7ff6decf8221+979201]
	(No symbol) [0x0x7ff6deb6c3b1]
	(No symbol) [0x0x7ff6deb64d64]
	(No symbol) [0x0x7ff6deb64eb3]
	(No symbol) [0x0x7ff6deb57016]
	BaseThreadInitThunk [0x0x7fff1474259d+29]
	RtlUserThreadStart [0x0x7fff14b4af38+40]

2025-08-16 01:06:18,407 - INFO - webkeys.py - 265 - 页面已成功刷新
2025-08-16 01:06:18,999 - ERROR - test_web_2.py - 116 - Message: stale element reference: stale element not found in the current frame
  (Session info: MicrosoftEdge=139.0.3405.86); For documentation on this error, please visit: https://www.selenium.dev/documentation/webdriver/troubleshooting/errors#staleelementreferenceexception
Stacktrace:
	GetHandleVerifier [0x0x7ff6dec0e785+22117]
	(No symbol) [0x0x7ff6deb5ee00]
	GetHandleVerifier [0x0x7ff6dee94c2c+2669324]
	(No symbol) [0x0x7ff6de933794]
	(No symbol) [0x0x7ff6de93602c]
	(No symbol) [0x0x7ff6de9360ff]
	(No symbol) [0x0x7ff6de97b0a1]
	(No symbol) [0x0x7ff6de96fc66]
	(No symbol) [0x0x7ff6de99a7ea]
	(No symbol) [0x0x7ff6de96f68d]
	(No symbol) [0x0x7ff6de96f54d]
	(No symbol) [0x0x7ff6de99aab0]
	(No symbol) [0x0x7ff6de96f68d]
	(No symbol) [0x0x7ff6de9b762f]
	(No symbol) [0x0x7ff6de99a553]
	(No symbol) [0x0x7ff6de96eb86]
	(No symbol) [0x0x7ff6de96de11]
	(No symbol) [0x0x7ff6de96e9b3]
	(No symbol) [0x0x7ff6dea6907d]
	(No symbol) [0x0x7ff6dea75fe8]
	GetHandleVerifier [0x0x7ff6decef277+942423]
	GetHandleVerifier [0x0x7ff6decf8221+979201]
	(No symbol) [0x0x7ff6deb6c3b1]
	(No symbol) [0x0x7ff6deb64d64]
	(No symbol) [0x0x7ff6deb64eb3]
	(No symbol) [0x0x7ff6deb57016]
	BaseThreadInitThunk [0x0x7fff1474259d+29]
	RtlUserThreadStart [0x0x7fff14b4af38+40]
Traceback (most recent call last):
  File "D:\PythonStoreHouse\auto_test_quiz\ddt\test_web_2.py", line 81, in test_suite
    res = self.run_step(params)
  File "D:\Python313\Lib\site-packages\allure_commons\_allure.py", line 202, in impl
    return func(*a, **kw)
  File "D:\PythonStoreHouse\auto_test_quiz\ddt\test_web_2.py", line 34, in run_step
    return func(*args[1:])
  File "D:\PythonStoreHouse\auto_test_quiz\keywords\webkeys.py", line 292, in use_element
    target_element.click()
    ~~~~~~~~~~~~~~~~~~~~^^
  File "D:\Python313\Lib\site-packages\selenium\webdriver\remote\webelement.py", line 120, in click
    self._execute(Command.CLICK_ELEMENT)
    ~~~~~~~~~~~~~^^^^^^^^^^^^^^^^^^^^^^^
  File "D:\Python313\Lib\site-packages\selenium\webdriver\remote\webelement.py", line 573, in _execute
    return self._parent.execute(command, params)
           ~~~~~~~~~~~~~~~~~~~~^^^^^^^^^^^^^^^^^
  File "D:\Python313\Lib\site-packages\selenium\webdriver\remote\webdriver.py", line 458, in execute
    self.error_handler.check_response(response)
    ~~~~~~~~~~~~~~~~~~~~~~~~~~~~~~~~~^^^^^^^^^^
  File "D:\Python313\Lib\site-packages\selenium\webdriver\remote\errorhandler.py", line 232, in check_response
    raise exception_class(message, screen, stacktrace)
selenium.common.exceptions.StaleElementReferenceException: Message: stale element reference: stale element not found in the current frame
  (Session info: MicrosoftEdge=139.0.3405.86); For documentation on this error, please visit: https://www.selenium.dev/documentation/webdriver/troubleshooting/errors#staleelementreferenceexception
Stacktrace:
	GetHandleVerifier [0x0x7ff6dec0e785+22117]
	(No symbol) [0x0x7ff6deb5ee00]
	GetHandleVerifier [0x0x7ff6dee94c2c+2669324]
	(No symbol) [0x0x7ff6de933794]
	(No symbol) [0x0x7ff6de93602c]
	(No symbol) [0x0x7ff6de9360ff]
	(No symbol) [0x0x7ff6de97b0a1]
	(No symbol) [0x0x7ff6de96fc66]
	(No symbol) [0x0x7ff6de99a7ea]
	(No symbol) [0x0x7ff6de96f68d]
	(No symbol) [0x0x7ff6de96f54d]
	(No symbol) [0x0x7ff6de99aab0]
	(No symbol) [0x0x7ff6de96f68d]
	(No symbol) [0x0x7ff6de9b762f]
	(No symbol) [0x0x7ff6de99a553]
	(No symbol) [0x0x7ff6de96eb86]
	(No symbol) [0x0x7ff6de96de11]
	(No symbol) [0x0x7ff6de96e9b3]
	(No symbol) [0x0x7ff6dea6907d]
	(No symbol) [0x0x7ff6dea75fe8]
	GetHandleVerifier [0x0x7ff6decef277+942423]
	GetHandleVerifier [0x0x7ff6decf8221+979201]
	(No symbol) [0x0x7ff6deb6c3b1]
	(No symbol) [0x0x7ff6deb64d64]
	(No symbol) [0x0x7ff6deb64eb3]
	(No symbol) [0x0x7ff6deb57016]
	BaseThreadInitThunk [0x0x7fff1474259d+29]
	RtlUserThreadStart [0x0x7fff14b4af38+40]

2025-08-16 01:06:19,857 - INFO - webkeys.py - 265 - 页面已成功刷新
2025-08-16 01:06:22,340 - ERROR - test_web_2.py - 116 - Message: 元素 //div[@id='row2']/input 在 2 秒内未可见
Traceback (most recent call last):
  File "D:\PythonStoreHouse\auto_test_quiz\keywords\webkeys.py", line 238, in wait_for_element
    WebDriverWait(self.driver, t).until(
    ~~~~~~~~~~~~~~~~~~~~~~~~~~~~~~~~~~~^
        EC.visibility_of_element_located(locator)
        ^^^^^^^^^^^^^^^^^^^^^^^^^^^^^^^^^^^^^^^^^
    )
    ^
  File "D:\Python313\Lib\site-packages\selenium\webdriver\support\wait.py", line 138, in until
    raise TimeoutException(message, screen, stacktrace)
selenium.common.exceptions.TimeoutException: Message: 
Stacktrace:
	GetHandleVerifier [0x0x7ff6dec0e785+22117]
	(No symbol) [0x0x7ff6deb5ee00]
	GetHandleVerifier [0x0x7ff6dee94c2c+2669324]
	(No symbol) [0x0x7ff6de97928b]
	(No symbol) [0x0x7ff6de97957b]
	(No symbol) [0x0x7ff6de9b9b47]
	(No symbol) [0x0x7ff6de99a82f]
	(No symbol) [0x0x7ff6de96f68d]
	(No symbol) [0x0x7ff6de9b762f]
	(No symbol) [0x0x7ff6de99a553]
	(No symbol) [0x0x7ff6de96eb86]
	(No symbol) [0x0x7ff6de96de11]
	(No symbol) [0x0x7ff6de96e9b3]
	(No symbol) [0x0x7ff6dea6907d]
	(No symbol) [0x0x7ff6dea75fe8]
	GetHandleVerifier [0x0x7ff6decef277+942423]
	GetHandleVerifier [0x0x7ff6decf8221+979201]
	(No symbol) [0x0x7ff6deb6c3b1]
	(No symbol) [0x0x7ff6deb64d64]
	(No symbol) [0x0x7ff6deb64eb3]
	(No symbol) [0x0x7ff6deb57016]
	BaseThreadInitThunk [0x0x7fff1474259d+29]
	RtlUserThreadStart [0x0x7fff14b4af38+40]


During handling of the above exception, another exception occurred:

Traceback (most recent call last):
  File "D:\PythonStoreHouse\auto_test_quiz\ddt\test_web_2.py", line 81, in test_suite
    res = self.run_step(params)
  File "D:\Python313\Lib\site-packages\allure_commons\_allure.py", line 202, in impl
    return func(*a, **kw)
  File "D:\PythonStoreHouse\auto_test_quiz\ddt\test_web_2.py", line 34, in run_step
    return func(*args[1:])
  File "D:\PythonStoreHouse\auto_test_quiz\keywords\webkeys.py", line 243, in wait_for_element
    raise TimeoutException(f"元素 {lo} 在 {timeout} 秒内未可见")
selenium.common.exceptions.TimeoutException: Message: 元素 //div[@id='row2']/input 在 2 秒内未可见

2025-08-16 01:09:16,200 - INFO - webkeys.py - 180 - 断言，实际结果：https://practicetestautomation.com/logged-in-successfully/   --- 期望值：practicetestautomation.com/logged-in-successfully/
2025-08-16 01:09:25,756 - ERROR - test_web_2.py - 96 - [NoSuchElement] 元素定位失败: //div[@id='row2']/input
Traceback (most recent call last):
  File "D:\PythonStoreHouse\auto_test_quiz\keywords\webkeys.py", line 94, in __find_ele
    ele = self.driver.find_element('xpath', lo)
  File "D:\Python313\Lib\site-packages\selenium\webdriver\remote\webdriver.py", line 926, in find_element
    return self.execute(Command.FIND_ELEMENT, {"using": by, "value": value})["value"]
           ~~~~~~~~~~~~^^^^^^^^^^^^^^^^^^^^^^^^^^^^^^^^^^^^^^^^^^^^^^^^^^^^^
  File "D:\Python313\Lib\site-packages\selenium\webdriver\remote\webdriver.py", line 458, in execute
    self.error_handler.check_response(response)
    ~~~~~~~~~~~~~~~~~~~~~~~~~~~~~~~~~^^^^^^^^^^
  File "D:\Python313\Lib\site-packages\selenium\webdriver\remote\errorhandler.py", line 232, in check_response
    raise exception_class(message, screen, stacktrace)
selenium.common.exceptions.NoSuchElementException: Message: no such element: Unable to locate element: {"method":"xpath","selector":"//div[@id='row2']/input"}
  (Session info: MicrosoftEdge=139.0.3405.86); For documentation on this error, please visit: https://www.selenium.dev/documentation/webdriver/troubleshooting/errors#nosuchelementexception
Stacktrace:
	GetHandleVerifier [0x0x7ff6dec0e785+22117]
	(No symbol) [0x0x7ff6deb5ee00]
	GetHandleVerifier [0x0x7ff6dee94c2c+2669324]
	(No symbol) [0x0x7ff6de97928b]
	(No symbol) [0x0x7ff6de97957b]
	(No symbol) [0x0x7ff6de9b9b47]
	(No symbol) [0x0x7ff6de99a82f]
	(No symbol) [0x0x7ff6de96f68d]
	(No symbol) [0x0x7ff6de9b762f]
	(No symbol) [0x0x7ff6de99a553]
	(No symbol) [0x0x7ff6de96eb86]
	(No symbol) [0x0x7ff6de96de11]
	(No symbol) [0x0x7ff6de96e9b3]
	(No symbol) [0x0x7ff6dea6907d]
	(No symbol) [0x0x7ff6dea75fe8]
	GetHandleVerifier [0x0x7ff6decef277+942423]
	GetHandleVerifier [0x0x7ff6decf8221+979201]
	(No symbol) [0x0x7ff6deb6c3b1]
	(No symbol) [0x0x7ff6deb64d64]
	(No symbol) [0x0x7ff6deb64eb3]
	(No symbol) [0x0x7ff6deb57016]
	BaseThreadInitThunk [0x0x7fff1474259d+29]
	RtlUserThreadStart [0x0x7fff14b4af38+40]


The above exception was the direct cause of the following exception:

Traceback (most recent call last):
  File "D:\PythonStoreHouse\auto_test_quiz\ddt\test_web_2.py", line 81, in test_suite
    res = self.run_step(params)
  File "D:\Python313\Lib\site-packages\allure_commons\_allure.py", line 202, in impl
    return func(*a, **kw)
  File "D:\PythonStoreHouse\auto_test_quiz\ddt\test_web_2.py", line 34, in run_step
    return func(*args[1:])
  File "D:\PythonStoreHouse\auto_test_quiz\keywords\webkeys.py", line 119, in input
    ele = self.__find_ele(lo)
  File "D:\PythonStoreHouse\auto_test_quiz\keywords\webkeys.py", line 109, in __find_ele
    raise AssertionError(f"[NoSuchElement] 元素定位失败: {lo}") from e
AssertionError: [NoSuchElement] 元素定位失败: //div[@id='row2']/input
2025-08-16 01:09:26,798 - INFO - webkeys.py - 266 - 页面已成功刷新
2025-08-16 01:09:29,189 - ERROR - test_web_2.py - 116 - Message: 元素 //div[@id='row2']/input 在  秒内未可见
Traceback (most recent call last):
  File "D:\PythonStoreHouse\auto_test_quiz\keywords\webkeys.py", line 239, in wait_for_element
    WebDriverWait(self.driver, t).until(
    ~~~~~~~~~~~~~~~~~~~~~~~~~~~~~~~~~~~^
        EC.visibility_of_element_located(locator)
        ^^^^^^^^^^^^^^^^^^^^^^^^^^^^^^^^^^^^^^^^^
    )
    ^
  File "D:\Python313\Lib\site-packages\selenium\webdriver\support\wait.py", line 138, in until
    raise TimeoutException(message, screen, stacktrace)
selenium.common.exceptions.TimeoutException: Message: 
Stacktrace:
	GetHandleVerifier [0x0x7ff6dec0e785+22117]
	(No symbol) [0x0x7ff6deb5ee00]
	GetHandleVerifier [0x0x7ff6dee94c2c+2669324]
	(No symbol) [0x0x7ff6de97928b]
	(No symbol) [0x0x7ff6de97957b]
	(No symbol) [0x0x7ff6de9b9b47]
	(No symbol) [0x0x7ff6de99a82f]
	(No symbol) [0x0x7ff6de96f68d]
	(No symbol) [0x0x7ff6de9b762f]
	(No symbol) [0x0x7ff6de99a553]
	(No symbol) [0x0x7ff6de96eb86]
	(No symbol) [0x0x7ff6de96de11]
	(No symbol) [0x0x7ff6de96e9b3]
	(No symbol) [0x0x7ff6dea6907d]
	(No symbol) [0x0x7ff6dea75fe8]
	GetHandleVerifier [0x0x7ff6decef277+942423]
	GetHandleVerifier [0x0x7ff6decf8221+979201]
	(No symbol) [0x0x7ff6deb6c3b1]
	(No symbol) [0x0x7ff6deb64d64]
	(No symbol) [0x0x7ff6deb64eb3]
	(No symbol) [0x0x7ff6deb57016]
	BaseThreadInitThunk [0x0x7fff1474259d+29]
	RtlUserThreadStart [0x0x7fff14b4af38+40]


During handling of the above exception, another exception occurred:

Traceback (most recent call last):
  File "D:\PythonStoreHouse\auto_test_quiz\ddt\test_web_2.py", line 81, in test_suite
    res = self.run_step(params)
  File "D:\Python313\Lib\site-packages\allure_commons\_allure.py", line 202, in impl
    return func(*a, **kw)
  File "D:\PythonStoreHouse\auto_test_quiz\ddt\test_web_2.py", line 34, in run_step
    return func(*args[1:])
  File "D:\PythonStoreHouse\auto_test_quiz\keywords\webkeys.py", line 244, in wait_for_element
    raise TimeoutException(f"元素 {lo} 在 {timeout} 秒内未可见")
selenium.common.exceptions.TimeoutException: Message: 元素 //div[@id='row2']/input 在  秒内未可见

2025-08-16 01:09:30,069 - INFO - webkeys.py - 266 - 页面已成功刷新
2025-08-16 01:09:30,329 - ERROR - test_web_2.py - 116 - Message: invalid element state: Element is not currently interactable and may not be manipulated
  (Session info: MicrosoftEdge=139.0.3405.86)
Stacktrace:
	GetHandleVerifier [0x0x7ff6dec0e785+22117]
	(No symbol) [0x0x7ff6deb5ee00]
	GetHandleVerifier [0x0x7ff6dee94c2c+2669324]
	(No symbol) [0x0x7ff6de933794]
	(No symbol) [0x0x7ff6de93602c]
	(No symbol) [0x0x7ff6de9360ff]
	(No symbol) [0x0x7ff6de9720a4]
	(No symbol) [0x0x7ff6de99a7ea]
	(No symbol) [0x0x7ff6de96f68d]
	(No symbol) [0x0x7ff6de96f54d]
	(No symbol) [0x0x7ff6de99aab0]
	(No symbol) [0x0x7ff6de96f68d]
	(No symbol) [0x0x7ff6de9b762f]
	(No symbol) [0x0x7ff6de99a553]
	(No symbol) [0x0x7ff6de96eb86]
	(No symbol) [0x0x7ff6de96de11]
	(No symbol) [0x0x7ff6de96e9b3]
	(No symbol) [0x0x7ff6dea6907d]
	(No symbol) [0x0x7ff6dea75fe8]
	GetHandleVerifier [0x0x7ff6decef277+942423]
	GetHandleVerifier [0x0x7ff6decf8221+979201]
	(No symbol) [0x0x7ff6deb6c3b1]
	(No symbol) [0x0x7ff6deb64d64]
	(No symbol) [0x0x7ff6deb64eb3]
	(No symbol) [0x0x7ff6deb57016]
	BaseThreadInitThunk [0x0x7fff1474259d+29]
	RtlUserThreadStart [0x0x7fff14b4af38+40]
Traceback (most recent call last):
  File "D:\PythonStoreHouse\auto_test_quiz\ddt\test_web_2.py", line 81, in test_suite
    res = self.run_step(params)
  File "D:\Python313\Lib\site-packages\allure_commons\_allure.py", line 202, in impl
    return func(*a, **kw)
  File "D:\PythonStoreHouse\auto_test_quiz\ddt\test_web_2.py", line 34, in run_step
    return func(*args[1:])
  File "D:\PythonStoreHouse\auto_test_quiz\keywords\webkeys.py", line 133, in clear
    ele.clear()
    ~~~~~~~~~^^
  File "D:\Python313\Lib\site-packages\selenium\webdriver\remote\webelement.py", line 155, in clear
    self._execute(Command.CLEAR_ELEMENT)
    ~~~~~~~~~~~~~^^^^^^^^^^^^^^^^^^^^^^^
  File "D:\Python313\Lib\site-packages\selenium\webdriver\remote\webelement.py", line 573, in _execute
    return self._parent.execute(command, params)
           ~~~~~~~~~~~~~~~~~~~~^^^^^^^^^^^^^^^^^
  File "D:\Python313\Lib\site-packages\selenium\webdriver\remote\webdriver.py", line 458, in execute
    self.error_handler.check_response(response)
    ~~~~~~~~~~~~~~~~~~~~~~~~~~~~~~~~~^^^^^^^^^^
  File "D:\Python313\Lib\site-packages\selenium\webdriver\remote\errorhandler.py", line 232, in check_response
    raise exception_class(message, screen, stacktrace)
selenium.common.exceptions.InvalidElementStateException: Message: invalid element state: Element is not currently interactable and may not be manipulated
  (Session info: MicrosoftEdge=139.0.3405.86)
Stacktrace:
	GetHandleVerifier [0x0x7ff6dec0e785+22117]
	(No symbol) [0x0x7ff6deb5ee00]
	GetHandleVerifier [0x0x7ff6dee94c2c+2669324]
	(No symbol) [0x0x7ff6de933794]
	(No symbol) [0x0x7ff6de93602c]
	(No symbol) [0x0x7ff6de9360ff]
	(No symbol) [0x0x7ff6de9720a4]
	(No symbol) [0x0x7ff6de99a7ea]
	(No symbol) [0x0x7ff6de96f68d]
	(No symbol) [0x0x7ff6de96f54d]
	(No symbol) [0x0x7ff6de99aab0]
	(No symbol) [0x0x7ff6de96f68d]
	(No symbol) [0x0x7ff6de9b762f]
	(No symbol) [0x0x7ff6de99a553]
	(No symbol) [0x0x7ff6de96eb86]
	(No symbol) [0x0x7ff6de96de11]
	(No symbol) [0x0x7ff6de96e9b3]
	(No symbol) [0x0x7ff6dea6907d]
	(No symbol) [0x0x7ff6dea75fe8]
	GetHandleVerifier [0x0x7ff6decef277+942423]
	GetHandleVerifier [0x0x7ff6decf8221+979201]
	(No symbol) [0x0x7ff6deb6c3b1]
	(No symbol) [0x0x7ff6deb64d64]
	(No symbol) [0x0x7ff6deb64eb3]
	(No symbol) [0x0x7ff6deb57016]
	BaseThreadInitThunk [0x0x7fff1474259d+29]
	RtlUserThreadStart [0x0x7fff14b4af38+40]

2025-08-16 01:09:31,160 - INFO - webkeys.py - 266 - 页面已成功刷新
2025-08-16 01:09:31,765 - ERROR - test_web_2.py - 116 - Message: stale element reference: stale element not found in the current frame
  (Session info: MicrosoftEdge=139.0.3405.86); For documentation on this error, please visit: https://www.selenium.dev/documentation/webdriver/troubleshooting/errors#staleelementreferenceexception
Stacktrace:
	GetHandleVerifier [0x0x7ff6dec0e785+22117]
	(No symbol) [0x0x7ff6deb5ee00]
	GetHandleVerifier [0x0x7ff6dee94c2c+2669324]
	(No symbol) [0x0x7ff6de933794]
	(No symbol) [0x0x7ff6de93602c]
	(No symbol) [0x0x7ff6de9360ff]
	(No symbol) [0x0x7ff6de97b0a1]
	(No symbol) [0x0x7ff6de96fc66]
	(No symbol) [0x0x7ff6de99a7ea]
	(No symbol) [0x0x7ff6de96f68d]
	(No symbol) [0x0x7ff6de96f54d]
	(No symbol) [0x0x7ff6de99aab0]
	(No symbol) [0x0x7ff6de96f68d]
	(No symbol) [0x0x7ff6de9b762f]
	(No symbol) [0x0x7ff6de99a553]
	(No symbol) [0x0x7ff6de96eb86]
	(No symbol) [0x0x7ff6de96de11]
	(No symbol) [0x0x7ff6de96e9b3]
	(No symbol) [0x0x7ff6dea6907d]
	(No symbol) [0x0x7ff6dea75fe8]
	GetHandleVerifier [0x0x7ff6decef277+942423]
	GetHandleVerifier [0x0x7ff6decf8221+979201]
	(No symbol) [0x0x7ff6deb6c3b1]
	(No symbol) [0x0x7ff6deb64d64]
	(No symbol) [0x0x7ff6deb64eb3]
	(No symbol) [0x0x7ff6deb57016]
	BaseThreadInitThunk [0x0x7fff1474259d+29]
	RtlUserThreadStart [0x0x7fff14b4af38+40]
Traceback (most recent call last):
  File "D:\PythonStoreHouse\auto_test_quiz\ddt\test_web_2.py", line 81, in test_suite
    res = self.run_step(params)
  File "D:\Python313\Lib\site-packages\allure_commons\_allure.py", line 202, in impl
    return func(*a, **kw)
  File "D:\PythonStoreHouse\auto_test_quiz\ddt\test_web_2.py", line 34, in run_step
    return func(*args[1:])
  File "D:\PythonStoreHouse\auto_test_quiz\keywords\webkeys.py", line 293, in use_element
    target_element.click()
    ~~~~~~~~~~~~~~~~~~~~^^
  File "D:\Python313\Lib\site-packages\selenium\webdriver\remote\webelement.py", line 120, in click
    self._execute(Command.CLICK_ELEMENT)
    ~~~~~~~~~~~~~^^^^^^^^^^^^^^^^^^^^^^^
  File "D:\Python313\Lib\site-packages\selenium\webdriver\remote\webelement.py", line 573, in _execute
    return self._parent.execute(command, params)
           ~~~~~~~~~~~~~~~~~~~~^^^^^^^^^^^^^^^^^
  File "D:\Python313\Lib\site-packages\selenium\webdriver\remote\webdriver.py", line 458, in execute
    self.error_handler.check_response(response)
    ~~~~~~~~~~~~~~~~~~~~~~~~~~~~~~~~~^^^^^^^^^^
  File "D:\Python313\Lib\site-packages\selenium\webdriver\remote\errorhandler.py", line 232, in check_response
    raise exception_class(message, screen, stacktrace)
selenium.common.exceptions.StaleElementReferenceException: Message: stale element reference: stale element not found in the current frame
  (Session info: MicrosoftEdge=139.0.3405.86); For documentation on this error, please visit: https://www.selenium.dev/documentation/webdriver/troubleshooting/errors#staleelementreferenceexception
Stacktrace:
	GetHandleVerifier [0x0x7ff6dec0e785+22117]
	(No symbol) [0x0x7ff6deb5ee00]
	GetHandleVerifier [0x0x7ff6dee94c2c+2669324]
	(No symbol) [0x0x7ff6de933794]
	(No symbol) [0x0x7ff6de93602c]
	(No symbol) [0x0x7ff6de9360ff]
	(No symbol) [0x0x7ff6de97b0a1]
	(No symbol) [0x0x7ff6de96fc66]
	(No symbol) [0x0x7ff6de99a7ea]
	(No symbol) [0x0x7ff6de96f68d]
	(No symbol) [0x0x7ff6de96f54d]
	(No symbol) [0x0x7ff6de99aab0]
	(No symbol) [0x0x7ff6de96f68d]
	(No symbol) [0x0x7ff6de9b762f]
	(No symbol) [0x0x7ff6de99a553]
	(No symbol) [0x0x7ff6de96eb86]
	(No symbol) [0x0x7ff6de96de11]
	(No symbol) [0x0x7ff6de96e9b3]
	(No symbol) [0x0x7ff6dea6907d]
	(No symbol) [0x0x7ff6dea75fe8]
	GetHandleVerifier [0x0x7ff6decef277+942423]
	GetHandleVerifier [0x0x7ff6decf8221+979201]
	(No symbol) [0x0x7ff6deb6c3b1]
	(No symbol) [0x0x7ff6deb64d64]
	(No symbol) [0x0x7ff6deb64eb3]
	(No symbol) [0x0x7ff6deb57016]
	BaseThreadInitThunk [0x0x7fff1474259d+29]
	RtlUserThreadStart [0x0x7fff14b4af38+40]

2025-08-16 01:09:32,608 - INFO - webkeys.py - 266 - 页面已成功刷新
2025-08-16 01:09:35,068 - ERROR - test_web_2.py - 116 - Message: 元素 //div[@id='row2']/input 在 2 秒内未可见
Traceback (most recent call last):
  File "D:\PythonStoreHouse\auto_test_quiz\keywords\webkeys.py", line 239, in wait_for_element
    WebDriverWait(self.driver, t).until(
    ~~~~~~~~~~~~~~~~~~~~~~~~~~~~~~~~~~~^
        EC.visibility_of_element_located(locator)
        ^^^^^^^^^^^^^^^^^^^^^^^^^^^^^^^^^^^^^^^^^
    )
    ^
  File "D:\Python313\Lib\site-packages\selenium\webdriver\support\wait.py", line 138, in until
    raise TimeoutException(message, screen, stacktrace)
selenium.common.exceptions.TimeoutException: Message: 
Stacktrace:
	GetHandleVerifier [0x0x7ff6dec0e785+22117]
	(No symbol) [0x0x7ff6deb5ee00]
	GetHandleVerifier [0x0x7ff6dee94c2c+2669324]
	(No symbol) [0x0x7ff6de97928b]
	(No symbol) [0x0x7ff6de97957b]
	(No symbol) [0x0x7ff6de9b9b47]
	(No symbol) [0x0x7ff6de99a82f]
	(No symbol) [0x0x7ff6de96f68d]
	(No symbol) [0x0x7ff6de9b762f]
	(No symbol) [0x0x7ff6de99a553]
	(No symbol) [0x0x7ff6de96eb86]
	(No symbol) [0x0x7ff6de96de11]
	(No symbol) [0x0x7ff6de96e9b3]
	(No symbol) [0x0x7ff6dea6907d]
	(No symbol) [0x0x7ff6dea75fe8]
	GetHandleVerifier [0x0x7ff6decef277+942423]
	GetHandleVerifier [0x0x7ff6decf8221+979201]
	(No symbol) [0x0x7ff6deb6c3b1]
	(No symbol) [0x0x7ff6deb64d64]
	(No symbol) [0x0x7ff6deb64eb3]
	(No symbol) [0x0x7ff6deb57016]
	BaseThreadInitThunk [0x0x7fff1474259d+29]
	RtlUserThreadStart [0x0x7fff14b4af38+40]


During handling of the above exception, another exception occurred:

Traceback (most recent call last):
  File "D:\PythonStoreHouse\auto_test_quiz\ddt\test_web_2.py", line 81, in test_suite
    res = self.run_step(params)
  File "D:\Python313\Lib\site-packages\allure_commons\_allure.py", line 202, in impl
    return func(*a, **kw)
  File "D:\PythonStoreHouse\auto_test_quiz\ddt\test_web_2.py", line 34, in run_step
    return func(*args[1:])
  File "D:\PythonStoreHouse\auto_test_quiz\keywords\webkeys.py", line 244, in wait_for_element
    raise TimeoutException(f"元素 {lo} 在 {timeout} 秒内未可见")
selenium.common.exceptions.TimeoutException: Message: 元素 //div[@id='row2']/input 在 2 秒内未可见

2025-08-16 01:11:24,424 - INFO - webkeys.py - 180 - 断言，实际结果：https://practicetestautomation.com/logged-in-successfully/   --- 期望值：practicetestautomation.com/logged-in-successfully/
2025-08-16 01:11:33,055 - ERROR - test_web_2.py - 96 - [NoSuchElement] 元素定位失败: //div[@id='row2']/input
Traceback (most recent call last):
  File "D:\PythonStoreHouse\auto_test_quiz\keywords\webkeys.py", line 94, in __find_ele
    ele = self.driver.find_element('xpath', lo)
  File "D:\Python313\Lib\site-packages\selenium\webdriver\remote\webdriver.py", line 926, in find_element
    return self.execute(Command.FIND_ELEMENT, {"using": by, "value": value})["value"]
           ~~~~~~~~~~~~^^^^^^^^^^^^^^^^^^^^^^^^^^^^^^^^^^^^^^^^^^^^^^^^^^^^^
  File "D:\Python313\Lib\site-packages\selenium\webdriver\remote\webdriver.py", line 458, in execute
    self.error_handler.check_response(response)
    ~~~~~~~~~~~~~~~~~~~~~~~~~~~~~~~~~^^^^^^^^^^
  File "D:\Python313\Lib\site-packages\selenium\webdriver\remote\errorhandler.py", line 232, in check_response
    raise exception_class(message, screen, stacktrace)
selenium.common.exceptions.NoSuchElementException: Message: no such element: Unable to locate element: {"method":"xpath","selector":"//div[@id='row2']/input"}
  (Session info: MicrosoftEdge=139.0.3405.86); For documentation on this error, please visit: https://www.selenium.dev/documentation/webdriver/troubleshooting/errors#nosuchelementexception
Stacktrace:
	GetHandleVerifier [0x0x7ff6dec0e785+22117]
	(No symbol) [0x0x7ff6deb5ee00]
	GetHandleVerifier [0x0x7ff6dee94c2c+2669324]
	(No symbol) [0x0x7ff6de97928b]
	(No symbol) [0x0x7ff6de97957b]
	(No symbol) [0x0x7ff6de9b9b47]
	(No symbol) [0x0x7ff6de99a82f]
	(No symbol) [0x0x7ff6de96f68d]
	(No symbol) [0x0x7ff6de9b762f]
	(No symbol) [0x0x7ff6de99a553]
	(No symbol) [0x0x7ff6de96eb86]
	(No symbol) [0x0x7ff6de96de11]
	(No symbol) [0x0x7ff6de96e9b3]
	(No symbol) [0x0x7ff6dea6907d]
	(No symbol) [0x0x7ff6dea75fe8]
	GetHandleVerifier [0x0x7ff6decef277+942423]
	GetHandleVerifier [0x0x7ff6decf8221+979201]
	(No symbol) [0x0x7ff6deb6c3b1]
	(No symbol) [0x0x7ff6deb64d64]
	(No symbol) [0x0x7ff6deb64eb3]
	(No symbol) [0x0x7ff6deb57016]
	BaseThreadInitThunk [0x0x7fff1474259d+29]
	RtlUserThreadStart [0x0x7fff14b4af38+40]


The above exception was the direct cause of the following exception:

Traceback (most recent call last):
  File "D:\PythonStoreHouse\auto_test_quiz\ddt\test_web_2.py", line 81, in test_suite
    res = self.run_step(params)
  File "D:\Python313\Lib\site-packages\allure_commons\_allure.py", line 202, in impl
    return func(*a, **kw)
  File "D:\PythonStoreHouse\auto_test_quiz\ddt\test_web_2.py", line 34, in run_step
    return func(*args[1:])
  File "D:\PythonStoreHouse\auto_test_quiz\keywords\webkeys.py", line 119, in input
    ele = self.__find_ele(lo)
  File "D:\PythonStoreHouse\auto_test_quiz\keywords\webkeys.py", line 109, in __find_ele
    raise AssertionError(f"[NoSuchElement] 元素定位失败: {lo}") from e
AssertionError: [NoSuchElement] 元素定位失败: //div[@id='row2']/input
2025-08-16 01:11:34,146 - INFO - webkeys.py - 266 - 页面已成功刷新
2025-08-16 01:11:36,635 - ERROR - test_web_2.py - 116 - Message: 
Stacktrace:
	GetHandleVerifier [0x0x7ff6dec0e785+22117]
	(No symbol) [0x0x7ff6deb5ee00]
	GetHandleVerifier [0x0x7ff6dee94c2c+2669324]
	(No symbol) [0x0x7ff6de97928b]
	(No symbol) [0x0x7ff6de97957b]
	(No symbol) [0x0x7ff6de9b9b47]
	(No symbol) [0x0x7ff6de99a82f]
	(No symbol) [0x0x7ff6de96f68d]
	(No symbol) [0x0x7ff6de9b762f]
	(No symbol) [0x0x7ff6de99a553]
	(No symbol) [0x0x7ff6de96eb86]
	(No symbol) [0x0x7ff6de96de11]
	(No symbol) [0x0x7ff6de96e9b3]
	(No symbol) [0x0x7ff6dea6907d]
	(No symbol) [0x0x7ff6dea75fe8]
	GetHandleVerifier [0x0x7ff6decef277+942423]
	GetHandleVerifier [0x0x7ff6decf8221+979201]
	(No symbol) [0x0x7ff6deb6c3b1]
	(No symbol) [0x0x7ff6deb64d64]
	(No symbol) [0x0x7ff6deb64eb3]
	(No symbol) [0x0x7ff6deb57016]
	BaseThreadInitThunk [0x0x7fff1474259d+29]
	RtlUserThreadStart [0x0x7fff14b4af38+40]
Traceback (most recent call last):
  File "D:\PythonStoreHouse\auto_test_quiz\ddt\test_web_2.py", line 81, in test_suite
    res = self.run_step(params)
  File "D:\Python313\Lib\site-packages\allure_commons\_allure.py", line 202, in impl
    return func(*a, **kw)
  File "D:\PythonStoreHouse\auto_test_quiz\ddt\test_web_2.py", line 34, in run_step
    return func(*args[1:])
  File "D:\PythonStoreHouse\auto_test_quiz\keywords\webkeys.py", line 239, in wait_for_element
    WebDriverWait(self.driver, t).until(
    ~~~~~~~~~~~~~~~~~~~~~~~~~~~~~~~~~~~^
        EC.visibility_of_element_located(locator)
        ^^^^^^^^^^^^^^^^^^^^^^^^^^^^^^^^^^^^^^^^^
    )
    ^
  File "D:\Python313\Lib\site-packages\selenium\webdriver\support\wait.py", line 138, in until
    raise TimeoutException(message, screen, stacktrace)
selenium.common.exceptions.TimeoutException: Message: 
Stacktrace:
	GetHandleVerifier [0x0x7ff6dec0e785+22117]
	(No symbol) [0x0x7ff6deb5ee00]
	GetHandleVerifier [0x0x7ff6dee94c2c+2669324]
	(No symbol) [0x0x7ff6de97928b]
	(No symbol) [0x0x7ff6de97957b]
	(No symbol) [0x0x7ff6de9b9b47]
	(No symbol) [0x0x7ff6de99a82f]
	(No symbol) [0x0x7ff6de96f68d]
	(No symbol) [0x0x7ff6de9b762f]
	(No symbol) [0x0x7ff6de99a553]
	(No symbol) [0x0x7ff6de96eb86]
	(No symbol) [0x0x7ff6de96de11]
	(No symbol) [0x0x7ff6de96e9b3]
	(No symbol) [0x0x7ff6dea6907d]
	(No symbol) [0x0x7ff6dea75fe8]
	GetHandleVerifier [0x0x7ff6decef277+942423]
	GetHandleVerifier [0x0x7ff6decf8221+979201]
	(No symbol) [0x0x7ff6deb6c3b1]
	(No symbol) [0x0x7ff6deb64d64]
	(No symbol) [0x0x7ff6deb64eb3]
	(No symbol) [0x0x7ff6deb57016]
	BaseThreadInitThunk [0x0x7fff1474259d+29]
	RtlUserThreadStart [0x0x7fff14b4af38+40]

2025-08-16 01:11:37,729 - INFO - webkeys.py - 266 - 页面已成功刷新
2025-08-16 01:11:37,947 - ERROR - test_web_2.py - 116 - Message: invalid element state: Element is not currently interactable and may not be manipulated
  (Session info: MicrosoftEdge=139.0.3405.86)
Stacktrace:
	GetHandleVerifier [0x0x7ff6dec0e785+22117]
	(No symbol) [0x0x7ff6deb5ee00]
	GetHandleVerifier [0x0x7ff6dee94c2c+2669324]
	(No symbol) [0x0x7ff6de933794]
	(No symbol) [0x0x7ff6de93602c]
	(No symbol) [0x0x7ff6de9360ff]
	(No symbol) [0x0x7ff6de9720a4]
	(No symbol) [0x0x7ff6de99a7ea]
	(No symbol) [0x0x7ff6de96f68d]
	(No symbol) [0x0x7ff6de96f54d]
	(No symbol) [0x0x7ff6de99aab0]
	(No symbol) [0x0x7ff6de96f68d]
	(No symbol) [0x0x7ff6de9b762f]
	(No symbol) [0x0x7ff6de99a553]
	(No symbol) [0x0x7ff6de96eb86]
	(No symbol) [0x0x7ff6de96de11]
	(No symbol) [0x0x7ff6de96e9b3]
	(No symbol) [0x0x7ff6dea6907d]
	(No symbol) [0x0x7ff6dea75fe8]
	GetHandleVerifier [0x0x7ff6decef277+942423]
	GetHandleVerifier [0x0x7ff6decf8221+979201]
	(No symbol) [0x0x7ff6deb6c3b1]
	(No symbol) [0x0x7ff6deb64d64]
	(No symbol) [0x0x7ff6deb64eb3]
	(No symbol) [0x0x7ff6deb57016]
	BaseThreadInitThunk [0x0x7fff1474259d+29]
	RtlUserThreadStart [0x0x7fff14b4af38+40]
Traceback (most recent call last):
  File "D:\PythonStoreHouse\auto_test_quiz\ddt\test_web_2.py", line 81, in test_suite
    res = self.run_step(params)
  File "D:\Python313\Lib\site-packages\allure_commons\_allure.py", line 202, in impl
    return func(*a, **kw)
  File "D:\PythonStoreHouse\auto_test_quiz\ddt\test_web_2.py", line 34, in run_step
    return func(*args[1:])
  File "D:\PythonStoreHouse\auto_test_quiz\keywords\webkeys.py", line 133, in clear
    ele.clear()
    ~~~~~~~~~^^
  File "D:\Python313\Lib\site-packages\selenium\webdriver\remote\webelement.py", line 155, in clear
    self._execute(Command.CLEAR_ELEMENT)
    ~~~~~~~~~~~~~^^^^^^^^^^^^^^^^^^^^^^^
  File "D:\Python313\Lib\site-packages\selenium\webdriver\remote\webelement.py", line 573, in _execute
    return self._parent.execute(command, params)
           ~~~~~~~~~~~~~~~~~~~~^^^^^^^^^^^^^^^^^
  File "D:\Python313\Lib\site-packages\selenium\webdriver\remote\webdriver.py", line 458, in execute
    self.error_handler.check_response(response)
    ~~~~~~~~~~~~~~~~~~~~~~~~~~~~~~~~~^^^^^^^^^^
  File "D:\Python313\Lib\site-packages\selenium\webdriver\remote\errorhandler.py", line 232, in check_response
    raise exception_class(message, screen, stacktrace)
selenium.common.exceptions.InvalidElementStateException: Message: invalid element state: Element is not currently interactable and may not be manipulated
  (Session info: MicrosoftEdge=139.0.3405.86)
Stacktrace:
	GetHandleVerifier [0x0x7ff6dec0e785+22117]
	(No symbol) [0x0x7ff6deb5ee00]
	GetHandleVerifier [0x0x7ff6dee94c2c+2669324]
	(No symbol) [0x0x7ff6de933794]
	(No symbol) [0x0x7ff6de93602c]
	(No symbol) [0x0x7ff6de9360ff]
	(No symbol) [0x0x7ff6de9720a4]
	(No symbol) [0x0x7ff6de99a7ea]
	(No symbol) [0x0x7ff6de96f68d]
	(No symbol) [0x0x7ff6de96f54d]
	(No symbol) [0x0x7ff6de99aab0]
	(No symbol) [0x0x7ff6de96f68d]
	(No symbol) [0x0x7ff6de9b762f]
	(No symbol) [0x0x7ff6de99a553]
	(No symbol) [0x0x7ff6de96eb86]
	(No symbol) [0x0x7ff6de96de11]
	(No symbol) [0x0x7ff6de96e9b3]
	(No symbol) [0x0x7ff6dea6907d]
	(No symbol) [0x0x7ff6dea75fe8]
	GetHandleVerifier [0x0x7ff6decef277+942423]
	GetHandleVerifier [0x0x7ff6decf8221+979201]
	(No symbol) [0x0x7ff6deb6c3b1]
	(No symbol) [0x0x7ff6deb64d64]
	(No symbol) [0x0x7ff6deb64eb3]
	(No symbol) [0x0x7ff6deb57016]
	BaseThreadInitThunk [0x0x7fff1474259d+29]
	RtlUserThreadStart [0x0x7fff14b4af38+40]

2025-08-16 01:11:38,848 - INFO - webkeys.py - 266 - 页面已成功刷新
2025-08-16 01:11:39,466 - ERROR - test_web_2.py - 116 - Message: stale element reference: stale element not found in the current frame
  (Session info: MicrosoftEdge=139.0.3405.86); For documentation on this error, please visit: https://www.selenium.dev/documentation/webdriver/troubleshooting/errors#staleelementreferenceexception
Stacktrace:
	GetHandleVerifier [0x0x7ff6dec0e785+22117]
	(No symbol) [0x0x7ff6deb5ee00]
	GetHandleVerifier [0x0x7ff6dee94c2c+2669324]
	(No symbol) [0x0x7ff6de933794]
	(No symbol) [0x0x7ff6de93602c]
	(No symbol) [0x0x7ff6de9360ff]
	(No symbol) [0x0x7ff6de97b0a1]
	(No symbol) [0x0x7ff6de96fc66]
	(No symbol) [0x0x7ff6de99a7ea]
	(No symbol) [0x0x7ff6de96f68d]
	(No symbol) [0x0x7ff6de96f54d]
	(No symbol) [0x0x7ff6de99aab0]
	(No symbol) [0x0x7ff6de96f68d]
	(No symbol) [0x0x7ff6de9b762f]
	(No symbol) [0x0x7ff6de99a553]
	(No symbol) [0x0x7ff6de96eb86]
	(No symbol) [0x0x7ff6de96de11]
	(No symbol) [0x0x7ff6de96e9b3]
	(No symbol) [0x0x7ff6dea6907d]
	(No symbol) [0x0x7ff6dea75fe8]
	GetHandleVerifier [0x0x7ff6decef277+942423]
	GetHandleVerifier [0x0x7ff6decf8221+979201]
	(No symbol) [0x0x7ff6deb6c3b1]
	(No symbol) [0x0x7ff6deb64d64]
	(No symbol) [0x0x7ff6deb64eb3]
	(No symbol) [0x0x7ff6deb57016]
	BaseThreadInitThunk [0x0x7fff1474259d+29]
	RtlUserThreadStart [0x0x7fff14b4af38+40]
Traceback (most recent call last):
  File "D:\PythonStoreHouse\auto_test_quiz\ddt\test_web_2.py", line 81, in test_suite
    res = self.run_step(params)
  File "D:\Python313\Lib\site-packages\allure_commons\_allure.py", line 202, in impl
    return func(*a, **kw)
  File "D:\PythonStoreHouse\auto_test_quiz\ddt\test_web_2.py", line 34, in run_step
    return func(*args[1:])
  File "D:\PythonStoreHouse\auto_test_quiz\keywords\webkeys.py", line 293, in use_element
    target_element.click()
    ~~~~~~~~~~~~~~~~~~~~^^
  File "D:\Python313\Lib\site-packages\selenium\webdriver\remote\webelement.py", line 120, in click
    self._execute(Command.CLICK_ELEMENT)
    ~~~~~~~~~~~~~^^^^^^^^^^^^^^^^^^^^^^^
  File "D:\Python313\Lib\site-packages\selenium\webdriver\remote\webelement.py", line 573, in _execute
    return self._parent.execute(command, params)
           ~~~~~~~~~~~~~~~~~~~~^^^^^^^^^^^^^^^^^
  File "D:\Python313\Lib\site-packages\selenium\webdriver\remote\webdriver.py", line 458, in execute
    self.error_handler.check_response(response)
    ~~~~~~~~~~~~~~~~~~~~~~~~~~~~~~~~~^^^^^^^^^^
  File "D:\Python313\Lib\site-packages\selenium\webdriver\remote\errorhandler.py", line 232, in check_response
    raise exception_class(message, screen, stacktrace)
selenium.common.exceptions.StaleElementReferenceException: Message: stale element reference: stale element not found in the current frame
  (Session info: MicrosoftEdge=139.0.3405.86); For documentation on this error, please visit: https://www.selenium.dev/documentation/webdriver/troubleshooting/errors#staleelementreferenceexception
Stacktrace:
	GetHandleVerifier [0x0x7ff6dec0e785+22117]
	(No symbol) [0x0x7ff6deb5ee00]
	GetHandleVerifier [0x0x7ff6dee94c2c+2669324]
	(No symbol) [0x0x7ff6de933794]
	(No symbol) [0x0x7ff6de93602c]
	(No symbol) [0x0x7ff6de9360ff]
	(No symbol) [0x0x7ff6de97b0a1]
	(No symbol) [0x0x7ff6de96fc66]
	(No symbol) [0x0x7ff6de99a7ea]
	(No symbol) [0x0x7ff6de96f68d]
	(No symbol) [0x0x7ff6de96f54d]
	(No symbol) [0x0x7ff6de99aab0]
	(No symbol) [0x0x7ff6de96f68d]
	(No symbol) [0x0x7ff6de9b762f]
	(No symbol) [0x0x7ff6de99a553]
	(No symbol) [0x0x7ff6de96eb86]
	(No symbol) [0x0x7ff6de96de11]
	(No symbol) [0x0x7ff6de96e9b3]
	(No symbol) [0x0x7ff6dea6907d]
	(No symbol) [0x0x7ff6dea75fe8]
	GetHandleVerifier [0x0x7ff6decef277+942423]
	GetHandleVerifier [0x0x7ff6decf8221+979201]
	(No symbol) [0x0x7ff6deb6c3b1]
	(No symbol) [0x0x7ff6deb64d64]
	(No symbol) [0x0x7ff6deb64eb3]
	(No symbol) [0x0x7ff6deb57016]
	BaseThreadInitThunk [0x0x7fff1474259d+29]
	RtlUserThreadStart [0x0x7fff14b4af38+40]

2025-08-16 01:11:40,347 - INFO - webkeys.py - 266 - 页面已成功刷新
2025-08-16 01:11:42,830 - ERROR - test_web_2.py - 116 - Message: 
Stacktrace:
	GetHandleVerifier [0x0x7ff6dec0e785+22117]
	(No symbol) [0x0x7ff6deb5ee00]
	GetHandleVerifier [0x0x7ff6dee94c2c+2669324]
	(No symbol) [0x0x7ff6de97928b]
	(No symbol) [0x0x7ff6de97957b]
	(No symbol) [0x0x7ff6de9b9b47]
	(No symbol) [0x0x7ff6de99a82f]
	(No symbol) [0x0x7ff6de96f68d]
	(No symbol) [0x0x7ff6de9b762f]
	(No symbol) [0x0x7ff6de99a553]
	(No symbol) [0x0x7ff6de96eb86]
	(No symbol) [0x0x7ff6de96de11]
	(No symbol) [0x0x7ff6de96e9b3]
	(No symbol) [0x0x7ff6dea6907d]
	(No symbol) [0x0x7ff6dea75fe8]
	GetHandleVerifier [0x0x7ff6decef277+942423]
	GetHandleVerifier [0x0x7ff6decf8221+979201]
	(No symbol) [0x0x7ff6deb6c3b1]
	(No symbol) [0x0x7ff6deb64d64]
	(No symbol) [0x0x7ff6deb64eb3]
	(No symbol) [0x0x7ff6deb57016]
	BaseThreadInitThunk [0x0x7fff1474259d+29]
	RtlUserThreadStart [0x0x7fff14b4af38+40]
Traceback (most recent call last):
  File "D:\PythonStoreHouse\auto_test_quiz\ddt\test_web_2.py", line 81, in test_suite
    res = self.run_step(params)
  File "D:\Python313\Lib\site-packages\allure_commons\_allure.py", line 202, in impl
    return func(*a, **kw)
  File "D:\PythonStoreHouse\auto_test_quiz\ddt\test_web_2.py", line 34, in run_step
    return func(*args[1:])
  File "D:\PythonStoreHouse\auto_test_quiz\keywords\webkeys.py", line 239, in wait_for_element
    WebDriverWait(self.driver, t).until(
    ~~~~~~~~~~~~~~~~~~~~~~~~~~~~~~~~~~~^
        EC.visibility_of_element_located(locator)
        ^^^^^^^^^^^^^^^^^^^^^^^^^^^^^^^^^^^^^^^^^
    )
    ^
  File "D:\Python313\Lib\site-packages\selenium\webdriver\support\wait.py", line 138, in until
    raise TimeoutException(message, screen, stacktrace)
selenium.common.exceptions.TimeoutException: Message: 
Stacktrace:
	GetHandleVerifier [0x0x7ff6dec0e785+22117]
	(No symbol) [0x0x7ff6deb5ee00]
	GetHandleVerifier [0x0x7ff6dee94c2c+2669324]
	(No symbol) [0x0x7ff6de97928b]
	(No symbol) [0x0x7ff6de97957b]
	(No symbol) [0x0x7ff6de9b9b47]
	(No symbol) [0x0x7ff6de99a82f]
	(No symbol) [0x0x7ff6de96f68d]
	(No symbol) [0x0x7ff6de9b762f]
	(No symbol) [0x0x7ff6de99a553]
	(No symbol) [0x0x7ff6de96eb86]
	(No symbol) [0x0x7ff6de96de11]
	(No symbol) [0x0x7ff6de96e9b3]
	(No symbol) [0x0x7ff6dea6907d]
	(No symbol) [0x0x7ff6dea75fe8]
	GetHandleVerifier [0x0x7ff6decef277+942423]
	GetHandleVerifier [0x0x7ff6decf8221+979201]
	(No symbol) [0x0x7ff6deb6c3b1]
	(No symbol) [0x0x7ff6deb64d64]
	(No symbol) [0x0x7ff6deb64eb3]
	(No symbol) [0x0x7ff6deb57016]
	BaseThreadInitThunk [0x0x7fff1474259d+29]
	RtlUserThreadStart [0x0x7fff14b4af38+40]

2025-08-16 01:16:57,016 - INFO - webkeys.py - 180 - 断言，实际结果：https://practicetestautomation.com/logged-in-successfully/   --- 期望值：practicetestautomation.com/logged-in-successfully/
2025-08-16 01:17:05,880 - ERROR - test_web_2.py - 96 - [NoSuchElement] 元素定位失败: //div[@id='row2']/input
Traceback (most recent call last):
  File "D:\PythonStoreHouse\auto_test_quiz\keywords\webkeys.py", line 94, in __find_ele
    ele = self.driver.find_element('xpath', lo)
  File "D:\Python313\Lib\site-packages\selenium\webdriver\remote\webdriver.py", line 926, in find_element
    return self.execute(Command.FIND_ELEMENT, {"using": by, "value": value})["value"]
           ~~~~~~~~~~~~^^^^^^^^^^^^^^^^^^^^^^^^^^^^^^^^^^^^^^^^^^^^^^^^^^^^^
  File "D:\Python313\Lib\site-packages\selenium\webdriver\remote\webdriver.py", line 458, in execute
    self.error_handler.check_response(response)
    ~~~~~~~~~~~~~~~~~~~~~~~~~~~~~~~~~^^^^^^^^^^
  File "D:\Python313\Lib\site-packages\selenium\webdriver\remote\errorhandler.py", line 232, in check_response
    raise exception_class(message, screen, stacktrace)
selenium.common.exceptions.NoSuchElementException: Message: no such element: Unable to locate element: {"method":"xpath","selector":"//div[@id='row2']/input"}
  (Session info: MicrosoftEdge=139.0.3405.86); For documentation on this error, please visit: https://www.selenium.dev/documentation/webdriver/troubleshooting/errors#nosuchelementexception
Stacktrace:
	GetHandleVerifier [0x0x7ff6dec0e785+22117]
	(No symbol) [0x0x7ff6deb5ee00]
	GetHandleVerifier [0x0x7ff6dee94c2c+2669324]
	(No symbol) [0x0x7ff6de97928b]
	(No symbol) [0x0x7ff6de97957b]
	(No symbol) [0x0x7ff6de9b9b47]
	(No symbol) [0x0x7ff6de99a82f]
	(No symbol) [0x0x7ff6de96f68d]
	(No symbol) [0x0x7ff6de9b762f]
	(No symbol) [0x0x7ff6de99a553]
	(No symbol) [0x0x7ff6de96eb86]
	(No symbol) [0x0x7ff6de96de11]
	(No symbol) [0x0x7ff6de96e9b3]
	(No symbol) [0x0x7ff6dea6907d]
	(No symbol) [0x0x7ff6dea75fe8]
	GetHandleVerifier [0x0x7ff6decef277+942423]
	GetHandleVerifier [0x0x7ff6decf8221+979201]
	(No symbol) [0x0x7ff6deb6c3b1]
	(No symbol) [0x0x7ff6deb64d64]
	(No symbol) [0x0x7ff6deb64eb3]
	(No symbol) [0x0x7ff6deb57016]
	BaseThreadInitThunk [0x0x7fff1474259d+29]
	RtlUserThreadStart [0x0x7fff14b4af38+40]


The above exception was the direct cause of the following exception:

Traceback (most recent call last):
  File "D:\PythonStoreHouse\auto_test_quiz\ddt\test_web_2.py", line 81, in test_suite
    res = self.run_step(params)
  File "D:\Python313\Lib\site-packages\allure_commons\_allure.py", line 202, in impl
    return func(*a, **kw)
  File "D:\PythonStoreHouse\auto_test_quiz\ddt\test_web_2.py", line 34, in run_step
    return func(*args[1:])
  File "D:\PythonStoreHouse\auto_test_quiz\keywords\webkeys.py", line 119, in input
    ele = self.__find_ele(lo)
  File "D:\PythonStoreHouse\auto_test_quiz\keywords\webkeys.py", line 109, in __find_ele
    raise AssertionError(f"[NoSuchElement] 元素定位失败: {lo}") from e
AssertionError: [NoSuchElement] 元素定位失败: //div[@id='row2']/input
2025-08-16 01:17:06,951 - INFO - webkeys.py - 262 - 页面已成功刷新
2025-08-16 01:17:09,434 - ERROR - test_web_2.py - 116 - Message: 
Stacktrace:
	GetHandleVerifier [0x0x7ff6dec0e785+22117]
	(No symbol) [0x0x7ff6deb5ee00]
	GetHandleVerifier [0x0x7ff6dee94c2c+2669324]
	(No symbol) [0x0x7ff6de97928b]
	(No symbol) [0x0x7ff6de97957b]
	(No symbol) [0x0x7ff6de9b9b47]
	(No symbol) [0x0x7ff6de99a82f]
	(No symbol) [0x0x7ff6de96f68d]
	(No symbol) [0x0x7ff6de9b762f]
	(No symbol) [0x0x7ff6de99a553]
	(No symbol) [0x0x7ff6de96eb86]
	(No symbol) [0x0x7ff6de96de11]
	(No symbol) [0x0x7ff6de96e9b3]
	(No symbol) [0x0x7ff6dea6907d]
	(No symbol) [0x0x7ff6dea75fe8]
	GetHandleVerifier [0x0x7ff6decef277+942423]
	GetHandleVerifier [0x0x7ff6decf8221+979201]
	(No symbol) [0x0x7ff6deb6c3b1]
	(No symbol) [0x0x7ff6deb64d64]
	(No symbol) [0x0x7ff6deb64eb3]
	(No symbol) [0x0x7ff6deb57016]
	BaseThreadInitThunk [0x0x7fff1474259d+29]
	RtlUserThreadStart [0x0x7fff14b4af38+40]
Traceback (most recent call last):
  File "D:\PythonStoreHouse\auto_test_quiz\ddt\test_web_2.py", line 81, in test_suite
    res = self.run_step(params)
  File "D:\Python313\Lib\site-packages\allure_commons\_allure.py", line 202, in impl
    return func(*a, **kw)
  File "D:\PythonStoreHouse\auto_test_quiz\ddt\test_web_2.py", line 34, in run_step
    return func(*args[1:])
  File "D:\PythonStoreHouse\auto_test_quiz\keywords\webkeys.py", line 238, in wait_for_element
    WebDriverWait(self.driver, t).until(
    ~~~~~~~~~~~~~~~~~~~~~~~~~~~~~~~~~~~^
        EC.visibility_of_element_located(locator)
        ^^^^^^^^^^^^^^^^^^^^^^^^^^^^^^^^^^^^^^^^^
    )
    ^
  File "D:\Python313\Lib\site-packages\selenium\webdriver\support\wait.py", line 138, in until
    raise TimeoutException(message, screen, stacktrace)
selenium.common.exceptions.TimeoutException: Message: 
Stacktrace:
	GetHandleVerifier [0x0x7ff6dec0e785+22117]
	(No symbol) [0x0x7ff6deb5ee00]
	GetHandleVerifier [0x0x7ff6dee94c2c+2669324]
	(No symbol) [0x0x7ff6de97928b]
	(No symbol) [0x0x7ff6de97957b]
	(No symbol) [0x0x7ff6de9b9b47]
	(No symbol) [0x0x7ff6de99a82f]
	(No symbol) [0x0x7ff6de96f68d]
	(No symbol) [0x0x7ff6de9b762f]
	(No symbol) [0x0x7ff6de99a553]
	(No symbol) [0x0x7ff6de96eb86]
	(No symbol) [0x0x7ff6de96de11]
	(No symbol) [0x0x7ff6de96e9b3]
	(No symbol) [0x0x7ff6dea6907d]
	(No symbol) [0x0x7ff6dea75fe8]
	GetHandleVerifier [0x0x7ff6decef277+942423]
	GetHandleVerifier [0x0x7ff6decf8221+979201]
	(No symbol) [0x0x7ff6deb6c3b1]
	(No symbol) [0x0x7ff6deb64d64]
	(No symbol) [0x0x7ff6deb64eb3]
	(No symbol) [0x0x7ff6deb57016]
	BaseThreadInitThunk [0x0x7fff1474259d+29]
	RtlUserThreadStart [0x0x7fff14b4af38+40]

2025-08-16 01:17:10,257 - INFO - webkeys.py - 262 - 页面已成功刷新
2025-08-16 01:17:10,490 - ERROR - test_web_2.py - 116 - Message: invalid element state: Element is not currently interactable and may not be manipulated
  (Session info: MicrosoftEdge=139.0.3405.86)
Stacktrace:
	GetHandleVerifier [0x0x7ff6dec0e785+22117]
	(No symbol) [0x0x7ff6deb5ee00]
	GetHandleVerifier [0x0x7ff6dee94c2c+2669324]
	(No symbol) [0x0x7ff6de933794]
	(No symbol) [0x0x7ff6de93602c]
	(No symbol) [0x0x7ff6de9360ff]
	(No symbol) [0x0x7ff6de9720a4]
	(No symbol) [0x0x7ff6de99a7ea]
	(No symbol) [0x0x7ff6de96f68d]
	(No symbol) [0x0x7ff6de96f54d]
	(No symbol) [0x0x7ff6de99aab0]
	(No symbol) [0x0x7ff6de96f68d]
	(No symbol) [0x0x7ff6de9b762f]
	(No symbol) [0x0x7ff6de99a553]
	(No symbol) [0x0x7ff6de96eb86]
	(No symbol) [0x0x7ff6de96de11]
	(No symbol) [0x0x7ff6de96e9b3]
	(No symbol) [0x0x7ff6dea6907d]
	(No symbol) [0x0x7ff6dea75fe8]
	GetHandleVerifier [0x0x7ff6decef277+942423]
	GetHandleVerifier [0x0x7ff6decf8221+979201]
	(No symbol) [0x0x7ff6deb6c3b1]
	(No symbol) [0x0x7ff6deb64d64]
	(No symbol) [0x0x7ff6deb64eb3]
	(No symbol) [0x0x7ff6deb57016]
	BaseThreadInitThunk [0x0x7fff1474259d+29]
	RtlUserThreadStart [0x0x7fff14b4af38+40]
Traceback (most recent call last):
  File "D:\PythonStoreHouse\auto_test_quiz\ddt\test_web_2.py", line 81, in test_suite
    res = self.run_step(params)
  File "D:\Python313\Lib\site-packages\allure_commons\_allure.py", line 202, in impl
    return func(*a, **kw)
  File "D:\PythonStoreHouse\auto_test_quiz\ddt\test_web_2.py", line 34, in run_step
    return func(*args[1:])
  File "D:\PythonStoreHouse\auto_test_quiz\keywords\webkeys.py", line 133, in clear
    ele.clear()
    ~~~~~~~~~^^
  File "D:\Python313\Lib\site-packages\selenium\webdriver\remote\webelement.py", line 155, in clear
    self._execute(Command.CLEAR_ELEMENT)
    ~~~~~~~~~~~~~^^^^^^^^^^^^^^^^^^^^^^^
  File "D:\Python313\Lib\site-packages\selenium\webdriver\remote\webelement.py", line 573, in _execute
    return self._parent.execute(command, params)
           ~~~~~~~~~~~~~~~~~~~~^^^^^^^^^^^^^^^^^
  File "D:\Python313\Lib\site-packages\selenium\webdriver\remote\webdriver.py", line 458, in execute
    self.error_handler.check_response(response)
    ~~~~~~~~~~~~~~~~~~~~~~~~~~~~~~~~~^^^^^^^^^^
  File "D:\Python313\Lib\site-packages\selenium\webdriver\remote\errorhandler.py", line 232, in check_response
    raise exception_class(message, screen, stacktrace)
selenium.common.exceptions.InvalidElementStateException: Message: invalid element state: Element is not currently interactable and may not be manipulated
  (Session info: MicrosoftEdge=139.0.3405.86)
Stacktrace:
	GetHandleVerifier [0x0x7ff6dec0e785+22117]
	(No symbol) [0x0x7ff6deb5ee00]
	GetHandleVerifier [0x0x7ff6dee94c2c+2669324]
	(No symbol) [0x0x7ff6de933794]
	(No symbol) [0x0x7ff6de93602c]
	(No symbol) [0x0x7ff6de9360ff]
	(No symbol) [0x0x7ff6de9720a4]
	(No symbol) [0x0x7ff6de99a7ea]
	(No symbol) [0x0x7ff6de96f68d]
	(No symbol) [0x0x7ff6de96f54d]
	(No symbol) [0x0x7ff6de99aab0]
	(No symbol) [0x0x7ff6de96f68d]
	(No symbol) [0x0x7ff6de9b762f]
	(No symbol) [0x0x7ff6de99a553]
	(No symbol) [0x0x7ff6de96eb86]
	(No symbol) [0x0x7ff6de96de11]
	(No symbol) [0x0x7ff6de96e9b3]
	(No symbol) [0x0x7ff6dea6907d]
	(No symbol) [0x0x7ff6dea75fe8]
	GetHandleVerifier [0x0x7ff6decef277+942423]
	GetHandleVerifier [0x0x7ff6decf8221+979201]
	(No symbol) [0x0x7ff6deb6c3b1]
	(No symbol) [0x0x7ff6deb64d64]
	(No symbol) [0x0x7ff6deb64eb3]
	(No symbol) [0x0x7ff6deb57016]
	BaseThreadInitThunk [0x0x7fff1474259d+29]
	RtlUserThreadStart [0x0x7fff14b4af38+40]

2025-08-16 01:17:11,378 - INFO - webkeys.py - 262 - 页面已成功刷新
2025-08-16 01:17:11,995 - ERROR - test_web_2.py - 116 - Message: stale element reference: stale element not found in the current frame
  (Session info: MicrosoftEdge=139.0.3405.86); For documentation on this error, please visit: https://www.selenium.dev/documentation/webdriver/troubleshooting/errors#staleelementreferenceexception
Stacktrace:
	GetHandleVerifier [0x0x7ff6dec0e785+22117]
	(No symbol) [0x0x7ff6deb5ee00]
	GetHandleVerifier [0x0x7ff6dee94c2c+2669324]
	(No symbol) [0x0x7ff6de933794]
	(No symbol) [0x0x7ff6de93602c]
	(No symbol) [0x0x7ff6de9360ff]
	(No symbol) [0x0x7ff6de97b0a1]
	(No symbol) [0x0x7ff6de96fc66]
	(No symbol) [0x0x7ff6de99a7ea]
	(No symbol) [0x0x7ff6de96f68d]
	(No symbol) [0x0x7ff6de96f54d]
	(No symbol) [0x0x7ff6de99aab0]
	(No symbol) [0x0x7ff6de96f68d]
	(No symbol) [0x0x7ff6de9b762f]
	(No symbol) [0x0x7ff6de99a553]
	(No symbol) [0x0x7ff6de96eb86]
	(No symbol) [0x0x7ff6de96de11]
	(No symbol) [0x0x7ff6de96e9b3]
	(No symbol) [0x0x7ff6dea6907d]
	(No symbol) [0x0x7ff6dea75fe8]
	GetHandleVerifier [0x0x7ff6decef277+942423]
	GetHandleVerifier [0x0x7ff6decf8221+979201]
	(No symbol) [0x0x7ff6deb6c3b1]
	(No symbol) [0x0x7ff6deb64d64]
	(No symbol) [0x0x7ff6deb64eb3]
	(No symbol) [0x0x7ff6deb57016]
	BaseThreadInitThunk [0x0x7fff1474259d+29]
	RtlUserThreadStart [0x0x7fff14b4af38+40]
Traceback (most recent call last):
  File "D:\PythonStoreHouse\auto_test_quiz\ddt\test_web_2.py", line 81, in test_suite
    res = self.run_step(params)
  File "D:\Python313\Lib\site-packages\allure_commons\_allure.py", line 202, in impl
    return func(*a, **kw)
  File "D:\PythonStoreHouse\auto_test_quiz\ddt\test_web_2.py", line 34, in run_step
    return func(*args[1:])
  File "D:\PythonStoreHouse\auto_test_quiz\keywords\webkeys.py", line 289, in use_element
    target_element.click()
    ~~~~~~~~~~~~~~~~~~~~^^
  File "D:\Python313\Lib\site-packages\selenium\webdriver\remote\webelement.py", line 120, in click
    self._execute(Command.CLICK_ELEMENT)
    ~~~~~~~~~~~~~^^^^^^^^^^^^^^^^^^^^^^^
  File "D:\Python313\Lib\site-packages\selenium\webdriver\remote\webelement.py", line 573, in _execute
    return self._parent.execute(command, params)
           ~~~~~~~~~~~~~~~~~~~~^^^^^^^^^^^^^^^^^
  File "D:\Python313\Lib\site-packages\selenium\webdriver\remote\webdriver.py", line 458, in execute
    self.error_handler.check_response(response)
    ~~~~~~~~~~~~~~~~~~~~~~~~~~~~~~~~~^^^^^^^^^^
  File "D:\Python313\Lib\site-packages\selenium\webdriver\remote\errorhandler.py", line 232, in check_response
    raise exception_class(message, screen, stacktrace)
selenium.common.exceptions.StaleElementReferenceException: Message: stale element reference: stale element not found in the current frame
  (Session info: MicrosoftEdge=139.0.3405.86); For documentation on this error, please visit: https://www.selenium.dev/documentation/webdriver/troubleshooting/errors#staleelementreferenceexception
Stacktrace:
	GetHandleVerifier [0x0x7ff6dec0e785+22117]
	(No symbol) [0x0x7ff6deb5ee00]
	GetHandleVerifier [0x0x7ff6dee94c2c+2669324]
	(No symbol) [0x0x7ff6de933794]
	(No symbol) [0x0x7ff6de93602c]
	(No symbol) [0x0x7ff6de9360ff]
	(No symbol) [0x0x7ff6de97b0a1]
	(No symbol) [0x0x7ff6de96fc66]
	(No symbol) [0x0x7ff6de99a7ea]
	(No symbol) [0x0x7ff6de96f68d]
	(No symbol) [0x0x7ff6de96f54d]
	(No symbol) [0x0x7ff6de99aab0]
	(No symbol) [0x0x7ff6de96f68d]
	(No symbol) [0x0x7ff6de9b762f]
	(No symbol) [0x0x7ff6de99a553]
	(No symbol) [0x0x7ff6de96eb86]
	(No symbol) [0x0x7ff6de96de11]
	(No symbol) [0x0x7ff6de96e9b3]
	(No symbol) [0x0x7ff6dea6907d]
	(No symbol) [0x0x7ff6dea75fe8]
	GetHandleVerifier [0x0x7ff6decef277+942423]
	GetHandleVerifier [0x0x7ff6decf8221+979201]
	(No symbol) [0x0x7ff6deb6c3b1]
	(No symbol) [0x0x7ff6deb64d64]
	(No symbol) [0x0x7ff6deb64eb3]
	(No symbol) [0x0x7ff6deb57016]
	BaseThreadInitThunk [0x0x7fff1474259d+29]
	RtlUserThreadStart [0x0x7fff14b4af38+40]

2025-08-16 01:17:12,807 - INFO - webkeys.py - 262 - 页面已成功刷新
2025-08-16 01:17:15,293 - ERROR - test_web_2.py - 116 - Message: 
Stacktrace:
	GetHandleVerifier [0x0x7ff6dec0e785+22117]
	(No symbol) [0x0x7ff6deb5ee00]
	GetHandleVerifier [0x0x7ff6dee94c2c+2669324]
	(No symbol) [0x0x7ff6de97928b]
	(No symbol) [0x0x7ff6de97957b]
	(No symbol) [0x0x7ff6de9b9b47]
	(No symbol) [0x0x7ff6de99a82f]
	(No symbol) [0x0x7ff6de96f68d]
	(No symbol) [0x0x7ff6de9b762f]
	(No symbol) [0x0x7ff6de99a553]
	(No symbol) [0x0x7ff6de96eb86]
	(No symbol) [0x0x7ff6de96de11]
	(No symbol) [0x0x7ff6de96e9b3]
	(No symbol) [0x0x7ff6dea6907d]
	(No symbol) [0x0x7ff6dea75fe8]
	GetHandleVerifier [0x0x7ff6decef277+942423]
	GetHandleVerifier [0x0x7ff6decf8221+979201]
	(No symbol) [0x0x7ff6deb6c3b1]
	(No symbol) [0x0x7ff6deb64d64]
	(No symbol) [0x0x7ff6deb64eb3]
	(No symbol) [0x0x7ff6deb57016]
	BaseThreadInitThunk [0x0x7fff1474259d+29]
	RtlUserThreadStart [0x0x7fff14b4af38+40]
Traceback (most recent call last):
  File "D:\PythonStoreHouse\auto_test_quiz\ddt\test_web_2.py", line 81, in test_suite
    res = self.run_step(params)
  File "D:\Python313\Lib\site-packages\allure_commons\_allure.py", line 202, in impl
    return func(*a, **kw)
  File "D:\PythonStoreHouse\auto_test_quiz\ddt\test_web_2.py", line 34, in run_step
    return func(*args[1:])
  File "D:\PythonStoreHouse\auto_test_quiz\keywords\webkeys.py", line 238, in wait_for_element
    WebDriverWait(self.driver, t).until(
    ~~~~~~~~~~~~~~~~~~~~~~~~~~~~~~~~~~~^
        EC.visibility_of_element_located(locator)
        ^^^^^^^^^^^^^^^^^^^^^^^^^^^^^^^^^^^^^^^^^
    )
    ^
  File "D:\Python313\Lib\site-packages\selenium\webdriver\support\wait.py", line 138, in until
    raise TimeoutException(message, screen, stacktrace)
selenium.common.exceptions.TimeoutException: Message: 
Stacktrace:
	GetHandleVerifier [0x0x7ff6dec0e785+22117]
	(No symbol) [0x0x7ff6deb5ee00]
	GetHandleVerifier [0x0x7ff6dee94c2c+2669324]
	(No symbol) [0x0x7ff6de97928b]
	(No symbol) [0x0x7ff6de97957b]
	(No symbol) [0x0x7ff6de9b9b47]
	(No symbol) [0x0x7ff6de99a82f]
	(No symbol) [0x0x7ff6de96f68d]
	(No symbol) [0x0x7ff6de9b762f]
	(No symbol) [0x0x7ff6de99a553]
	(No symbol) [0x0x7ff6de96eb86]
	(No symbol) [0x0x7ff6de96de11]
	(No symbol) [0x0x7ff6de96e9b3]
	(No symbol) [0x0x7ff6dea6907d]
	(No symbol) [0x0x7ff6dea75fe8]
	GetHandleVerifier [0x0x7ff6decef277+942423]
	GetHandleVerifier [0x0x7ff6decf8221+979201]
	(No symbol) [0x0x7ff6deb6c3b1]
	(No symbol) [0x0x7ff6deb64d64]
	(No symbol) [0x0x7ff6deb64eb3]
	(No symbol) [0x0x7ff6deb57016]
	BaseThreadInitThunk [0x0x7fff1474259d+29]
	RtlUserThreadStart [0x0x7fff14b4af38+40]

2025-08-16 01:22:25,055 - INFO - webkeys.py - 180 - 断言，实际结果：https://practicetestautomation.com/logged-in-successfully/   --- 期望值：practicetestautomation.com/logged-in-successfully/
2025-08-16 01:22:33,669 - ERROR - test_web_2.py - 96 - [NoSuchElement] 元素定位失败: //div[@id='row2']/input
Traceback (most recent call last):
  File "D:\PythonStoreHouse\auto_test_quiz\keywords\webkeys.py", line 94, in __find_ele
    ele = self.driver.find_element('xpath', lo)
  File "D:\Python313\Lib\site-packages\selenium\webdriver\remote\webdriver.py", line 926, in find_element
    return self.execute(Command.FIND_ELEMENT, {"using": by, "value": value})["value"]
           ~~~~~~~~~~~~^^^^^^^^^^^^^^^^^^^^^^^^^^^^^^^^^^^^^^^^^^^^^^^^^^^^^
  File "D:\Python313\Lib\site-packages\selenium\webdriver\remote\webdriver.py", line 458, in execute
    self.error_handler.check_response(response)
    ~~~~~~~~~~~~~~~~~~~~~~~~~~~~~~~~~^^^^^^^^^^
  File "D:\Python313\Lib\site-packages\selenium\webdriver\remote\errorhandler.py", line 232, in check_response
    raise exception_class(message, screen, stacktrace)
selenium.common.exceptions.NoSuchElementException: Message: no such element: Unable to locate element: {"method":"xpath","selector":"//div[@id='row2']/input"}
  (Session info: MicrosoftEdge=139.0.3405.86); For documentation on this error, please visit: https://www.selenium.dev/documentation/webdriver/troubleshooting/errors#nosuchelementexception
Stacktrace:
	GetHandleVerifier [0x0x7ff6dec0e785+22117]
	(No symbol) [0x0x7ff6deb5ee00]
	GetHandleVerifier [0x0x7ff6dee94c2c+2669324]
	(No symbol) [0x0x7ff6de97928b]
	(No symbol) [0x0x7ff6de97957b]
	(No symbol) [0x0x7ff6de9b9b47]
	(No symbol) [0x0x7ff6de99a82f]
	(No symbol) [0x0x7ff6de96f68d]
	(No symbol) [0x0x7ff6de9b762f]
	(No symbol) [0x0x7ff6de99a553]
	(No symbol) [0x0x7ff6de96eb86]
	(No symbol) [0x0x7ff6de96de11]
	(No symbol) [0x0x7ff6de96e9b3]
	(No symbol) [0x0x7ff6dea6907d]
	(No symbol) [0x0x7ff6dea75fe8]
	GetHandleVerifier [0x0x7ff6decef277+942423]
	GetHandleVerifier [0x0x7ff6decf8221+979201]
	(No symbol) [0x0x7ff6deb6c3b1]
	(No symbol) [0x0x7ff6deb64d64]
	(No symbol) [0x0x7ff6deb64eb3]
	(No symbol) [0x0x7ff6deb57016]
	BaseThreadInitThunk [0x0x7fff1474259d+29]
	RtlUserThreadStart [0x0x7fff14b4af38+40]


The above exception was the direct cause of the following exception:

Traceback (most recent call last):
  File "D:\PythonStoreHouse\auto_test_quiz\ddt\test_web_2.py", line 81, in test_suite
    res = self.run_step(params)
  File "D:\Python313\Lib\site-packages\allure_commons\_allure.py", line 202, in impl
    return func(*a, **kw)
  File "D:\PythonStoreHouse\auto_test_quiz\ddt\test_web_2.py", line 34, in run_step
    return func(*args[1:])
  File "D:\PythonStoreHouse\auto_test_quiz\keywords\webkeys.py", line 119, in input
    ele = self.__find_ele(lo)
  File "D:\PythonStoreHouse\auto_test_quiz\keywords\webkeys.py", line 109, in __find_ele
    raise AssertionError(f"[NoSuchElement] 元素定位失败: {lo}") from e
AssertionError: [NoSuchElement] 元素定位失败: //div[@id='row2']/input
2025-08-16 01:22:34,869 - INFO - webkeys.py - 262 - 页面已成功刷新
2025-08-16 01:22:42,625 - ERROR - test_web_2.py - 96 - [ElementNotInteractable] 元素不可交互: $Save
Traceback (most recent call last):
  File "D:\PythonStoreHouse\auto_test_quiz\keywords\webkeys.py", line 143, in click
    ele.click()
    ~~~~~~~~~^^
  File "D:\Python313\Lib\site-packages\selenium\webdriver\remote\webelement.py", line 120, in click
    self._execute(Command.CLICK_ELEMENT)
    ~~~~~~~~~~~~~^^^^^^^^^^^^^^^^^^^^^^^
  File "D:\Python313\Lib\site-packages\selenium\webdriver\remote\webelement.py", line 573, in _execute
    return self._parent.execute(command, params)
           ~~~~~~~~~~~~~~~~~~~~^^^^^^^^^^^^^^^^^
  File "D:\Python313\Lib\site-packages\selenium\webdriver\remote\webdriver.py", line 458, in execute
    self.error_handler.check_response(response)
    ~~~~~~~~~~~~~~~~~~~~~~~~~~~~~~~~~^^^^^^^^^^
  File "D:\Python313\Lib\site-packages\selenium\webdriver\remote\errorhandler.py", line 232, in check_response
    raise exception_class(message, screen, stacktrace)
selenium.common.exceptions.ElementNotInteractableException: Message: element not interactable
  (Session info: MicrosoftEdge=139.0.3405.86); For documentation on this error, please visit: https://www.selenium.dev/documentation/webdriver/troubleshooting/errors#elementnotinteractableexception
Stacktrace:
	GetHandleVerifier [0x0x7ff6dec0e785+22117]
	(No symbol) [0x0x7ff6deb5ee00]
	(No symbol) [0x0x7ff6de92cdb0]
	(No symbol) [0x0x7ff6de97a745]
	(No symbol) [0x0x7ff6de96fcfe]
	(No symbol) [0x0x7ff6de99a7ea]
	(No symbol) [0x0x7ff6de96f68d]
	(No symbol) [0x0x7ff6de96f54d]
	(No symbol) [0x0x7ff6de99aab0]
	(No symbol) [0x0x7ff6de96f68d]
	(No symbol) [0x0x7ff6de9b762f]
	(No symbol) [0x0x7ff6de99a553]
	(No symbol) [0x0x7ff6de96eb86]
	(No symbol) [0x0x7ff6de96de11]
	(No symbol) [0x0x7ff6de96e9b3]
	(No symbol) [0x0x7ff6dea6907d]
	(No symbol) [0x0x7ff6dea75fe8]
	GetHandleVerifier [0x0x7ff6decef277+942423]
	GetHandleVerifier [0x0x7ff6decf8221+979201]
	(No symbol) [0x0x7ff6deb6c3b1]
	(No symbol) [0x0x7ff6deb64d64]
	(No symbol) [0x0x7ff6deb64eb3]
	(No symbol) [0x0x7ff6deb57016]
	BaseThreadInitThunk [0x0x7fff1474259d+29]
	RtlUserThreadStart [0x0x7fff14b4af38+40]


The above exception was the direct cause of the following exception:

Traceback (most recent call last):
  File "D:\PythonStoreHouse\auto_test_quiz\ddt\test_web_2.py", line 81, in test_suite
    res = self.run_step(params)
  File "D:\Python313\Lib\site-packages\allure_commons\_allure.py", line 202, in impl
    return func(*a, **kw)
  File "D:\PythonStoreHouse\auto_test_quiz\ddt\test_web_2.py", line 34, in run_step
    return func(*args[1:])
  File "D:\PythonStoreHouse\auto_test_quiz\keywords\webkeys.py", line 145, in click
    raise AssertionError(f"[ElementNotInteractable] 元素不可交互: {lo}") from e
AssertionError: [ElementNotInteractable] 元素不可交互: $Save
2025-08-16 01:22:43,454 - INFO - webkeys.py - 262 - 页面已成功刷新
2025-08-16 01:22:43,686 - ERROR - test_web_2.py - 116 - Message: invalid element state: Element is not currently interactable and may not be manipulated
  (Session info: MicrosoftEdge=139.0.3405.86)
Stacktrace:
	GetHandleVerifier [0x0x7ff6dec0e785+22117]
	(No symbol) [0x0x7ff6deb5ee00]
	GetHandleVerifier [0x0x7ff6dee94c2c+2669324]
	(No symbol) [0x0x7ff6de933794]
	(No symbol) [0x0x7ff6de93602c]
	(No symbol) [0x0x7ff6de9360ff]
	(No symbol) [0x0x7ff6de9720a4]
	(No symbol) [0x0x7ff6de99a7ea]
	(No symbol) [0x0x7ff6de96f68d]
	(No symbol) [0x0x7ff6de96f54d]
	(No symbol) [0x0x7ff6de99aab0]
	(No symbol) [0x0x7ff6de96f68d]
	(No symbol) [0x0x7ff6de9b762f]
	(No symbol) [0x0x7ff6de99a553]
	(No symbol) [0x0x7ff6de96eb86]
	(No symbol) [0x0x7ff6de96de11]
	(No symbol) [0x0x7ff6de96e9b3]
	(No symbol) [0x0x7ff6dea6907d]
	(No symbol) [0x0x7ff6dea75fe8]
	GetHandleVerifier [0x0x7ff6decef277+942423]
	GetHandleVerifier [0x0x7ff6decf8221+979201]
	(No symbol) [0x0x7ff6deb6c3b1]
	(No symbol) [0x0x7ff6deb64d64]
	(No symbol) [0x0x7ff6deb64eb3]
	(No symbol) [0x0x7ff6deb57016]
	BaseThreadInitThunk [0x0x7fff1474259d+29]
	RtlUserThreadStart [0x0x7fff14b4af38+40]
Traceback (most recent call last):
  File "D:\PythonStoreHouse\auto_test_quiz\ddt\test_web_2.py", line 81, in test_suite
    res = self.run_step(params)
  File "D:\Python313\Lib\site-packages\allure_commons\_allure.py", line 202, in impl
    return func(*a, **kw)
  File "D:\PythonStoreHouse\auto_test_quiz\ddt\test_web_2.py", line 34, in run_step
    return func(*args[1:])
  File "D:\PythonStoreHouse\auto_test_quiz\keywords\webkeys.py", line 133, in clear
    ele.clear()
    ~~~~~~~~~^^
  File "D:\Python313\Lib\site-packages\selenium\webdriver\remote\webelement.py", line 155, in clear
    self._execute(Command.CLEAR_ELEMENT)
    ~~~~~~~~~~~~~^^^^^^^^^^^^^^^^^^^^^^^
  File "D:\Python313\Lib\site-packages\selenium\webdriver\remote\webelement.py", line 573, in _execute
    return self._parent.execute(command, params)
           ~~~~~~~~~~~~~~~~~~~~^^^^^^^^^^^^^^^^^
  File "D:\Python313\Lib\site-packages\selenium\webdriver\remote\webdriver.py", line 458, in execute
    self.error_handler.check_response(response)
    ~~~~~~~~~~~~~~~~~~~~~~~~~~~~~~~~~^^^^^^^^^^
  File "D:\Python313\Lib\site-packages\selenium\webdriver\remote\errorhandler.py", line 232, in check_response
    raise exception_class(message, screen, stacktrace)
selenium.common.exceptions.InvalidElementStateException: Message: invalid element state: Element is not currently interactable and may not be manipulated
  (Session info: MicrosoftEdge=139.0.3405.86)
Stacktrace:
	GetHandleVerifier [0x0x7ff6dec0e785+22117]
	(No symbol) [0x0x7ff6deb5ee00]
	GetHandleVerifier [0x0x7ff6dee94c2c+2669324]
	(No symbol) [0x0x7ff6de933794]
	(No symbol) [0x0x7ff6de93602c]
	(No symbol) [0x0x7ff6de9360ff]
	(No symbol) [0x0x7ff6de9720a4]
	(No symbol) [0x0x7ff6de99a7ea]
	(No symbol) [0x0x7ff6de96f68d]
	(No symbol) [0x0x7ff6de96f54d]
	(No symbol) [0x0x7ff6de99aab0]
	(No symbol) [0x0x7ff6de96f68d]
	(No symbol) [0x0x7ff6de9b762f]
	(No symbol) [0x0x7ff6de99a553]
	(No symbol) [0x0x7ff6de96eb86]
	(No symbol) [0x0x7ff6de96de11]
	(No symbol) [0x0x7ff6de96e9b3]
	(No symbol) [0x0x7ff6dea6907d]
	(No symbol) [0x0x7ff6dea75fe8]
	GetHandleVerifier [0x0x7ff6decef277+942423]
	GetHandleVerifier [0x0x7ff6decf8221+979201]
	(No symbol) [0x0x7ff6deb6c3b1]
	(No symbol) [0x0x7ff6deb64d64]
	(No symbol) [0x0x7ff6deb64eb3]
	(No symbol) [0x0x7ff6deb57016]
	BaseThreadInitThunk [0x0x7fff1474259d+29]
	RtlUserThreadStart [0x0x7fff14b4af38+40]

2025-08-16 01:22:44,515 - INFO - webkeys.py - 262 - 页面已成功刷新
2025-08-16 01:22:45,152 - ERROR - test_web_2.py - 116 - Message: stale element reference: stale element not found in the current frame
  (Session info: MicrosoftEdge=139.0.3405.86); For documentation on this error, please visit: https://www.selenium.dev/documentation/webdriver/troubleshooting/errors#staleelementreferenceexception
Stacktrace:
	GetHandleVerifier [0x0x7ff6dec0e785+22117]
	(No symbol) [0x0x7ff6deb5ee00]
	GetHandleVerifier [0x0x7ff6dee94c2c+2669324]
	(No symbol) [0x0x7ff6de933794]
	(No symbol) [0x0x7ff6de93602c]
	(No symbol) [0x0x7ff6de9360ff]
	(No symbol) [0x0x7ff6de97b0a1]
	(No symbol) [0x0x7ff6de96fc66]
	(No symbol) [0x0x7ff6de99a7ea]
	(No symbol) [0x0x7ff6de96f68d]
	(No symbol) [0x0x7ff6de96f54d]
	(No symbol) [0x0x7ff6de99aab0]
	(No symbol) [0x0x7ff6de96f68d]
	(No symbol) [0x0x7ff6de9b762f]
	(No symbol) [0x0x7ff6de99a553]
	(No symbol) [0x0x7ff6de96eb86]
	(No symbol) [0x0x7ff6de96de11]
	(No symbol) [0x0x7ff6de96e9b3]
	(No symbol) [0x0x7ff6dea6907d]
	(No symbol) [0x0x7ff6dea75fe8]
	GetHandleVerifier [0x0x7ff6decef277+942423]
	GetHandleVerifier [0x0x7ff6decf8221+979201]
	(No symbol) [0x0x7ff6deb6c3b1]
	(No symbol) [0x0x7ff6deb64d64]
	(No symbol) [0x0x7ff6deb64eb3]
	(No symbol) [0x0x7ff6deb57016]
	BaseThreadInitThunk [0x0x7fff1474259d+29]
	RtlUserThreadStart [0x0x7fff14b4af38+40]
Traceback (most recent call last):
  File "D:\PythonStoreHouse\auto_test_quiz\ddt\test_web_2.py", line 81, in test_suite
    res = self.run_step(params)
  File "D:\Python313\Lib\site-packages\allure_commons\_allure.py", line 202, in impl
    return func(*a, **kw)
  File "D:\PythonStoreHouse\auto_test_quiz\ddt\test_web_2.py", line 34, in run_step
    return func(*args[1:])
  File "D:\PythonStoreHouse\auto_test_quiz\keywords\webkeys.py", line 289, in use_element
    target_element.click()
    ~~~~~~~~~~~~~~~~~~~~^^
  File "D:\Python313\Lib\site-packages\selenium\webdriver\remote\webelement.py", line 120, in click
    self._execute(Command.CLICK_ELEMENT)
    ~~~~~~~~~~~~~^^^^^^^^^^^^^^^^^^^^^^^
  File "D:\Python313\Lib\site-packages\selenium\webdriver\remote\webelement.py", line 573, in _execute
    return self._parent.execute(command, params)
           ~~~~~~~~~~~~~~~~~~~~^^^^^^^^^^^^^^^^^
  File "D:\Python313\Lib\site-packages\selenium\webdriver\remote\webdriver.py", line 458, in execute
    self.error_handler.check_response(response)
    ~~~~~~~~~~~~~~~~~~~~~~~~~~~~~~~~~^^^^^^^^^^
  File "D:\Python313\Lib\site-packages\selenium\webdriver\remote\errorhandler.py", line 232, in check_response
    raise exception_class(message, screen, stacktrace)
selenium.common.exceptions.StaleElementReferenceException: Message: stale element reference: stale element not found in the current frame
  (Session info: MicrosoftEdge=139.0.3405.86); For documentation on this error, please visit: https://www.selenium.dev/documentation/webdriver/troubleshooting/errors#staleelementreferenceexception
Stacktrace:
	GetHandleVerifier [0x0x7ff6dec0e785+22117]
	(No symbol) [0x0x7ff6deb5ee00]
	GetHandleVerifier [0x0x7ff6dee94c2c+2669324]
	(No symbol) [0x0x7ff6de933794]
	(No symbol) [0x0x7ff6de93602c]
	(No symbol) [0x0x7ff6de9360ff]
	(No symbol) [0x0x7ff6de97b0a1]
	(No symbol) [0x0x7ff6de96fc66]
	(No symbol) [0x0x7ff6de99a7ea]
	(No symbol) [0x0x7ff6de96f68d]
	(No symbol) [0x0x7ff6de96f54d]
	(No symbol) [0x0x7ff6de99aab0]
	(No symbol) [0x0x7ff6de96f68d]
	(No symbol) [0x0x7ff6de9b762f]
	(No symbol) [0x0x7ff6de99a553]
	(No symbol) [0x0x7ff6de96eb86]
	(No symbol) [0x0x7ff6de96de11]
	(No symbol) [0x0x7ff6de96e9b3]
	(No symbol) [0x0x7ff6dea6907d]
	(No symbol) [0x0x7ff6dea75fe8]
	GetHandleVerifier [0x0x7ff6decef277+942423]
	GetHandleVerifier [0x0x7ff6decf8221+979201]
	(No symbol) [0x0x7ff6deb6c3b1]
	(No symbol) [0x0x7ff6deb64d64]
	(No symbol) [0x0x7ff6deb64eb3]
	(No symbol) [0x0x7ff6deb57016]
	BaseThreadInitThunk [0x0x7fff1474259d+29]
	RtlUserThreadStart [0x0x7fff14b4af38+40]

2025-08-16 01:22:46,036 - INFO - webkeys.py - 262 - 页面已成功刷新
2025-08-16 01:22:48,497 - ERROR - test_web_2.py - 116 - Message: 
Stacktrace:
	GetHandleVerifier [0x0x7ff6dec0e785+22117]
	(No symbol) [0x0x7ff6deb5ee00]
	GetHandleVerifier [0x0x7ff6dee94c2c+2669324]
	(No symbol) [0x0x7ff6de97928b]
	(No symbol) [0x0x7ff6de97957b]
	(No symbol) [0x0x7ff6de9b9b47]
	(No symbol) [0x0x7ff6de99a82f]
	(No symbol) [0x0x7ff6de96f68d]
	(No symbol) [0x0x7ff6de9b762f]
	(No symbol) [0x0x7ff6de99a553]
	(No symbol) [0x0x7ff6de96eb86]
	(No symbol) [0x0x7ff6de96de11]
	(No symbol) [0x0x7ff6de96e9b3]
	(No symbol) [0x0x7ff6dea6907d]
	(No symbol) [0x0x7ff6dea75fe8]
	GetHandleVerifier [0x0x7ff6decef277+942423]
	GetHandleVerifier [0x0x7ff6decf8221+979201]
	(No symbol) [0x0x7ff6deb6c3b1]
	(No symbol) [0x0x7ff6deb64d64]
	(No symbol) [0x0x7ff6deb64eb3]
	(No symbol) [0x0x7ff6deb57016]
	BaseThreadInitThunk [0x0x7fff1474259d+29]
	RtlUserThreadStart [0x0x7fff14b4af38+40]
Traceback (most recent call last):
  File "D:\PythonStoreHouse\auto_test_quiz\ddt\test_web_2.py", line 81, in test_suite
    res = self.run_step(params)
  File "D:\Python313\Lib\site-packages\allure_commons\_allure.py", line 202, in impl
    return func(*a, **kw)
  File "D:\PythonStoreHouse\auto_test_quiz\ddt\test_web_2.py", line 34, in run_step
    return func(*args[1:])
  File "D:\PythonStoreHouse\auto_test_quiz\keywords\webkeys.py", line 238, in wait_for_element
    WebDriverWait(self.driver, t).until(
    ~~~~~~~~~~~~~~~~~~~~~~~~~~~~~~~~~~~^
        EC.visibility_of_element_located(locator)
        ^^^^^^^^^^^^^^^^^^^^^^^^^^^^^^^^^^^^^^^^^
    )
    ^
  File "D:\Python313\Lib\site-packages\selenium\webdriver\support\wait.py", line 138, in until
    raise TimeoutException(message, screen, stacktrace)
selenium.common.exceptions.TimeoutException: Message: 
Stacktrace:
	GetHandleVerifier [0x0x7ff6dec0e785+22117]
	(No symbol) [0x0x7ff6deb5ee00]
	GetHandleVerifier [0x0x7ff6dee94c2c+2669324]
	(No symbol) [0x0x7ff6de97928b]
	(No symbol) [0x0x7ff6de97957b]
	(No symbol) [0x0x7ff6de9b9b47]
	(No symbol) [0x0x7ff6de99a82f]
	(No symbol) [0x0x7ff6de96f68d]
	(No symbol) [0x0x7ff6de9b762f]
	(No symbol) [0x0x7ff6de99a553]
	(No symbol) [0x0x7ff6de96eb86]
	(No symbol) [0x0x7ff6de96de11]
	(No symbol) [0x0x7ff6de96e9b3]
	(No symbol) [0x0x7ff6dea6907d]
	(No symbol) [0x0x7ff6dea75fe8]
	GetHandleVerifier [0x0x7ff6decef277+942423]
	GetHandleVerifier [0x0x7ff6decf8221+979201]
	(No symbol) [0x0x7ff6deb6c3b1]
	(No symbol) [0x0x7ff6deb64d64]
	(No symbol) [0x0x7ff6deb64eb3]
	(No symbol) [0x0x7ff6deb57016]
	BaseThreadInitThunk [0x0x7fff1474259d+29]
	RtlUserThreadStart [0x0x7fff14b4af38+40]

2025-08-16 01:31:24,769 - INFO - webkeys.py - 180 - 断言，实际结果：https://practicetestautomation.com/logged-in-successfully/   --- 期望值：practicetestautomation.com/logged-in-successfully/
2025-08-16 01:31:33,548 - ERROR - test_web_2.py - 96 - [NoSuchElement] 元素定位失败: //div[@id='row2']/input
Traceback (most recent call last):
  File "D:\PythonStoreHouse\auto_test_quiz\keywords\webkeys.py", line 94, in __find_ele
    ele = self.driver.find_element('xpath', lo)
  File "D:\Python313\Lib\site-packages\selenium\webdriver\remote\webdriver.py", line 926, in find_element
    return self.execute(Command.FIND_ELEMENT, {"using": by, "value": value})["value"]
           ~~~~~~~~~~~~^^^^^^^^^^^^^^^^^^^^^^^^^^^^^^^^^^^^^^^^^^^^^^^^^^^^^
  File "D:\Python313\Lib\site-packages\selenium\webdriver\remote\webdriver.py", line 458, in execute
    self.error_handler.check_response(response)
    ~~~~~~~~~~~~~~~~~~~~~~~~~~~~~~~~~^^^^^^^^^^
  File "D:\Python313\Lib\site-packages\selenium\webdriver\remote\errorhandler.py", line 232, in check_response
    raise exception_class(message, screen, stacktrace)
selenium.common.exceptions.NoSuchElementException: Message: no such element: Unable to locate element: {"method":"xpath","selector":"//div[@id='row2']/input"}
  (Session info: MicrosoftEdge=139.0.3405.86); For documentation on this error, please visit: https://www.selenium.dev/documentation/webdriver/troubleshooting/errors#nosuchelementexception
Stacktrace:
	GetHandleVerifier [0x0x7ff6dec0e785+22117]
	(No symbol) [0x0x7ff6deb5ee00]
	GetHandleVerifier [0x0x7ff6dee94c2c+2669324]
	(No symbol) [0x0x7ff6de97928b]
	(No symbol) [0x0x7ff6de97957b]
	(No symbol) [0x0x7ff6de9b9b47]
	(No symbol) [0x0x7ff6de99a82f]
	(No symbol) [0x0x7ff6de96f68d]
	(No symbol) [0x0x7ff6de9b762f]
	(No symbol) [0x0x7ff6de99a553]
	(No symbol) [0x0x7ff6de96eb86]
	(No symbol) [0x0x7ff6de96de11]
	(No symbol) [0x0x7ff6de96e9b3]
	(No symbol) [0x0x7ff6dea6907d]
	(No symbol) [0x0x7ff6dea75fe8]
	GetHandleVerifier [0x0x7ff6decef277+942423]
	GetHandleVerifier [0x0x7ff6decf8221+979201]
	(No symbol) [0x0x7ff6deb6c3b1]
	(No symbol) [0x0x7ff6deb64d64]
	(No symbol) [0x0x7ff6deb64eb3]
	(No symbol) [0x0x7ff6deb57016]
	BaseThreadInitThunk [0x0x7fff1474259d+29]
	RtlUserThreadStart [0x0x7fff14b4af38+40]


The above exception was the direct cause of the following exception:

Traceback (most recent call last):
  File "D:\PythonStoreHouse\auto_test_quiz\ddt\test_web_2.py", line 81, in test_suite
    res = self.run_step(params)
  File "D:\Python313\Lib\site-packages\allure_commons\_allure.py", line 202, in impl
    return func(*a, **kw)
  File "D:\PythonStoreHouse\auto_test_quiz\ddt\test_web_2.py", line 34, in run_step
    return func(*args[1:])
  File "D:\PythonStoreHouse\auto_test_quiz\keywords\webkeys.py", line 119, in input
    ele = self.__find_ele(lo)
  File "D:\PythonStoreHouse\auto_test_quiz\keywords\webkeys.py", line 109, in __find_ele
    raise AssertionError(f"[NoSuchElement] 元素定位失败: {lo}") from e
AssertionError: [NoSuchElement] 元素定位失败: //div[@id='row2']/input
2025-08-16 01:31:34,694 - INFO - webkeys.py - 264 - 页面已成功刷新
2025-08-16 01:31:42,474 - ERROR - test_web_2.py - 96 - [ElementNotInteractable] 元素不可交互: $Save
Traceback (most recent call last):
  File "D:\PythonStoreHouse\auto_test_quiz\keywords\webkeys.py", line 143, in click
    ele.click()
    ~~~~~~~~~^^
  File "D:\Python313\Lib\site-packages\selenium\webdriver\remote\webelement.py", line 120, in click
    self._execute(Command.CLICK_ELEMENT)
    ~~~~~~~~~~~~~^^^^^^^^^^^^^^^^^^^^^^^
  File "D:\Python313\Lib\site-packages\selenium\webdriver\remote\webelement.py", line 573, in _execute
    return self._parent.execute(command, params)
           ~~~~~~~~~~~~~~~~~~~~^^^^^^^^^^^^^^^^^
  File "D:\Python313\Lib\site-packages\selenium\webdriver\remote\webdriver.py", line 458, in execute
    self.error_handler.check_response(response)
    ~~~~~~~~~~~~~~~~~~~~~~~~~~~~~~~~~^^^^^^^^^^
  File "D:\Python313\Lib\site-packages\selenium\webdriver\remote\errorhandler.py", line 232, in check_response
    raise exception_class(message, screen, stacktrace)
selenium.common.exceptions.ElementNotInteractableException: Message: element not interactable
  (Session info: MicrosoftEdge=139.0.3405.86); For documentation on this error, please visit: https://www.selenium.dev/documentation/webdriver/troubleshooting/errors#elementnotinteractableexception
Stacktrace:
	GetHandleVerifier [0x0x7ff6dec0e785+22117]
	(No symbol) [0x0x7ff6deb5ee00]
	(No symbol) [0x0x7ff6de92cdb0]
	(No symbol) [0x0x7ff6de97a745]
	(No symbol) [0x0x7ff6de96fcfe]
	(No symbol) [0x0x7ff6de99a7ea]
	(No symbol) [0x0x7ff6de96f68d]
	(No symbol) [0x0x7ff6de96f54d]
	(No symbol) [0x0x7ff6de99aab0]
	(No symbol) [0x0x7ff6de96f68d]
	(No symbol) [0x0x7ff6de9b762f]
	(No symbol) [0x0x7ff6de99a553]
	(No symbol) [0x0x7ff6de96eb86]
	(No symbol) [0x0x7ff6de96de11]
	(No symbol) [0x0x7ff6de96e9b3]
	(No symbol) [0x0x7ff6dea6907d]
	(No symbol) [0x0x7ff6dea75fe8]
	GetHandleVerifier [0x0x7ff6decef277+942423]
	GetHandleVerifier [0x0x7ff6decf8221+979201]
	(No symbol) [0x0x7ff6deb6c3b1]
	(No symbol) [0x0x7ff6deb64d64]
	(No symbol) [0x0x7ff6deb64eb3]
	(No symbol) [0x0x7ff6deb57016]
	BaseThreadInitThunk [0x0x7fff1474259d+29]
	RtlUserThreadStart [0x0x7fff14b4af38+40]


The above exception was the direct cause of the following exception:

Traceback (most recent call last):
  File "D:\PythonStoreHouse\auto_test_quiz\ddt\test_web_2.py", line 81, in test_suite
    res = self.run_step(params)
  File "D:\Python313\Lib\site-packages\allure_commons\_allure.py", line 202, in impl
    return func(*a, **kw)
  File "D:\PythonStoreHouse\auto_test_quiz\ddt\test_web_2.py", line 34, in run_step
    return func(*args[1:])
  File "D:\PythonStoreHouse\auto_test_quiz\keywords\webkeys.py", line 145, in click
    raise AssertionError(f"[ElementNotInteractable] 元素不可交互: {lo}") from e
AssertionError: [ElementNotInteractable] 元素不可交互: $Save
2025-08-16 01:31:43,844 - INFO - webkeys.py - 264 - 页面已成功刷新
2025-08-16 01:31:44,060 - ERROR - test_web_2.py - 116 - Message: invalid element state: Element is not currently interactable and may not be manipulated
  (Session info: MicrosoftEdge=139.0.3405.86)
Stacktrace:
	GetHandleVerifier [0x0x7ff6dec0e785+22117]
	(No symbol) [0x0x7ff6deb5ee00]
	GetHandleVerifier [0x0x7ff6dee94c2c+2669324]
	(No symbol) [0x0x7ff6de933794]
	(No symbol) [0x0x7ff6de93602c]
	(No symbol) [0x0x7ff6de9360ff]
	(No symbol) [0x0x7ff6de9720a4]
	(No symbol) [0x0x7ff6de99a7ea]
	(No symbol) [0x0x7ff6de96f68d]
	(No symbol) [0x0x7ff6de96f54d]
	(No symbol) [0x0x7ff6de99aab0]
	(No symbol) [0x0x7ff6de96f68d]
	(No symbol) [0x0x7ff6de9b762f]
	(No symbol) [0x0x7ff6de99a553]
	(No symbol) [0x0x7ff6de96eb86]
	(No symbol) [0x0x7ff6de96de11]
	(No symbol) [0x0x7ff6de96e9b3]
	(No symbol) [0x0x7ff6dea6907d]
	(No symbol) [0x0x7ff6dea75fe8]
	GetHandleVerifier [0x0x7ff6decef277+942423]
	GetHandleVerifier [0x0x7ff6decf8221+979201]
	(No symbol) [0x0x7ff6deb6c3b1]
	(No symbol) [0x0x7ff6deb64d64]
	(No symbol) [0x0x7ff6deb64eb3]
	(No symbol) [0x0x7ff6deb57016]
	BaseThreadInitThunk [0x0x7fff1474259d+29]
	RtlUserThreadStart [0x0x7fff14b4af38+40]
Traceback (most recent call last):
  File "D:\PythonStoreHouse\auto_test_quiz\ddt\test_web_2.py", line 81, in test_suite
    res = self.run_step(params)
  File "D:\Python313\Lib\site-packages\allure_commons\_allure.py", line 202, in impl
    return func(*a, **kw)
  File "D:\PythonStoreHouse\auto_test_quiz\ddt\test_web_2.py", line 34, in run_step
    return func(*args[1:])
  File "D:\PythonStoreHouse\auto_test_quiz\keywords\webkeys.py", line 133, in clear
    ele.clear()
    ~~~~~~~~~^^
  File "D:\Python313\Lib\site-packages\selenium\webdriver\remote\webelement.py", line 155, in clear
    self._execute(Command.CLEAR_ELEMENT)
    ~~~~~~~~~~~~~^^^^^^^^^^^^^^^^^^^^^^^
  File "D:\Python313\Lib\site-packages\selenium\webdriver\remote\webelement.py", line 573, in _execute
    return self._parent.execute(command, params)
           ~~~~~~~~~~~~~~~~~~~~^^^^^^^^^^^^^^^^^
  File "D:\Python313\Lib\site-packages\selenium\webdriver\remote\webdriver.py", line 458, in execute
    self.error_handler.check_response(response)
    ~~~~~~~~~~~~~~~~~~~~~~~~~~~~~~~~~^^^^^^^^^^
  File "D:\Python313\Lib\site-packages\selenium\webdriver\remote\errorhandler.py", line 232, in check_response
    raise exception_class(message, screen, stacktrace)
selenium.common.exceptions.InvalidElementStateException: Message: invalid element state: Element is not currently interactable and may not be manipulated
  (Session info: MicrosoftEdge=139.0.3405.86)
Stacktrace:
	GetHandleVerifier [0x0x7ff6dec0e785+22117]
	(No symbol) [0x0x7ff6deb5ee00]
	GetHandleVerifier [0x0x7ff6dee94c2c+2669324]
	(No symbol) [0x0x7ff6de933794]
	(No symbol) [0x0x7ff6de93602c]
	(No symbol) [0x0x7ff6de9360ff]
	(No symbol) [0x0x7ff6de9720a4]
	(No symbol) [0x0x7ff6de99a7ea]
	(No symbol) [0x0x7ff6de96f68d]
	(No symbol) [0x0x7ff6de96f54d]
	(No symbol) [0x0x7ff6de99aab0]
	(No symbol) [0x0x7ff6de96f68d]
	(No symbol) [0x0x7ff6de9b762f]
	(No symbol) [0x0x7ff6de99a553]
	(No symbol) [0x0x7ff6de96eb86]
	(No symbol) [0x0x7ff6de96de11]
	(No symbol) [0x0x7ff6de96e9b3]
	(No symbol) [0x0x7ff6dea6907d]
	(No symbol) [0x0x7ff6dea75fe8]
	GetHandleVerifier [0x0x7ff6decef277+942423]
	GetHandleVerifier [0x0x7ff6decf8221+979201]
	(No symbol) [0x0x7ff6deb6c3b1]
	(No symbol) [0x0x7ff6deb64d64]
	(No symbol) [0x0x7ff6deb64eb3]
	(No symbol) [0x0x7ff6deb57016]
	BaseThreadInitThunk [0x0x7fff1474259d+29]
	RtlUserThreadStart [0x0x7fff14b4af38+40]

2025-08-16 01:31:44,894 - INFO - webkeys.py - 264 - 页面已成功刷新
2025-08-16 01:31:45,467 - ERROR - test_web_2.py - 116 - Message: stale element reference: stale element not found in the current frame
  (Session info: MicrosoftEdge=139.0.3405.86); For documentation on this error, please visit: https://www.selenium.dev/documentation/webdriver/troubleshooting/errors#staleelementreferenceexception
Stacktrace:
	GetHandleVerifier [0x0x7ff6dec0e785+22117]
	(No symbol) [0x0x7ff6deb5ee00]
	GetHandleVerifier [0x0x7ff6dee94c2c+2669324]
	(No symbol) [0x0x7ff6de933794]
	(No symbol) [0x0x7ff6de93602c]
	(No symbol) [0x0x7ff6de9360ff]
	(No symbol) [0x0x7ff6de97b0a1]
	(No symbol) [0x0x7ff6de96fc66]
	(No symbol) [0x0x7ff6de99a7ea]
	(No symbol) [0x0x7ff6de96f68d]
	(No symbol) [0x0x7ff6de96f54d]
	(No symbol) [0x0x7ff6de99aab0]
	(No symbol) [0x0x7ff6de96f68d]
	(No symbol) [0x0x7ff6de9b762f]
	(No symbol) [0x0x7ff6de99a553]
	(No symbol) [0x0x7ff6de96eb86]
	(No symbol) [0x0x7ff6de96de11]
	(No symbol) [0x0x7ff6de96e9b3]
	(No symbol) [0x0x7ff6dea6907d]
	(No symbol) [0x0x7ff6dea75fe8]
	GetHandleVerifier [0x0x7ff6decef277+942423]
	GetHandleVerifier [0x0x7ff6decf8221+979201]
	(No symbol) [0x0x7ff6deb6c3b1]
	(No symbol) [0x0x7ff6deb64d64]
	(No symbol) [0x0x7ff6deb64eb3]
	(No symbol) [0x0x7ff6deb57016]
	BaseThreadInitThunk [0x0x7fff1474259d+29]
	RtlUserThreadStart [0x0x7fff14b4af38+40]
Traceback (most recent call last):
  File "D:\PythonStoreHouse\auto_test_quiz\ddt\test_web_2.py", line 81, in test_suite
    res = self.run_step(params)
  File "D:\Python313\Lib\site-packages\allure_commons\_allure.py", line 202, in impl
    return func(*a, **kw)
  File "D:\PythonStoreHouse\auto_test_quiz\ddt\test_web_2.py", line 34, in run_step
    return func(*args[1:])
  File "D:\PythonStoreHouse\auto_test_quiz\keywords\webkeys.py", line 291, in use_element
    target_element.click()
    ~~~~~~~~~~~~~~~~~~~~^^
  File "D:\Python313\Lib\site-packages\selenium\webdriver\remote\webelement.py", line 120, in click
    self._execute(Command.CLICK_ELEMENT)
    ~~~~~~~~~~~~~^^^^^^^^^^^^^^^^^^^^^^^
  File "D:\Python313\Lib\site-packages\selenium\webdriver\remote\webelement.py", line 573, in _execute
    return self._parent.execute(command, params)
           ~~~~~~~~~~~~~~~~~~~~^^^^^^^^^^^^^^^^^
  File "D:\Python313\Lib\site-packages\selenium\webdriver\remote\webdriver.py", line 458, in execute
    self.error_handler.check_response(response)
    ~~~~~~~~~~~~~~~~~~~~~~~~~~~~~~~~~^^^^^^^^^^
  File "D:\Python313\Lib\site-packages\selenium\webdriver\remote\errorhandler.py", line 232, in check_response
    raise exception_class(message, screen, stacktrace)
selenium.common.exceptions.StaleElementReferenceException: Message: stale element reference: stale element not found in the current frame
  (Session info: MicrosoftEdge=139.0.3405.86); For documentation on this error, please visit: https://www.selenium.dev/documentation/webdriver/troubleshooting/errors#staleelementreferenceexception
Stacktrace:
	GetHandleVerifier [0x0x7ff6dec0e785+22117]
	(No symbol) [0x0x7ff6deb5ee00]
	GetHandleVerifier [0x0x7ff6dee94c2c+2669324]
	(No symbol) [0x0x7ff6de933794]
	(No symbol) [0x0x7ff6de93602c]
	(No symbol) [0x0x7ff6de9360ff]
	(No symbol) [0x0x7ff6de97b0a1]
	(No symbol) [0x0x7ff6de96fc66]
	(No symbol) [0x0x7ff6de99a7ea]
	(No symbol) [0x0x7ff6de96f68d]
	(No symbol) [0x0x7ff6de96f54d]
	(No symbol) [0x0x7ff6de99aab0]
	(No symbol) [0x0x7ff6de96f68d]
	(No symbol) [0x0x7ff6de9b762f]
	(No symbol) [0x0x7ff6de99a553]
	(No symbol) [0x0x7ff6de96eb86]
	(No symbol) [0x0x7ff6de96de11]
	(No symbol) [0x0x7ff6de96e9b3]
	(No symbol) [0x0x7ff6dea6907d]
	(No symbol) [0x0x7ff6dea75fe8]
	GetHandleVerifier [0x0x7ff6decef277+942423]
	GetHandleVerifier [0x0x7ff6decf8221+979201]
	(No symbol) [0x0x7ff6deb6c3b1]
	(No symbol) [0x0x7ff6deb64d64]
	(No symbol) [0x0x7ff6deb64eb3]
	(No symbol) [0x0x7ff6deb57016]
	BaseThreadInitThunk [0x0x7fff1474259d+29]
	RtlUserThreadStart [0x0x7fff14b4af38+40]

2025-08-16 01:31:46,319 - INFO - webkeys.py - 264 - 页面已成功刷新
2025-08-16 01:31:48,865 - ERROR - test_web_2.py - 96 - Message: 
Stacktrace:
	GetHandleVerifier [0x0x7ff6dec0e785+22117]
	(No symbol) [0x0x7ff6deb5ee00]
	GetHandleVerifier [0x0x7ff6dee94c2c+2669324]
	(No symbol) [0x0x7ff6de97928b]
	(No symbol) [0x0x7ff6de97957b]
	(No symbol) [0x0x7ff6de9b9b47]
	(No symbol) [0x0x7ff6de99a82f]
	(No symbol) [0x0x7ff6de96f68d]
	(No symbol) [0x0x7ff6de9b762f]
	(No symbol) [0x0x7ff6de99a553]
	(No symbol) [0x0x7ff6de96eb86]
	(No symbol) [0x0x7ff6de96de11]
	(No symbol) [0x0x7ff6de96e9b3]
	(No symbol) [0x0x7ff6dea6907d]
	(No symbol) [0x0x7ff6dea75fe8]
	GetHandleVerifier [0x0x7ff6decef277+942423]
	GetHandleVerifier [0x0x7ff6decf8221+979201]
	(No symbol) [0x0x7ff6deb6c3b1]
	(No symbol) [0x0x7ff6deb64d64]
	(No symbol) [0x0x7ff6deb64eb3]
	(No symbol) [0x0x7ff6deb57016]
	BaseThreadInitThunk [0x0x7fff1474259d+29]
	RtlUserThreadStart [0x0x7fff14b4af38+40]
Traceback (most recent call last):
  File "D:\PythonStoreHouse\auto_test_quiz\keywords\webkeys.py", line 239, in wait_for_element
    WebDriverWait(self.driver, t).until(
    ~~~~~~~~~~~~~~~~~~~~~~~~~~~~~~~~~~~^
        EC.visibility_of_element_located(locator)
        ^^^^^^^^^^^^^^^^^^^^^^^^^^^^^^^^^^^^^^^^^
    )
    ^
  File "D:\Python313\Lib\site-packages\selenium\webdriver\support\wait.py", line 138, in until
    raise TimeoutException(message, screen, stacktrace)
selenium.common.exceptions.TimeoutException: Message: 
Stacktrace:
	GetHandleVerifier [0x0x7ff6dec0e785+22117]
	(No symbol) [0x0x7ff6deb5ee00]
	GetHandleVerifier [0x0x7ff6dee94c2c+2669324]
	(No symbol) [0x0x7ff6de97928b]
	(No symbol) [0x0x7ff6de97957b]
	(No symbol) [0x0x7ff6de9b9b47]
	(No symbol) [0x0x7ff6de99a82f]
	(No symbol) [0x0x7ff6de96f68d]
	(No symbol) [0x0x7ff6de9b762f]
	(No symbol) [0x0x7ff6de99a553]
	(No symbol) [0x0x7ff6de96eb86]
	(No symbol) [0x0x7ff6de96de11]
	(No symbol) [0x0x7ff6de96e9b3]
	(No symbol) [0x0x7ff6dea6907d]
	(No symbol) [0x0x7ff6dea75fe8]
	GetHandleVerifier [0x0x7ff6decef277+942423]
	GetHandleVerifier [0x0x7ff6decf8221+979201]
	(No symbol) [0x0x7ff6deb6c3b1]
	(No symbol) [0x0x7ff6deb64d64]
	(No symbol) [0x0x7ff6deb64eb3]
	(No symbol) [0x0x7ff6deb57016]
	BaseThreadInitThunk [0x0x7fff1474259d+29]
	RtlUserThreadStart [0x0x7fff14b4af38+40]


During handling of the above exception, another exception occurred:

Traceback (most recent call last):
  File "D:\PythonStoreHouse\auto_test_quiz\ddt\test_web_2.py", line 81, in test_suite
    res = self.run_step(params)
  File "D:\Python313\Lib\site-packages\allure_commons\_allure.py", line 202, in impl
    return func(*a, **kw)
  File "D:\PythonStoreHouse\auto_test_quiz\ddt\test_web_2.py", line 34, in run_step
    return func(*args[1:])
  File "D:\PythonStoreHouse\auto_test_quiz\keywords\webkeys.py", line 243, in wait_for_element
    raise AssertionError(e)
AssertionError: Message: 
Stacktrace:
	GetHandleVerifier [0x0x7ff6dec0e785+22117]
	(No symbol) [0x0x7ff6deb5ee00]
	GetHandleVerifier [0x0x7ff6dee94c2c+2669324]
	(No symbol) [0x0x7ff6de97928b]
	(No symbol) [0x0x7ff6de97957b]
	(No symbol) [0x0x7ff6de9b9b47]
	(No symbol) [0x0x7ff6de99a82f]
	(No symbol) [0x0x7ff6de96f68d]
	(No symbol) [0x0x7ff6de9b762f]
	(No symbol) [0x0x7ff6de99a553]
	(No symbol) [0x0x7ff6de96eb86]
	(No symbol) [0x0x7ff6de96de11]
	(No symbol) [0x0x7ff6de96e9b3]
	(No symbol) [0x0x7ff6dea6907d]
	(No symbol) [0x0x7ff6dea75fe8]
	GetHandleVerifier [0x0x7ff6decef277+942423]
	GetHandleVerifier [0x0x7ff6decf8221+979201]
	(No symbol) [0x0x7ff6deb6c3b1]
	(No symbol) [0x0x7ff6deb64d64]
	(No symbol) [0x0x7ff6deb64eb3]
	(No symbol) [0x0x7ff6deb57016]
	BaseThreadInitThunk [0x0x7fff1474259d+29]
	RtlUserThreadStart [0x0x7fff14b4af38+40]

2025-08-16 01:34:28,347 - INFO - webkeys.py - 181 - 断言，实际结果：https://practicetestautomation.com/logged-in-successfully/   --- 期望值：practicetestautomation.com/logged-in-successfully/
2025-08-16 01:34:39,560 - ERROR - test_web_2.py - 96 - [NoSuchElement] 元素定位失败: //div[@id='row2']/input
Traceback (most recent call last):
  File "D:\PythonStoreHouse\auto_test_quiz\keywords\webkeys.py", line 95, in __find_ele
    ele = self.driver.find_element('xpath', lo)
  File "D:\Python313\Lib\site-packages\selenium\webdriver\remote\webdriver.py", line 926, in find_element
    return self.execute(Command.FIND_ELEMENT, {"using": by, "value": value})["value"]
           ~~~~~~~~~~~~^^^^^^^^^^^^^^^^^^^^^^^^^^^^^^^^^^^^^^^^^^^^^^^^^^^^^
  File "D:\Python313\Lib\site-packages\selenium\webdriver\remote\webdriver.py", line 458, in execute
    self.error_handler.check_response(response)
    ~~~~~~~~~~~~~~~~~~~~~~~~~~~~~~~~~^^^^^^^^^^
  File "D:\Python313\Lib\site-packages\selenium\webdriver\remote\errorhandler.py", line 232, in check_response
    raise exception_class(message, screen, stacktrace)
selenium.common.exceptions.NoSuchElementException: Message: no such element: Unable to locate element: {"method":"xpath","selector":"//div[@id='row2']/input"}
  (Session info: MicrosoftEdge=139.0.3405.86); For documentation on this error, please visit: https://www.selenium.dev/documentation/webdriver/troubleshooting/errors#nosuchelementexception
Stacktrace:
	GetHandleVerifier [0x0x7ff6dec0e785+22117]
	(No symbol) [0x0x7ff6deb5ee00]
	GetHandleVerifier [0x0x7ff6dee94c2c+2669324]
	(No symbol) [0x0x7ff6de97928b]
	(No symbol) [0x0x7ff6de97957b]
	(No symbol) [0x0x7ff6de9b9b47]
	(No symbol) [0x0x7ff6de99a82f]
	(No symbol) [0x0x7ff6de96f68d]
	(No symbol) [0x0x7ff6de9b762f]
	(No symbol) [0x0x7ff6de99a553]
	(No symbol) [0x0x7ff6de96eb86]
	(No symbol) [0x0x7ff6de96de11]
	(No symbol) [0x0x7ff6de96e9b3]
	(No symbol) [0x0x7ff6dea6907d]
	(No symbol) [0x0x7ff6dea75fe8]
	GetHandleVerifier [0x0x7ff6decef277+942423]
	GetHandleVerifier [0x0x7ff6decf8221+979201]
	(No symbol) [0x0x7ff6deb6c3b1]
	(No symbol) [0x0x7ff6deb64d64]
	(No symbol) [0x0x7ff6deb64eb3]
	(No symbol) [0x0x7ff6deb57016]
	BaseThreadInitThunk [0x0x7fff1474259d+29]
	RtlUserThreadStart [0x0x7fff14b4af38+40]


The above exception was the direct cause of the following exception:

Traceback (most recent call last):
  File "D:\PythonStoreHouse\auto_test_quiz\ddt\test_web_2.py", line 81, in test_suite
    res = self.run_step(params)
  File "D:\Python313\Lib\site-packages\allure_commons\_allure.py", line 202, in impl
    return func(*a, **kw)
  File "D:\PythonStoreHouse\auto_test_quiz\ddt\test_web_2.py", line 34, in run_step
    return func(*args[1:])
  File "D:\PythonStoreHouse\auto_test_quiz\keywords\webkeys.py", line 120, in input
    ele = self.__find_ele(lo)
  File "D:\PythonStoreHouse\auto_test_quiz\keywords\webkeys.py", line 110, in __find_ele
    raise AssertionError(f"[NoSuchElement] 元素定位失败: {lo}") from e
AssertionError: [NoSuchElement] 元素定位失败: //div[@id='row2']/input
2025-08-16 01:34:41,076 - INFO - webkeys.py - 265 - 页面已成功刷新
2025-08-16 01:34:48,781 - ERROR - test_web_2.py - 96 - [ElementNotInteractable] 元素不可交互: $Save
Traceback (most recent call last):
  File "D:\PythonStoreHouse\auto_test_quiz\keywords\webkeys.py", line 144, in click
    ele.click()
    ~~~~~~~~~^^
  File "D:\Python313\Lib\site-packages\selenium\webdriver\remote\webelement.py", line 120, in click
    self._execute(Command.CLICK_ELEMENT)
    ~~~~~~~~~~~~~^^^^^^^^^^^^^^^^^^^^^^^
  File "D:\Python313\Lib\site-packages\selenium\webdriver\remote\webelement.py", line 573, in _execute
    return self._parent.execute(command, params)
           ~~~~~~~~~~~~~~~~~~~~^^^^^^^^^^^^^^^^^
  File "D:\Python313\Lib\site-packages\selenium\webdriver\remote\webdriver.py", line 458, in execute
    self.error_handler.check_response(response)
    ~~~~~~~~~~~~~~~~~~~~~~~~~~~~~~~~~^^^^^^^^^^
  File "D:\Python313\Lib\site-packages\selenium\webdriver\remote\errorhandler.py", line 232, in check_response
    raise exception_class(message, screen, stacktrace)
selenium.common.exceptions.ElementNotInteractableException: Message: element not interactable
  (Session info: MicrosoftEdge=139.0.3405.86); For documentation on this error, please visit: https://www.selenium.dev/documentation/webdriver/troubleshooting/errors#elementnotinteractableexception
Stacktrace:
	GetHandleVerifier [0x0x7ff6dec0e785+22117]
	(No symbol) [0x0x7ff6deb5ee00]
	(No symbol) [0x0x7ff6de92cdb0]
	(No symbol) [0x0x7ff6de97a745]
	(No symbol) [0x0x7ff6de96fcfe]
	(No symbol) [0x0x7ff6de99a7ea]
	(No symbol) [0x0x7ff6de96f68d]
	(No symbol) [0x0x7ff6de96f54d]
	(No symbol) [0x0x7ff6de99aab0]
	(No symbol) [0x0x7ff6de96f68d]
	(No symbol) [0x0x7ff6de9b762f]
	(No symbol) [0x0x7ff6de99a553]
	(No symbol) [0x0x7ff6de96eb86]
	(No symbol) [0x0x7ff6de96de11]
	(No symbol) [0x0x7ff6de96e9b3]
	(No symbol) [0x0x7ff6dea6907d]
	(No symbol) [0x0x7ff6dea75fe8]
	GetHandleVerifier [0x0x7ff6decef277+942423]
	GetHandleVerifier [0x0x7ff6decf8221+979201]
	(No symbol) [0x0x7ff6deb6c3b1]
	(No symbol) [0x0x7ff6deb64d64]
	(No symbol) [0x0x7ff6deb64eb3]
	(No symbol) [0x0x7ff6deb57016]
	BaseThreadInitThunk [0x0x7fff1474259d+29]
	RtlUserThreadStart [0x0x7fff14b4af38+40]


The above exception was the direct cause of the following exception:

Traceback (most recent call last):
  File "D:\PythonStoreHouse\auto_test_quiz\ddt\test_web_2.py", line 81, in test_suite
    res = self.run_step(params)
  File "D:\Python313\Lib\site-packages\allure_commons\_allure.py", line 202, in impl
    return func(*a, **kw)
  File "D:\PythonStoreHouse\auto_test_quiz\ddt\test_web_2.py", line 34, in run_step
    return func(*args[1:])
  File "D:\PythonStoreHouse\auto_test_quiz\keywords\webkeys.py", line 146, in click
    raise AssertionError(f"[ElementNotInteractable] 元素不可交互: {lo}") from e
AssertionError: [ElementNotInteractable] 元素不可交互: $Save
2025-08-16 01:34:49,659 - INFO - webkeys.py - 265 - 页面已成功刷新
2025-08-16 01:34:49,887 - ERROR - test_web_2.py - 116 - Message: invalid element state: Element is not currently interactable and may not be manipulated
  (Session info: MicrosoftEdge=139.0.3405.86)
Stacktrace:
	GetHandleVerifier [0x0x7ff6dec0e785+22117]
	(No symbol) [0x0x7ff6deb5ee00]
	GetHandleVerifier [0x0x7ff6dee94c2c+2669324]
	(No symbol) [0x0x7ff6de933794]
	(No symbol) [0x0x7ff6de93602c]
	(No symbol) [0x0x7ff6de9360ff]
	(No symbol) [0x0x7ff6de9720a4]
	(No symbol) [0x0x7ff6de99a7ea]
	(No symbol) [0x0x7ff6de96f68d]
	(No symbol) [0x0x7ff6de96f54d]
	(No symbol) [0x0x7ff6de99aab0]
	(No symbol) [0x0x7ff6de96f68d]
	(No symbol) [0x0x7ff6de9b762f]
	(No symbol) [0x0x7ff6de99a553]
	(No symbol) [0x0x7ff6de96eb86]
	(No symbol) [0x0x7ff6de96de11]
	(No symbol) [0x0x7ff6de96e9b3]
	(No symbol) [0x0x7ff6dea6907d]
	(No symbol) [0x0x7ff6dea75fe8]
	GetHandleVerifier [0x0x7ff6decef277+942423]
	GetHandleVerifier [0x0x7ff6decf8221+979201]
	(No symbol) [0x0x7ff6deb6c3b1]
	(No symbol) [0x0x7ff6deb64d64]
	(No symbol) [0x0x7ff6deb64eb3]
	(No symbol) [0x0x7ff6deb57016]
	BaseThreadInitThunk [0x0x7fff1474259d+29]
	RtlUserThreadStart [0x0x7fff14b4af38+40]
Traceback (most recent call last):
  File "D:\PythonStoreHouse\auto_test_quiz\ddt\test_web_2.py", line 81, in test_suite
    res = self.run_step(params)
  File "D:\Python313\Lib\site-packages\allure_commons\_allure.py", line 202, in impl
    return func(*a, **kw)
  File "D:\PythonStoreHouse\auto_test_quiz\ddt\test_web_2.py", line 34, in run_step
    return func(*args[1:])
  File "D:\PythonStoreHouse\auto_test_quiz\keywords\webkeys.py", line 134, in clear
    ele.clear()
    ~~~~~~~~~^^
  File "D:\Python313\Lib\site-packages\selenium\webdriver\remote\webelement.py", line 155, in clear
    self._execute(Command.CLEAR_ELEMENT)
    ~~~~~~~~~~~~~^^^^^^^^^^^^^^^^^^^^^^^
  File "D:\Python313\Lib\site-packages\selenium\webdriver\remote\webelement.py", line 573, in _execute
    return self._parent.execute(command, params)
           ~~~~~~~~~~~~~~~~~~~~^^^^^^^^^^^^^^^^^
  File "D:\Python313\Lib\site-packages\selenium\webdriver\remote\webdriver.py", line 458, in execute
    self.error_handler.check_response(response)
    ~~~~~~~~~~~~~~~~~~~~~~~~~~~~~~~~~^^^^^^^^^^
  File "D:\Python313\Lib\site-packages\selenium\webdriver\remote\errorhandler.py", line 232, in check_response
    raise exception_class(message, screen, stacktrace)
selenium.common.exceptions.InvalidElementStateException: Message: invalid element state: Element is not currently interactable and may not be manipulated
  (Session info: MicrosoftEdge=139.0.3405.86)
Stacktrace:
	GetHandleVerifier [0x0x7ff6dec0e785+22117]
	(No symbol) [0x0x7ff6deb5ee00]
	GetHandleVerifier [0x0x7ff6dee94c2c+2669324]
	(No symbol) [0x0x7ff6de933794]
	(No symbol) [0x0x7ff6de93602c]
	(No symbol) [0x0x7ff6de9360ff]
	(No symbol) [0x0x7ff6de9720a4]
	(No symbol) [0x0x7ff6de99a7ea]
	(No symbol) [0x0x7ff6de96f68d]
	(No symbol) [0x0x7ff6de96f54d]
	(No symbol) [0x0x7ff6de99aab0]
	(No symbol) [0x0x7ff6de96f68d]
	(No symbol) [0x0x7ff6de9b762f]
	(No symbol) [0x0x7ff6de99a553]
	(No symbol) [0x0x7ff6de96eb86]
	(No symbol) [0x0x7ff6de96de11]
	(No symbol) [0x0x7ff6de96e9b3]
	(No symbol) [0x0x7ff6dea6907d]
	(No symbol) [0x0x7ff6dea75fe8]
	GetHandleVerifier [0x0x7ff6decef277+942423]
	GetHandleVerifier [0x0x7ff6decf8221+979201]
	(No symbol) [0x0x7ff6deb6c3b1]
	(No symbol) [0x0x7ff6deb64d64]
	(No symbol) [0x0x7ff6deb64eb3]
	(No symbol) [0x0x7ff6deb57016]
	BaseThreadInitThunk [0x0x7fff1474259d+29]
	RtlUserThreadStart [0x0x7fff14b4af38+40]

2025-08-16 01:34:50,770 - INFO - webkeys.py - 265 - 页面已成功刷新
2025-08-16 01:34:51,371 - ERROR - test_web_2.py - 116 - Message: stale element reference: stale element not found in the current frame
  (Session info: MicrosoftEdge=139.0.3405.86); For documentation on this error, please visit: https://www.selenium.dev/documentation/webdriver/troubleshooting/errors#staleelementreferenceexception
Stacktrace:
	GetHandleVerifier [0x0x7ff6dec0e785+22117]
	(No symbol) [0x0x7ff6deb5ee00]
	GetHandleVerifier [0x0x7ff6dee94c2c+2669324]
	(No symbol) [0x0x7ff6de933794]
	(No symbol) [0x0x7ff6de93602c]
	(No symbol) [0x0x7ff6de9360ff]
	(No symbol) [0x0x7ff6de97b0a1]
	(No symbol) [0x0x7ff6de96fc66]
	(No symbol) [0x0x7ff6de99a7ea]
	(No symbol) [0x0x7ff6de96f68d]
	(No symbol) [0x0x7ff6de96f54d]
	(No symbol) [0x0x7ff6de99aab0]
	(No symbol) [0x0x7ff6de96f68d]
	(No symbol) [0x0x7ff6de9b762f]
	(No symbol) [0x0x7ff6de99a553]
	(No symbol) [0x0x7ff6de96eb86]
	(No symbol) [0x0x7ff6de96de11]
	(No symbol) [0x0x7ff6de96e9b3]
	(No symbol) [0x0x7ff6dea6907d]
	(No symbol) [0x0x7ff6dea75fe8]
	GetHandleVerifier [0x0x7ff6decef277+942423]
	GetHandleVerifier [0x0x7ff6decf8221+979201]
	(No symbol) [0x0x7ff6deb6c3b1]
	(No symbol) [0x0x7ff6deb64d64]
	(No symbol) [0x0x7ff6deb64eb3]
	(No symbol) [0x0x7ff6deb57016]
	BaseThreadInitThunk [0x0x7fff1474259d+29]
	RtlUserThreadStart [0x0x7fff14b4af38+40]
Traceback (most recent call last):
  File "D:\PythonStoreHouse\auto_test_quiz\ddt\test_web_2.py", line 81, in test_suite
    res = self.run_step(params)
  File "D:\Python313\Lib\site-packages\allure_commons\_allure.py", line 202, in impl
    return func(*a, **kw)
  File "D:\PythonStoreHouse\auto_test_quiz\ddt\test_web_2.py", line 34, in run_step
    return func(*args[1:])
  File "D:\PythonStoreHouse\auto_test_quiz\keywords\webkeys.py", line 292, in use_element
    target_element.click()
    ~~~~~~~~~~~~~~~~~~~~^^
  File "D:\Python313\Lib\site-packages\selenium\webdriver\remote\webelement.py", line 120, in click
    self._execute(Command.CLICK_ELEMENT)
    ~~~~~~~~~~~~~^^^^^^^^^^^^^^^^^^^^^^^
  File "D:\Python313\Lib\site-packages\selenium\webdriver\remote\webelement.py", line 573, in _execute
    return self._parent.execute(command, params)
           ~~~~~~~~~~~~~~~~~~~~^^^^^^^^^^^^^^^^^
  File "D:\Python313\Lib\site-packages\selenium\webdriver\remote\webdriver.py", line 458, in execute
    self.error_handler.check_response(response)
    ~~~~~~~~~~~~~~~~~~~~~~~~~~~~~~~~~^^^^^^^^^^
  File "D:\Python313\Lib\site-packages\selenium\webdriver\remote\errorhandler.py", line 232, in check_response
    raise exception_class(message, screen, stacktrace)
selenium.common.exceptions.StaleElementReferenceException: Message: stale element reference: stale element not found in the current frame
  (Session info: MicrosoftEdge=139.0.3405.86); For documentation on this error, please visit: https://www.selenium.dev/documentation/webdriver/troubleshooting/errors#staleelementreferenceexception
Stacktrace:
	GetHandleVerifier [0x0x7ff6dec0e785+22117]
	(No symbol) [0x0x7ff6deb5ee00]
	GetHandleVerifier [0x0x7ff6dee94c2c+2669324]
	(No symbol) [0x0x7ff6de933794]
	(No symbol) [0x0x7ff6de93602c]
	(No symbol) [0x0x7ff6de9360ff]
	(No symbol) [0x0x7ff6de97b0a1]
	(No symbol) [0x0x7ff6de96fc66]
	(No symbol) [0x0x7ff6de99a7ea]
	(No symbol) [0x0x7ff6de96f68d]
	(No symbol) [0x0x7ff6de96f54d]
	(No symbol) [0x0x7ff6de99aab0]
	(No symbol) [0x0x7ff6de96f68d]
	(No symbol) [0x0x7ff6de9b762f]
	(No symbol) [0x0x7ff6de99a553]
	(No symbol) [0x0x7ff6de96eb86]
	(No symbol) [0x0x7ff6de96de11]
	(No symbol) [0x0x7ff6de96e9b3]
	(No symbol) [0x0x7ff6dea6907d]
	(No symbol) [0x0x7ff6dea75fe8]
	GetHandleVerifier [0x0x7ff6decef277+942423]
	GetHandleVerifier [0x0x7ff6decf8221+979201]
	(No symbol) [0x0x7ff6deb6c3b1]
	(No symbol) [0x0x7ff6deb64d64]
	(No symbol) [0x0x7ff6deb64eb3]
	(No symbol) [0x0x7ff6deb57016]
	BaseThreadInitThunk [0x0x7fff1474259d+29]
	RtlUserThreadStart [0x0x7fff14b4af38+40]

2025-08-16 01:34:52,267 - INFO - webkeys.py - 265 - 页面已成功刷新
2025-08-16 01:34:54,735 - ERROR - test_web_2.py - 116 - Message: 
Stacktrace:
	GetHandleVerifier [0x0x7ff6dec0e785+22117]
	(No symbol) [0x0x7ff6deb5ee00]
	GetHandleVerifier [0x0x7ff6dee94c2c+2669324]
	(No symbol) [0x0x7ff6de97928b]
	(No symbol) [0x0x7ff6de97957b]
	(No symbol) [0x0x7ff6de9b9b47]
	(No symbol) [0x0x7ff6de99a82f]
	(No symbol) [0x0x7ff6de96f68d]
	(No symbol) [0x0x7ff6de9b762f]
	(No symbol) [0x0x7ff6de99a553]
	(No symbol) [0x0x7ff6de96eb86]
	(No symbol) [0x0x7ff6de96de11]
	(No symbol) [0x0x7ff6de96e9b3]
	(No symbol) [0x0x7ff6dea6907d]
	(No symbol) [0x0x7ff6dea75fe8]
	GetHandleVerifier [0x0x7ff6decef277+942423]
	GetHandleVerifier [0x0x7ff6decf8221+979201]
	(No symbol) [0x0x7ff6deb6c3b1]
	(No symbol) [0x0x7ff6deb64d64]
	(No symbol) [0x0x7ff6deb64eb3]
	(No symbol) [0x0x7ff6deb57016]
	BaseThreadInitThunk [0x0x7fff1474259d+29]
	RtlUserThreadStart [0x0x7fff14b4af38+40]
Traceback (most recent call last):
  File "D:\PythonStoreHouse\auto_test_quiz\ddt\test_web_2.py", line 81, in test_suite
    res = self.run_step(params)
  File "D:\Python313\Lib\site-packages\allure_commons\_allure.py", line 202, in impl
    return func(*a, **kw)
  File "D:\PythonStoreHouse\auto_test_quiz\ddt\test_web_2.py", line 34, in run_step
    return func(*args[1:])
  File "D:\PythonStoreHouse\auto_test_quiz\keywords\webkeys.py", line 244, in wait_for_element
    raise e
  File "D:\PythonStoreHouse\auto_test_quiz\keywords\webkeys.py", line 240, in wait_for_element
    WebDriverWait(self.driver, t).until(
    ~~~~~~~~~~~~~~~~~~~~~~~~~~~~~~~~~~~^
        EC.visibility_of_element_located(locator)
        ^^^^^^^^^^^^^^^^^^^^^^^^^^^^^^^^^^^^^^^^^
    )
    ^
  File "D:\Python313\Lib\site-packages\selenium\webdriver\support\wait.py", line 138, in until
    raise TimeoutException(message, screen, stacktrace)
selenium.common.exceptions.TimeoutException: Message: 
Stacktrace:
	GetHandleVerifier [0x0x7ff6dec0e785+22117]
	(No symbol) [0x0x7ff6deb5ee00]
	GetHandleVerifier [0x0x7ff6dee94c2c+2669324]
	(No symbol) [0x0x7ff6de97928b]
	(No symbol) [0x0x7ff6de97957b]
	(No symbol) [0x0x7ff6de9b9b47]
	(No symbol) [0x0x7ff6de99a82f]
	(No symbol) [0x0x7ff6de96f68d]
	(No symbol) [0x0x7ff6de9b762f]
	(No symbol) [0x0x7ff6de99a553]
	(No symbol) [0x0x7ff6de96eb86]
	(No symbol) [0x0x7ff6de96de11]
	(No symbol) [0x0x7ff6de96e9b3]
	(No symbol) [0x0x7ff6dea6907d]
	(No symbol) [0x0x7ff6dea75fe8]
	GetHandleVerifier [0x0x7ff6decef277+942423]
	GetHandleVerifier [0x0x7ff6decf8221+979201]
	(No symbol) [0x0x7ff6deb6c3b1]
	(No symbol) [0x0x7ff6deb64d64]
	(No symbol) [0x0x7ff6deb64eb3]
	(No symbol) [0x0x7ff6deb57016]
	BaseThreadInitThunk [0x0x7fff1474259d+29]
	RtlUserThreadStart [0x0x7fff14b4af38+40]

2025-08-16 01:35:48,905 - INFO - webkeys.py - 181 - 断言，实际结果：https://practicetestautomation.com/logged-in-successfully/   --- 期望值：practicetestautomation.com/logged-in-successfully/
2025-08-16 01:35:59,450 - ERROR - test_web_2.py - 96 - [NoSuchElement] 元素定位失败: //div[@id='row2']/input
Traceback (most recent call last):
  File "D:\PythonStoreHouse\auto_test_quiz\keywords\webkeys.py", line 95, in __find_ele
    ele = self.driver.find_element('xpath', lo)
  File "D:\Python313\Lib\site-packages\selenium\webdriver\remote\webdriver.py", line 926, in find_element
    return self.execute(Command.FIND_ELEMENT, {"using": by, "value": value})["value"]
           ~~~~~~~~~~~~^^^^^^^^^^^^^^^^^^^^^^^^^^^^^^^^^^^^^^^^^^^^^^^^^^^^^
  File "D:\Python313\Lib\site-packages\selenium\webdriver\remote\webdriver.py", line 458, in execute
    self.error_handler.check_response(response)
    ~~~~~~~~~~~~~~~~~~~~~~~~~~~~~~~~~^^^^^^^^^^
  File "D:\Python313\Lib\site-packages\selenium\webdriver\remote\errorhandler.py", line 232, in check_response
    raise exception_class(message, screen, stacktrace)
selenium.common.exceptions.NoSuchElementException: Message: no such element: Unable to locate element: {"method":"xpath","selector":"//div[@id='row2']/input"}
  (Session info: MicrosoftEdge=139.0.3405.86); For documentation on this error, please visit: https://www.selenium.dev/documentation/webdriver/troubleshooting/errors#nosuchelementexception
Stacktrace:
	GetHandleVerifier [0x0x7ff6dec0e785+22117]
	(No symbol) [0x0x7ff6deb5ee00]
	GetHandleVerifier [0x0x7ff6dee94c2c+2669324]
	(No symbol) [0x0x7ff6de97928b]
	(No symbol) [0x0x7ff6de97957b]
	(No symbol) [0x0x7ff6de9b9b47]
	(No symbol) [0x0x7ff6de99a82f]
	(No symbol) [0x0x7ff6de96f68d]
	(No symbol) [0x0x7ff6de9b762f]
	(No symbol) [0x0x7ff6de99a553]
	(No symbol) [0x0x7ff6de96eb86]
	(No symbol) [0x0x7ff6de96de11]
	(No symbol) [0x0x7ff6de96e9b3]
	(No symbol) [0x0x7ff6dea6907d]
	(No symbol) [0x0x7ff6dea75fe8]
	GetHandleVerifier [0x0x7ff6decef277+942423]
	GetHandleVerifier [0x0x7ff6decf8221+979201]
	(No symbol) [0x0x7ff6deb6c3b1]
	(No symbol) [0x0x7ff6deb64d64]
	(No symbol) [0x0x7ff6deb64eb3]
	(No symbol) [0x0x7ff6deb57016]
	BaseThreadInitThunk [0x0x7fff1474259d+29]
	RtlUserThreadStart [0x0x7fff14b4af38+40]


The above exception was the direct cause of the following exception:

Traceback (most recent call last):
  File "D:\PythonStoreHouse\auto_test_quiz\ddt\test_web_2.py", line 81, in test_suite
    res = self.run_step(params)
  File "D:\Python313\Lib\site-packages\allure_commons\_allure.py", line 202, in impl
    return func(*a, **kw)
  File "D:\PythonStoreHouse\auto_test_quiz\ddt\test_web_2.py", line 34, in run_step
    return func(*args[1:])
  File "D:\PythonStoreHouse\auto_test_quiz\keywords\webkeys.py", line 120, in input
    ele = self.__find_ele(lo)
  File "D:\PythonStoreHouse\auto_test_quiz\keywords\webkeys.py", line 110, in __find_ele
    raise AssertionError(f"[NoSuchElement] 元素定位失败: {lo}") from e
AssertionError: [NoSuchElement] 元素定位失败: //div[@id='row2']/input
2025-08-16 01:36:00,745 - INFO - webkeys.py - 265 - 页面已成功刷新
2025-08-16 01:36:08,542 - ERROR - test_web_2.py - 96 - [ElementNotInteractable] 元素不可交互: $Save
Traceback (most recent call last):
  File "D:\PythonStoreHouse\auto_test_quiz\keywords\webkeys.py", line 144, in click
    ele.click()
    ~~~~~~~~~^^
  File "D:\Python313\Lib\site-packages\selenium\webdriver\remote\webelement.py", line 120, in click
    self._execute(Command.CLICK_ELEMENT)
    ~~~~~~~~~~~~~^^^^^^^^^^^^^^^^^^^^^^^
  File "D:\Python313\Lib\site-packages\selenium\webdriver\remote\webelement.py", line 573, in _execute
    return self._parent.execute(command, params)
           ~~~~~~~~~~~~~~~~~~~~^^^^^^^^^^^^^^^^^
  File "D:\Python313\Lib\site-packages\selenium\webdriver\remote\webdriver.py", line 458, in execute
    self.error_handler.check_response(response)
    ~~~~~~~~~~~~~~~~~~~~~~~~~~~~~~~~~^^^^^^^^^^
  File "D:\Python313\Lib\site-packages\selenium\webdriver\remote\errorhandler.py", line 232, in check_response
    raise exception_class(message, screen, stacktrace)
selenium.common.exceptions.ElementNotInteractableException: Message: element not interactable
  (Session info: MicrosoftEdge=139.0.3405.86); For documentation on this error, please visit: https://www.selenium.dev/documentation/webdriver/troubleshooting/errors#elementnotinteractableexception
Stacktrace:
	GetHandleVerifier [0x0x7ff6dec0e785+22117]
	(No symbol) [0x0x7ff6deb5ee00]
	(No symbol) [0x0x7ff6de92cdb0]
	(No symbol) [0x0x7ff6de97a745]
	(No symbol) [0x0x7ff6de96fcfe]
	(No symbol) [0x0x7ff6de99a7ea]
	(No symbol) [0x0x7ff6de96f68d]
	(No symbol) [0x0x7ff6de96f54d]
	(No symbol) [0x0x7ff6de99aab0]
	(No symbol) [0x0x7ff6de96f68d]
	(No symbol) [0x0x7ff6de9b762f]
	(No symbol) [0x0x7ff6de99a553]
	(No symbol) [0x0x7ff6de96eb86]
	(No symbol) [0x0x7ff6de96de11]
	(No symbol) [0x0x7ff6de96e9b3]
	(No symbol) [0x0x7ff6dea6907d]
	(No symbol) [0x0x7ff6dea75fe8]
	GetHandleVerifier [0x0x7ff6decef277+942423]
	GetHandleVerifier [0x0x7ff6decf8221+979201]
	(No symbol) [0x0x7ff6deb6c3b1]
	(No symbol) [0x0x7ff6deb64d64]
	(No symbol) [0x0x7ff6deb64eb3]
	(No symbol) [0x0x7ff6deb57016]
	BaseThreadInitThunk [0x0x7fff1474259d+29]
	RtlUserThreadStart [0x0x7fff14b4af38+40]


The above exception was the direct cause of the following exception:

Traceback (most recent call last):
  File "D:\PythonStoreHouse\auto_test_quiz\ddt\test_web_2.py", line 81, in test_suite
    res = self.run_step(params)
  File "D:\Python313\Lib\site-packages\allure_commons\_allure.py", line 202, in impl
    return func(*a, **kw)
  File "D:\PythonStoreHouse\auto_test_quiz\ddt\test_web_2.py", line 34, in run_step
    return func(*args[1:])
  File "D:\PythonStoreHouse\auto_test_quiz\keywords\webkeys.py", line 146, in click
    raise AssertionError(f"[ElementNotInteractable] 元素不可交互: {lo}") from e
AssertionError: [ElementNotInteractable] 元素不可交互: $Save
2025-08-16 01:36:09,375 - INFO - webkeys.py - 265 - 页面已成功刷新
2025-08-16 01:36:09,596 - ERROR - test_web_2.py - 116 - Message: invalid element state: Element is not currently interactable and may not be manipulated
  (Session info: MicrosoftEdge=139.0.3405.86)
Stacktrace:
	GetHandleVerifier [0x0x7ff6dec0e785+22117]
	(No symbol) [0x0x7ff6deb5ee00]
	GetHandleVerifier [0x0x7ff6dee94c2c+2669324]
	(No symbol) [0x0x7ff6de933794]
	(No symbol) [0x0x7ff6de93602c]
	(No symbol) [0x0x7ff6de9360ff]
	(No symbol) [0x0x7ff6de9720a4]
	(No symbol) [0x0x7ff6de99a7ea]
	(No symbol) [0x0x7ff6de96f68d]
	(No symbol) [0x0x7ff6de96f54d]
	(No symbol) [0x0x7ff6de99aab0]
	(No symbol) [0x0x7ff6de96f68d]
	(No symbol) [0x0x7ff6de9b762f]
	(No symbol) [0x0x7ff6de99a553]
	(No symbol) [0x0x7ff6de96eb86]
	(No symbol) [0x0x7ff6de96de11]
	(No symbol) [0x0x7ff6de96e9b3]
	(No symbol) [0x0x7ff6dea6907d]
	(No symbol) [0x0x7ff6dea75fe8]
	GetHandleVerifier [0x0x7ff6decef277+942423]
	GetHandleVerifier [0x0x7ff6decf8221+979201]
	(No symbol) [0x0x7ff6deb6c3b1]
	(No symbol) [0x0x7ff6deb64d64]
	(No symbol) [0x0x7ff6deb64eb3]
	(No symbol) [0x0x7ff6deb57016]
	BaseThreadInitThunk [0x0x7fff1474259d+29]
	RtlUserThreadStart [0x0x7fff14b4af38+40]
Traceback (most recent call last):
  File "D:\PythonStoreHouse\auto_test_quiz\ddt\test_web_2.py", line 81, in test_suite
    res = self.run_step(params)
  File "D:\Python313\Lib\site-packages\allure_commons\_allure.py", line 202, in impl
    return func(*a, **kw)
  File "D:\PythonStoreHouse\auto_test_quiz\ddt\test_web_2.py", line 34, in run_step
    return func(*args[1:])
  File "D:\PythonStoreHouse\auto_test_quiz\keywords\webkeys.py", line 134, in clear
    ele.clear()
    ~~~~~~~~~^^
  File "D:\Python313\Lib\site-packages\selenium\webdriver\remote\webelement.py", line 155, in clear
    self._execute(Command.CLEAR_ELEMENT)
    ~~~~~~~~~~~~~^^^^^^^^^^^^^^^^^^^^^^^
  File "D:\Python313\Lib\site-packages\selenium\webdriver\remote\webelement.py", line 573, in _execute
    return self._parent.execute(command, params)
           ~~~~~~~~~~~~~~~~~~~~^^^^^^^^^^^^^^^^^
  File "D:\Python313\Lib\site-packages\selenium\webdriver\remote\webdriver.py", line 458, in execute
    self.error_handler.check_response(response)
    ~~~~~~~~~~~~~~~~~~~~~~~~~~~~~~~~~^^^^^^^^^^
  File "D:\Python313\Lib\site-packages\selenium\webdriver\remote\errorhandler.py", line 232, in check_response
    raise exception_class(message, screen, stacktrace)
selenium.common.exceptions.InvalidElementStateException: Message: invalid element state: Element is not currently interactable and may not be manipulated
  (Session info: MicrosoftEdge=139.0.3405.86)
Stacktrace:
	GetHandleVerifier [0x0x7ff6dec0e785+22117]
	(No symbol) [0x0x7ff6deb5ee00]
	GetHandleVerifier [0x0x7ff6dee94c2c+2669324]
	(No symbol) [0x0x7ff6de933794]
	(No symbol) [0x0x7ff6de93602c]
	(No symbol) [0x0x7ff6de9360ff]
	(No symbol) [0x0x7ff6de9720a4]
	(No symbol) [0x0x7ff6de99a7ea]
	(No symbol) [0x0x7ff6de96f68d]
	(No symbol) [0x0x7ff6de96f54d]
	(No symbol) [0x0x7ff6de99aab0]
	(No symbol) [0x0x7ff6de96f68d]
	(No symbol) [0x0x7ff6de9b762f]
	(No symbol) [0x0x7ff6de99a553]
	(No symbol) [0x0x7ff6de96eb86]
	(No symbol) [0x0x7ff6de96de11]
	(No symbol) [0x0x7ff6de96e9b3]
	(No symbol) [0x0x7ff6dea6907d]
	(No symbol) [0x0x7ff6dea75fe8]
	GetHandleVerifier [0x0x7ff6decef277+942423]
	GetHandleVerifier [0x0x7ff6decf8221+979201]
	(No symbol) [0x0x7ff6deb6c3b1]
	(No symbol) [0x0x7ff6deb64d64]
	(No symbol) [0x0x7ff6deb64eb3]
	(No symbol) [0x0x7ff6deb57016]
	BaseThreadInitThunk [0x0x7fff1474259d+29]
	RtlUserThreadStart [0x0x7fff14b4af38+40]

2025-08-16 01:36:10,432 - INFO - webkeys.py - 265 - 页面已成功刷新
2025-08-16 01:36:11,056 - ERROR - test_web_2.py - 116 - Message: stale element reference: stale element not found in the current frame
  (Session info: MicrosoftEdge=139.0.3405.86); For documentation on this error, please visit: https://www.selenium.dev/documentation/webdriver/troubleshooting/errors#staleelementreferenceexception
Stacktrace:
	GetHandleVerifier [0x0x7ff6dec0e785+22117]
	(No symbol) [0x0x7ff6deb5ee00]
	GetHandleVerifier [0x0x7ff6dee94c2c+2669324]
	(No symbol) [0x0x7ff6de933794]
	(No symbol) [0x0x7ff6de93602c]
	(No symbol) [0x0x7ff6de9360ff]
	(No symbol) [0x0x7ff6de97b0a1]
	(No symbol) [0x0x7ff6de96fc66]
	(No symbol) [0x0x7ff6de99a7ea]
	(No symbol) [0x0x7ff6de96f68d]
	(No symbol) [0x0x7ff6de96f54d]
	(No symbol) [0x0x7ff6de99aab0]
	(No symbol) [0x0x7ff6de96f68d]
	(No symbol) [0x0x7ff6de9b762f]
	(No symbol) [0x0x7ff6de99a553]
	(No symbol) [0x0x7ff6de96eb86]
	(No symbol) [0x0x7ff6de96de11]
	(No symbol) [0x0x7ff6de96e9b3]
	(No symbol) [0x0x7ff6dea6907d]
	(No symbol) [0x0x7ff6dea75fe8]
	GetHandleVerifier [0x0x7ff6decef277+942423]
	GetHandleVerifier [0x0x7ff6decf8221+979201]
	(No symbol) [0x0x7ff6deb6c3b1]
	(No symbol) [0x0x7ff6deb64d64]
	(No symbol) [0x0x7ff6deb64eb3]
	(No symbol) [0x0x7ff6deb57016]
	BaseThreadInitThunk [0x0x7fff1474259d+29]
	RtlUserThreadStart [0x0x7fff14b4af38+40]
Traceback (most recent call last):
  File "D:\PythonStoreHouse\auto_test_quiz\ddt\test_web_2.py", line 81, in test_suite
    res = self.run_step(params)
  File "D:\Python313\Lib\site-packages\allure_commons\_allure.py", line 202, in impl
    return func(*a, **kw)
  File "D:\PythonStoreHouse\auto_test_quiz\ddt\test_web_2.py", line 34, in run_step
    return func(*args[1:])
  File "D:\PythonStoreHouse\auto_test_quiz\keywords\webkeys.py", line 292, in use_element
    target_element.click()
    ~~~~~~~~~~~~~~~~~~~~^^
  File "D:\Python313\Lib\site-packages\selenium\webdriver\remote\webelement.py", line 120, in click
    self._execute(Command.CLICK_ELEMENT)
    ~~~~~~~~~~~~~^^^^^^^^^^^^^^^^^^^^^^^
  File "D:\Python313\Lib\site-packages\selenium\webdriver\remote\webelement.py", line 573, in _execute
    return self._parent.execute(command, params)
           ~~~~~~~~~~~~~~~~~~~~^^^^^^^^^^^^^^^^^
  File "D:\Python313\Lib\site-packages\selenium\webdriver\remote\webdriver.py", line 458, in execute
    self.error_handler.check_response(response)
    ~~~~~~~~~~~~~~~~~~~~~~~~~~~~~~~~~^^^^^^^^^^
  File "D:\Python313\Lib\site-packages\selenium\webdriver\remote\errorhandler.py", line 232, in check_response
    raise exception_class(message, screen, stacktrace)
selenium.common.exceptions.StaleElementReferenceException: Message: stale element reference: stale element not found in the current frame
  (Session info: MicrosoftEdge=139.0.3405.86); For documentation on this error, please visit: https://www.selenium.dev/documentation/webdriver/troubleshooting/errors#staleelementreferenceexception
Stacktrace:
	GetHandleVerifier [0x0x7ff6dec0e785+22117]
	(No symbol) [0x0x7ff6deb5ee00]
	GetHandleVerifier [0x0x7ff6dee94c2c+2669324]
	(No symbol) [0x0x7ff6de933794]
	(No symbol) [0x0x7ff6de93602c]
	(No symbol) [0x0x7ff6de9360ff]
	(No symbol) [0x0x7ff6de97b0a1]
	(No symbol) [0x0x7ff6de96fc66]
	(No symbol) [0x0x7ff6de99a7ea]
	(No symbol) [0x0x7ff6de96f68d]
	(No symbol) [0x0x7ff6de96f54d]
	(No symbol) [0x0x7ff6de99aab0]
	(No symbol) [0x0x7ff6de96f68d]
	(No symbol) [0x0x7ff6de9b762f]
	(No symbol) [0x0x7ff6de99a553]
	(No symbol) [0x0x7ff6de96eb86]
	(No symbol) [0x0x7ff6de96de11]
	(No symbol) [0x0x7ff6de96e9b3]
	(No symbol) [0x0x7ff6dea6907d]
	(No symbol) [0x0x7ff6dea75fe8]
	GetHandleVerifier [0x0x7ff6decef277+942423]
	GetHandleVerifier [0x0x7ff6decf8221+979201]
	(No symbol) [0x0x7ff6deb6c3b1]
	(No symbol) [0x0x7ff6deb64d64]
	(No symbol) [0x0x7ff6deb64eb3]
	(No symbol) [0x0x7ff6deb57016]
	BaseThreadInitThunk [0x0x7fff1474259d+29]
	RtlUserThreadStart [0x0x7fff14b4af38+40]

2025-08-16 01:36:12,575 - INFO - webkeys.py - 265 - 页面已成功刷新
2025-08-16 01:36:15,062 - ERROR - test_web_2.py - 116 - catching classes that do not inherit from BaseException is not allowed
Traceback (most recent call last):
  File "D:\PythonStoreHouse\auto_test_quiz\keywords\webkeys.py", line 240, in wait_for_element
    WebDriverWait(self.driver, t).until(
    ~~~~~~~~~~~~~~~~~~~~~~~~~~~~~~~~~~~^
        EC.visibility_of_element_located(locator)
        ^^^^^^^^^^^^^^^^^^^^^^^^^^^^^^^^^^^^^^^^^
    )
    ^
  File "D:\Python313\Lib\site-packages\selenium\webdriver\support\wait.py", line 138, in until
    raise TimeoutException(message, screen, stacktrace)
selenium.common.exceptions.TimeoutException: Message: 
Stacktrace:
	GetHandleVerifier [0x0x7ff6dec0e785+22117]
	(No symbol) [0x0x7ff6deb5ee00]
	GetHandleVerifier [0x0x7ff6dee94c2c+2669324]
	(No symbol) [0x0x7ff6de97928b]
	(No symbol) [0x0x7ff6de97957b]
	(No symbol) [0x0x7ff6de9b9b47]
	(No symbol) [0x0x7ff6de99a82f]
	(No symbol) [0x0x7ff6de96f68d]
	(No symbol) [0x0x7ff6de9b762f]
	(No symbol) [0x0x7ff6de99a553]
	(No symbol) [0x0x7ff6de96eb86]
	(No symbol) [0x0x7ff6de96de11]
	(No symbol) [0x0x7ff6de96e9b3]
	(No symbol) [0x0x7ff6dea6907d]
	(No symbol) [0x0x7ff6dea75fe8]
	GetHandleVerifier [0x0x7ff6decef277+942423]
	GetHandleVerifier [0x0x7ff6decf8221+979201]
	(No symbol) [0x0x7ff6deb6c3b1]
	(No symbol) [0x0x7ff6deb64d64]
	(No symbol) [0x0x7ff6deb64eb3]
	(No symbol) [0x0x7ff6deb57016]
	BaseThreadInitThunk [0x0x7fff1474259d+29]
	RtlUserThreadStart [0x0x7fff14b4af38+40]


During handling of the above exception, another exception occurred:

Traceback (most recent call last):
  File "D:\PythonStoreHouse\auto_test_quiz\ddt\test_web_2.py", line 81, in test_suite
    res = self.run_step(params)
  File "D:\Python313\Lib\site-packages\allure_commons\_allure.py", line 202, in impl
    return func(*a, **kw)
  File "D:\PythonStoreHouse\auto_test_quiz\ddt\test_web_2.py", line 34, in run_step
    return func(*args[1:])
  File "D:\PythonStoreHouse\auto_test_quiz\keywords\webkeys.py", line 243, in wait_for_element
    except exception as e:
        raise AssertionError(e)
TypeError: catching classes that do not inherit from BaseException is not allowed
2025-08-16 01:37:22,680 - INFO - webkeys.py - 180 - 断言，实际结果：https://practicetestautomation.com/logged-in-successfully/   --- 期望值：practicetestautomation.com/logged-in-successfully/
2025-08-16 01:37:32,196 - ERROR - test_web_2.py - 96 - [NoSuchElement] 元素定位失败: //div[@id='row2']/input
Traceback (most recent call last):
  File "D:\PythonStoreHouse\auto_test_quiz\keywords\webkeys.py", line 94, in __find_ele
    ele = self.driver.find_element('xpath', lo)
  File "D:\Python313\Lib\site-packages\selenium\webdriver\remote\webdriver.py", line 926, in find_element
    return self.execute(Command.FIND_ELEMENT, {"using": by, "value": value})["value"]
           ~~~~~~~~~~~~^^^^^^^^^^^^^^^^^^^^^^^^^^^^^^^^^^^^^^^^^^^^^^^^^^^^^
  File "D:\Python313\Lib\site-packages\selenium\webdriver\remote\webdriver.py", line 458, in execute
    self.error_handler.check_response(response)
    ~~~~~~~~~~~~~~~~~~~~~~~~~~~~~~~~~^^^^^^^^^^
  File "D:\Python313\Lib\site-packages\selenium\webdriver\remote\errorhandler.py", line 232, in check_response
    raise exception_class(message, screen, stacktrace)
selenium.common.exceptions.NoSuchElementException: Message: no such element: Unable to locate element: {"method":"xpath","selector":"//div[@id='row2']/input"}
  (Session info: MicrosoftEdge=139.0.3405.86); For documentation on this error, please visit: https://www.selenium.dev/documentation/webdriver/troubleshooting/errors#nosuchelementexception
Stacktrace:
	GetHandleVerifier [0x0x7ff6dec0e785+22117]
	(No symbol) [0x0x7ff6deb5ee00]
	GetHandleVerifier [0x0x7ff6dee94c2c+2669324]
	(No symbol) [0x0x7ff6de97928b]
	(No symbol) [0x0x7ff6de97957b]
	(No symbol) [0x0x7ff6de9b9b47]
	(No symbol) [0x0x7ff6de99a82f]
	(No symbol) [0x0x7ff6de96f68d]
	(No symbol) [0x0x7ff6de9b762f]
	(No symbol) [0x0x7ff6de99a553]
	(No symbol) [0x0x7ff6de96eb86]
	(No symbol) [0x0x7ff6de96de11]
	(No symbol) [0x0x7ff6de96e9b3]
	(No symbol) [0x0x7ff6dea6907d]
	(No symbol) [0x0x7ff6dea75fe8]
	GetHandleVerifier [0x0x7ff6decef277+942423]
	GetHandleVerifier [0x0x7ff6decf8221+979201]
	(No symbol) [0x0x7ff6deb6c3b1]
	(No symbol) [0x0x7ff6deb64d64]
	(No symbol) [0x0x7ff6deb64eb3]
	(No symbol) [0x0x7ff6deb57016]
	BaseThreadInitThunk [0x0x7fff1474259d+29]
	RtlUserThreadStart [0x0x7fff14b4af38+40]


The above exception was the direct cause of the following exception:

Traceback (most recent call last):
  File "D:\PythonStoreHouse\auto_test_quiz\ddt\test_web_2.py", line 81, in test_suite
    res = self.run_step(params)
  File "D:\Python313\Lib\site-packages\allure_commons\_allure.py", line 202, in impl
    return func(*a, **kw)
  File "D:\PythonStoreHouse\auto_test_quiz\ddt\test_web_2.py", line 34, in run_step
    return func(*args[1:])
  File "D:\PythonStoreHouse\auto_test_quiz\keywords\webkeys.py", line 119, in input
    ele = self.__find_ele(lo)
  File "D:\PythonStoreHouse\auto_test_quiz\keywords\webkeys.py", line 109, in __find_ele
    raise AssertionError(f"[NoSuchElement] 元素定位失败: {lo}") from e
AssertionError: [NoSuchElement] 元素定位失败: //div[@id='row2']/input
2025-08-16 01:37:33,268 - INFO - webkeys.py - 264 - 页面已成功刷新
2025-08-16 01:37:41,014 - ERROR - test_web_2.py - 96 - [ElementNotInteractable] 元素不可交互: $Save
Traceback (most recent call last):
  File "D:\PythonStoreHouse\auto_test_quiz\keywords\webkeys.py", line 143, in click
    ele.click()
    ~~~~~~~~~^^
  File "D:\Python313\Lib\site-packages\selenium\webdriver\remote\webelement.py", line 120, in click
    self._execute(Command.CLICK_ELEMENT)
    ~~~~~~~~~~~~~^^^^^^^^^^^^^^^^^^^^^^^
  File "D:\Python313\Lib\site-packages\selenium\webdriver\remote\webelement.py", line 573, in _execute
    return self._parent.execute(command, params)
           ~~~~~~~~~~~~~~~~~~~~^^^^^^^^^^^^^^^^^
  File "D:\Python313\Lib\site-packages\selenium\webdriver\remote\webdriver.py", line 458, in execute
    self.error_handler.check_response(response)
    ~~~~~~~~~~~~~~~~~~~~~~~~~~~~~~~~~^^^^^^^^^^
  File "D:\Python313\Lib\site-packages\selenium\webdriver\remote\errorhandler.py", line 232, in check_response
    raise exception_class(message, screen, stacktrace)
selenium.common.exceptions.ElementNotInteractableException: Message: element not interactable
  (Session info: MicrosoftEdge=139.0.3405.86); For documentation on this error, please visit: https://www.selenium.dev/documentation/webdriver/troubleshooting/errors#elementnotinteractableexception
Stacktrace:
	GetHandleVerifier [0x0x7ff6dec0e785+22117]
	(No symbol) [0x0x7ff6deb5ee00]
	(No symbol) [0x0x7ff6de92cdb0]
	(No symbol) [0x0x7ff6de97a745]
	(No symbol) [0x0x7ff6de96fcfe]
	(No symbol) [0x0x7ff6de99a7ea]
	(No symbol) [0x0x7ff6de96f68d]
	(No symbol) [0x0x7ff6de96f54d]
	(No symbol) [0x0x7ff6de99aab0]
	(No symbol) [0x0x7ff6de96f68d]
	(No symbol) [0x0x7ff6de9b762f]
	(No symbol) [0x0x7ff6de99a553]
	(No symbol) [0x0x7ff6de96eb86]
	(No symbol) [0x0x7ff6de96de11]
	(No symbol) [0x0x7ff6de96e9b3]
	(No symbol) [0x0x7ff6dea6907d]
	(No symbol) [0x0x7ff6dea75fe8]
	GetHandleVerifier [0x0x7ff6decef277+942423]
	GetHandleVerifier [0x0x7ff6decf8221+979201]
	(No symbol) [0x0x7ff6deb6c3b1]
	(No symbol) [0x0x7ff6deb64d64]
	(No symbol) [0x0x7ff6deb64eb3]
	(No symbol) [0x0x7ff6deb57016]
	BaseThreadInitThunk [0x0x7fff1474259d+29]
	RtlUserThreadStart [0x0x7fff14b4af38+40]


The above exception was the direct cause of the following exception:

Traceback (most recent call last):
  File "D:\PythonStoreHouse\auto_test_quiz\ddt\test_web_2.py", line 81, in test_suite
    res = self.run_step(params)
  File "D:\Python313\Lib\site-packages\allure_commons\_allure.py", line 202, in impl
    return func(*a, **kw)
  File "D:\PythonStoreHouse\auto_test_quiz\ddt\test_web_2.py", line 34, in run_step
    return func(*args[1:])
  File "D:\PythonStoreHouse\auto_test_quiz\keywords\webkeys.py", line 145, in click
    raise AssertionError(f"[ElementNotInteractable] 元素不可交互: {lo}") from e
AssertionError: [ElementNotInteractable] 元素不可交互: $Save
2025-08-16 01:37:42,359 - INFO - webkeys.py - 264 - 页面已成功刷新
2025-08-16 01:37:42,588 - ERROR - test_web_2.py - 116 - Message: invalid element state: Element is not currently interactable and may not be manipulated
  (Session info: MicrosoftEdge=139.0.3405.86)
Stacktrace:
	GetHandleVerifier [0x0x7ff6dec0e785+22117]
	(No symbol) [0x0x7ff6deb5ee00]
	GetHandleVerifier [0x0x7ff6dee94c2c+2669324]
	(No symbol) [0x0x7ff6de933794]
	(No symbol) [0x0x7ff6de93602c]
	(No symbol) [0x0x7ff6de9360ff]
	(No symbol) [0x0x7ff6de9720a4]
	(No symbol) [0x0x7ff6de99a7ea]
	(No symbol) [0x0x7ff6de96f68d]
	(No symbol) [0x0x7ff6de96f54d]
	(No symbol) [0x0x7ff6de99aab0]
	(No symbol) [0x0x7ff6de96f68d]
	(No symbol) [0x0x7ff6de9b762f]
	(No symbol) [0x0x7ff6de99a553]
	(No symbol) [0x0x7ff6de96eb86]
	(No symbol) [0x0x7ff6de96de11]
	(No symbol) [0x0x7ff6de96e9b3]
	(No symbol) [0x0x7ff6dea6907d]
	(No symbol) [0x0x7ff6dea75fe8]
	GetHandleVerifier [0x0x7ff6decef277+942423]
	GetHandleVerifier [0x0x7ff6decf8221+979201]
	(No symbol) [0x0x7ff6deb6c3b1]
	(No symbol) [0x0x7ff6deb64d64]
	(No symbol) [0x0x7ff6deb64eb3]
	(No symbol) [0x0x7ff6deb57016]
	BaseThreadInitThunk [0x0x7fff1474259d+29]
	RtlUserThreadStart [0x0x7fff14b4af38+40]
Traceback (most recent call last):
  File "D:\PythonStoreHouse\auto_test_quiz\ddt\test_web_2.py", line 81, in test_suite
    res = self.run_step(params)
  File "D:\Python313\Lib\site-packages\allure_commons\_allure.py", line 202, in impl
    return func(*a, **kw)
  File "D:\PythonStoreHouse\auto_test_quiz\ddt\test_web_2.py", line 34, in run_step
    return func(*args[1:])
  File "D:\PythonStoreHouse\auto_test_quiz\keywords\webkeys.py", line 133, in clear
    ele.clear()
    ~~~~~~~~~^^
  File "D:\Python313\Lib\site-packages\selenium\webdriver\remote\webelement.py", line 155, in clear
    self._execute(Command.CLEAR_ELEMENT)
    ~~~~~~~~~~~~~^^^^^^^^^^^^^^^^^^^^^^^
  File "D:\Python313\Lib\site-packages\selenium\webdriver\remote\webelement.py", line 573, in _execute
    return self._parent.execute(command, params)
           ~~~~~~~~~~~~~~~~~~~~^^^^^^^^^^^^^^^^^
  File "D:\Python313\Lib\site-packages\selenium\webdriver\remote\webdriver.py", line 458, in execute
    self.error_handler.check_response(response)
    ~~~~~~~~~~~~~~~~~~~~~~~~~~~~~~~~~^^^^^^^^^^
  File "D:\Python313\Lib\site-packages\selenium\webdriver\remote\errorhandler.py", line 232, in check_response
    raise exception_class(message, screen, stacktrace)
selenium.common.exceptions.InvalidElementStateException: Message: invalid element state: Element is not currently interactable and may not be manipulated
  (Session info: MicrosoftEdge=139.0.3405.86)
Stacktrace:
	GetHandleVerifier [0x0x7ff6dec0e785+22117]
	(No symbol) [0x0x7ff6deb5ee00]
	GetHandleVerifier [0x0x7ff6dee94c2c+2669324]
	(No symbol) [0x0x7ff6de933794]
	(No symbol) [0x0x7ff6de93602c]
	(No symbol) [0x0x7ff6de9360ff]
	(No symbol) [0x0x7ff6de9720a4]
	(No symbol) [0x0x7ff6de99a7ea]
	(No symbol) [0x0x7ff6de96f68d]
	(No symbol) [0x0x7ff6de96f54d]
	(No symbol) [0x0x7ff6de99aab0]
	(No symbol) [0x0x7ff6de96f68d]
	(No symbol) [0x0x7ff6de9b762f]
	(No symbol) [0x0x7ff6de99a553]
	(No symbol) [0x0x7ff6de96eb86]
	(No symbol) [0x0x7ff6de96de11]
	(No symbol) [0x0x7ff6de96e9b3]
	(No symbol) [0x0x7ff6dea6907d]
	(No symbol) [0x0x7ff6dea75fe8]
	GetHandleVerifier [0x0x7ff6decef277+942423]
	GetHandleVerifier [0x0x7ff6decf8221+979201]
	(No symbol) [0x0x7ff6deb6c3b1]
	(No symbol) [0x0x7ff6deb64d64]
	(No symbol) [0x0x7ff6deb64eb3]
	(No symbol) [0x0x7ff6deb57016]
	BaseThreadInitThunk [0x0x7fff1474259d+29]
	RtlUserThreadStart [0x0x7fff14b4af38+40]

2025-08-16 01:37:43,431 - INFO - webkeys.py - 264 - 页面已成功刷新
2025-08-16 01:37:44,052 - ERROR - test_web_2.py - 116 - Message: stale element reference: stale element not found in the current frame
  (Session info: MicrosoftEdge=139.0.3405.86); For documentation on this error, please visit: https://www.selenium.dev/documentation/webdriver/troubleshooting/errors#staleelementreferenceexception
Stacktrace:
	GetHandleVerifier [0x0x7ff6dec0e785+22117]
	(No symbol) [0x0x7ff6deb5ee00]
	GetHandleVerifier [0x0x7ff6dee94c2c+2669324]
	(No symbol) [0x0x7ff6de933794]
	(No symbol) [0x0x7ff6de93602c]
	(No symbol) [0x0x7ff6de9360ff]
	(No symbol) [0x0x7ff6de97b0a1]
	(No symbol) [0x0x7ff6de96fc66]
	(No symbol) [0x0x7ff6de99a7ea]
	(No symbol) [0x0x7ff6de96f68d]
	(No symbol) [0x0x7ff6de96f54d]
	(No symbol) [0x0x7ff6de99aab0]
	(No symbol) [0x0x7ff6de96f68d]
	(No symbol) [0x0x7ff6de9b762f]
	(No symbol) [0x0x7ff6de99a553]
	(No symbol) [0x0x7ff6de96eb86]
	(No symbol) [0x0x7ff6de96de11]
	(No symbol) [0x0x7ff6de96e9b3]
	(No symbol) [0x0x7ff6dea6907d]
	(No symbol) [0x0x7ff6dea75fe8]
	GetHandleVerifier [0x0x7ff6decef277+942423]
	GetHandleVerifier [0x0x7ff6decf8221+979201]
	(No symbol) [0x0x7ff6deb6c3b1]
	(No symbol) [0x0x7ff6deb64d64]
	(No symbol) [0x0x7ff6deb64eb3]
	(No symbol) [0x0x7ff6deb57016]
	BaseThreadInitThunk [0x0x7fff1474259d+29]
	RtlUserThreadStart [0x0x7fff14b4af38+40]
Traceback (most recent call last):
  File "D:\PythonStoreHouse\auto_test_quiz\ddt\test_web_2.py", line 81, in test_suite
    res = self.run_step(params)
  File "D:\Python313\Lib\site-packages\allure_commons\_allure.py", line 202, in impl
    return func(*a, **kw)
  File "D:\PythonStoreHouse\auto_test_quiz\ddt\test_web_2.py", line 34, in run_step
    return func(*args[1:])
  File "D:\PythonStoreHouse\auto_test_quiz\keywords\webkeys.py", line 291, in use_element
    target_element.click()
    ~~~~~~~~~~~~~~~~~~~~^^
  File "D:\Python313\Lib\site-packages\selenium\webdriver\remote\webelement.py", line 120, in click
    self._execute(Command.CLICK_ELEMENT)
    ~~~~~~~~~~~~~^^^^^^^^^^^^^^^^^^^^^^^
  File "D:\Python313\Lib\site-packages\selenium\webdriver\remote\webelement.py", line 573, in _execute
    return self._parent.execute(command, params)
           ~~~~~~~~~~~~~~~~~~~~^^^^^^^^^^^^^^^^^
  File "D:\Python313\Lib\site-packages\selenium\webdriver\remote\webdriver.py", line 458, in execute
    self.error_handler.check_response(response)
    ~~~~~~~~~~~~~~~~~~~~~~~~~~~~~~~~~^^^^^^^^^^
  File "D:\Python313\Lib\site-packages\selenium\webdriver\remote\errorhandler.py", line 232, in check_response
    raise exception_class(message, screen, stacktrace)
selenium.common.exceptions.StaleElementReferenceException: Message: stale element reference: stale element not found in the current frame
  (Session info: MicrosoftEdge=139.0.3405.86); For documentation on this error, please visit: https://www.selenium.dev/documentation/webdriver/troubleshooting/errors#staleelementreferenceexception
Stacktrace:
	GetHandleVerifier [0x0x7ff6dec0e785+22117]
	(No symbol) [0x0x7ff6deb5ee00]
	GetHandleVerifier [0x0x7ff6dee94c2c+2669324]
	(No symbol) [0x0x7ff6de933794]
	(No symbol) [0x0x7ff6de93602c]
	(No symbol) [0x0x7ff6de9360ff]
	(No symbol) [0x0x7ff6de97b0a1]
	(No symbol) [0x0x7ff6de96fc66]
	(No symbol) [0x0x7ff6de99a7ea]
	(No symbol) [0x0x7ff6de96f68d]
	(No symbol) [0x0x7ff6de96f54d]
	(No symbol) [0x0x7ff6de99aab0]
	(No symbol) [0x0x7ff6de96f68d]
	(No symbol) [0x0x7ff6de9b762f]
	(No symbol) [0x0x7ff6de99a553]
	(No symbol) [0x0x7ff6de96eb86]
	(No symbol) [0x0x7ff6de96de11]
	(No symbol) [0x0x7ff6de96e9b3]
	(No symbol) [0x0x7ff6dea6907d]
	(No symbol) [0x0x7ff6dea75fe8]
	GetHandleVerifier [0x0x7ff6decef277+942423]
	GetHandleVerifier [0x0x7ff6decf8221+979201]
	(No symbol) [0x0x7ff6deb6c3b1]
	(No symbol) [0x0x7ff6deb64d64]
	(No symbol) [0x0x7ff6deb64eb3]
	(No symbol) [0x0x7ff6deb57016]
	BaseThreadInitThunk [0x0x7fff1474259d+29]
	RtlUserThreadStart [0x0x7fff14b4af38+40]

2025-08-16 01:37:44,896 - INFO - webkeys.py - 264 - 页面已成功刷新
2025-08-16 01:37:47,364 - ERROR - test_web_2.py - 96 - Message: 
Stacktrace:
	GetHandleVerifier [0x0x7ff6dec0e785+22117]
	(No symbol) [0x0x7ff6deb5ee00]
	GetHandleVerifier [0x0x7ff6dee94c2c+2669324]
	(No symbol) [0x0x7ff6de97928b]
	(No symbol) [0x0x7ff6de97957b]
	(No symbol) [0x0x7ff6de9b9b47]
	(No symbol) [0x0x7ff6de99a82f]
	(No symbol) [0x0x7ff6de96f68d]
	(No symbol) [0x0x7ff6de9b762f]
	(No symbol) [0x0x7ff6de99a553]
	(No symbol) [0x0x7ff6de96eb86]
	(No symbol) [0x0x7ff6de96de11]
	(No symbol) [0x0x7ff6de96e9b3]
	(No symbol) [0x0x7ff6dea6907d]
	(No symbol) [0x0x7ff6dea75fe8]
	GetHandleVerifier [0x0x7ff6decef277+942423]
	GetHandleVerifier [0x0x7ff6decf8221+979201]
	(No symbol) [0x0x7ff6deb6c3b1]
	(No symbol) [0x0x7ff6deb64d64]
	(No symbol) [0x0x7ff6deb64eb3]
	(No symbol) [0x0x7ff6deb57016]
	BaseThreadInitThunk [0x0x7fff1474259d+29]
	RtlUserThreadStart [0x0x7fff14b4af38+40]
Traceback (most recent call last):
  File "D:\PythonStoreHouse\auto_test_quiz\keywords\webkeys.py", line 239, in wait_for_element
    WebDriverWait(self.driver, t).until(
    ~~~~~~~~~~~~~~~~~~~~~~~~~~~~~~~~~~~^
        EC.visibility_of_element_located(locator)
        ^^^^^^^^^^^^^^^^^^^^^^^^^^^^^^^^^^^^^^^^^
    )
    ^
  File "D:\Python313\Lib\site-packages\selenium\webdriver\support\wait.py", line 138, in until
    raise TimeoutException(message, screen, stacktrace)
selenium.common.exceptions.TimeoutException: Message: 
Stacktrace:
	GetHandleVerifier [0x0x7ff6dec0e785+22117]
	(No symbol) [0x0x7ff6deb5ee00]
	GetHandleVerifier [0x0x7ff6dee94c2c+2669324]
	(No symbol) [0x0x7ff6de97928b]
	(No symbol) [0x0x7ff6de97957b]
	(No symbol) [0x0x7ff6de9b9b47]
	(No symbol) [0x0x7ff6de99a82f]
	(No symbol) [0x0x7ff6de96f68d]
	(No symbol) [0x0x7ff6de9b762f]
	(No symbol) [0x0x7ff6de99a553]
	(No symbol) [0x0x7ff6de96eb86]
	(No symbol) [0x0x7ff6de96de11]
	(No symbol) [0x0x7ff6de96e9b3]
	(No symbol) [0x0x7ff6dea6907d]
	(No symbol) [0x0x7ff6dea75fe8]
	GetHandleVerifier [0x0x7ff6decef277+942423]
	GetHandleVerifier [0x0x7ff6decf8221+979201]
	(No symbol) [0x0x7ff6deb6c3b1]
	(No symbol) [0x0x7ff6deb64d64]
	(No symbol) [0x0x7ff6deb64eb3]
	(No symbol) [0x0x7ff6deb57016]
	BaseThreadInitThunk [0x0x7fff1474259d+29]
	RtlUserThreadStart [0x0x7fff14b4af38+40]


During handling of the above exception, another exception occurred:

Traceback (most recent call last):
  File "D:\PythonStoreHouse\auto_test_quiz\ddt\test_web_2.py", line 81, in test_suite
    res = self.run_step(params)
  File "D:\Python313\Lib\site-packages\allure_commons\_allure.py", line 202, in impl
    return func(*a, **kw)
  File "D:\PythonStoreHouse\auto_test_quiz\ddt\test_web_2.py", line 34, in run_step
    return func(*args[1:])
  File "D:\PythonStoreHouse\auto_test_quiz\keywords\webkeys.py", line 243, in wait_for_element
    raise AssertionError(e)
AssertionError: Message: 
Stacktrace:
	GetHandleVerifier [0x0x7ff6dec0e785+22117]
	(No symbol) [0x0x7ff6deb5ee00]
	GetHandleVerifier [0x0x7ff6dee94c2c+2669324]
	(No symbol) [0x0x7ff6de97928b]
	(No symbol) [0x0x7ff6de97957b]
	(No symbol) [0x0x7ff6de9b9b47]
	(No symbol) [0x0x7ff6de99a82f]
	(No symbol) [0x0x7ff6de96f68d]
	(No symbol) [0x0x7ff6de9b762f]
	(No symbol) [0x0x7ff6de99a553]
	(No symbol) [0x0x7ff6de96eb86]
	(No symbol) [0x0x7ff6de96de11]
	(No symbol) [0x0x7ff6de96e9b3]
	(No symbol) [0x0x7ff6dea6907d]
	(No symbol) [0x0x7ff6dea75fe8]
	GetHandleVerifier [0x0x7ff6decef277+942423]
	GetHandleVerifier [0x0x7ff6decf8221+979201]
	(No symbol) [0x0x7ff6deb6c3b1]
	(No symbol) [0x0x7ff6deb64d64]
	(No symbol) [0x0x7ff6deb64eb3]
	(No symbol) [0x0x7ff6deb57016]
	BaseThreadInitThunk [0x0x7fff1474259d+29]
	RtlUserThreadStart [0x0x7fff14b4af38+40]

2025-08-16 01:42:30,321 - INFO - webkeys.py - 180 - 断言，实际结果：https://practicetestautomation.com/logged-in-successfully/   --- 期望值：practicetestautomation.com/logged-in-successfully/
2025-08-16 01:42:40,498 - ERROR - test_web_2.py - 96 - [NoSuchElement] 元素定位失败: //div[@id='row2']/input
Traceback (most recent call last):
  File "D:\PythonStoreHouse\auto_test_quiz\keywords\webkeys.py", line 94, in __find_ele
    ele = self.driver.find_element('xpath', lo)
  File "D:\Python313\Lib\site-packages\selenium\webdriver\remote\webdriver.py", line 926, in find_element
    return self.execute(Command.FIND_ELEMENT, {"using": by, "value": value})["value"]
           ~~~~~~~~~~~~^^^^^^^^^^^^^^^^^^^^^^^^^^^^^^^^^^^^^^^^^^^^^^^^^^^^^
  File "D:\Python313\Lib\site-packages\selenium\webdriver\remote\webdriver.py", line 458, in execute
    self.error_handler.check_response(response)
    ~~~~~~~~~~~~~~~~~~~~~~~~~~~~~~~~~^^^^^^^^^^
  File "D:\Python313\Lib\site-packages\selenium\webdriver\remote\errorhandler.py", line 232, in check_response
    raise exception_class(message, screen, stacktrace)
selenium.common.exceptions.NoSuchElementException: Message: no such element: Unable to locate element: {"method":"xpath","selector":"//div[@id='row2']/input"}
  (Session info: MicrosoftEdge=139.0.3405.86); For documentation on this error, please visit: https://www.selenium.dev/documentation/webdriver/troubleshooting/errors#nosuchelementexception
Stacktrace:
	GetHandleVerifier [0x0x7ff6dec0e785+22117]
	(No symbol) [0x0x7ff6deb5ee00]
	GetHandleVerifier [0x0x7ff6dee94c2c+2669324]
	(No symbol) [0x0x7ff6de97928b]
	(No symbol) [0x0x7ff6de97957b]
	(No symbol) [0x0x7ff6de9b9b47]
	(No symbol) [0x0x7ff6de99a82f]
	(No symbol) [0x0x7ff6de96f68d]
	(No symbol) [0x0x7ff6de9b762f]
	(No symbol) [0x0x7ff6de99a553]
	(No symbol) [0x0x7ff6de96eb86]
	(No symbol) [0x0x7ff6de96de11]
	(No symbol) [0x0x7ff6de96e9b3]
	(No symbol) [0x0x7ff6dea6907d]
	(No symbol) [0x0x7ff6dea75fe8]
	GetHandleVerifier [0x0x7ff6decef277+942423]
	GetHandleVerifier [0x0x7ff6decf8221+979201]
	(No symbol) [0x0x7ff6deb6c3b1]
	(No symbol) [0x0x7ff6deb64d64]
	(No symbol) [0x0x7ff6deb64eb3]
	(No symbol) [0x0x7ff6deb57016]
	BaseThreadInitThunk [0x0x7fff1474259d+29]
	RtlUserThreadStart [0x0x7fff14b4af38+40]


The above exception was the direct cause of the following exception:

Traceback (most recent call last):
  File "D:\PythonStoreHouse\auto_test_quiz\ddt\test_web_2.py", line 81, in test_suite
    res = self.run_step(params)
  File "D:\Python313\Lib\site-packages\allure_commons\_allure.py", line 202, in impl
    return func(*a, **kw)
  File "D:\PythonStoreHouse\auto_test_quiz\ddt\test_web_2.py", line 34, in run_step
    return func(*args[1:])
  File "D:\PythonStoreHouse\auto_test_quiz\keywords\webkeys.py", line 119, in input
    ele = self.__find_ele(lo)
  File "D:\PythonStoreHouse\auto_test_quiz\keywords\webkeys.py", line 109, in __find_ele
    raise AssertionError(f"[NoSuchElement] 元素定位失败: {lo}") from e
AssertionError: [NoSuchElement] 元素定位失败: //div[@id='row2']/input
2025-08-16 01:42:41,662 - INFO - webkeys.py - 264 - 页面已成功刷新
2025-08-16 01:42:49,435 - ERROR - test_web_2.py - 96 - [ElementNotInteractable] 元素不可交互: $Save
Traceback (most recent call last):
  File "D:\PythonStoreHouse\auto_test_quiz\keywords\webkeys.py", line 143, in click
    ele.click()
    ~~~~~~~~~^^
  File "D:\Python313\Lib\site-packages\selenium\webdriver\remote\webelement.py", line 120, in click
    self._execute(Command.CLICK_ELEMENT)
    ~~~~~~~~~~~~~^^^^^^^^^^^^^^^^^^^^^^^
  File "D:\Python313\Lib\site-packages\selenium\webdriver\remote\webelement.py", line 573, in _execute
    return self._parent.execute(command, params)
           ~~~~~~~~~~~~~~~~~~~~^^^^^^^^^^^^^^^^^
  File "D:\Python313\Lib\site-packages\selenium\webdriver\remote\webdriver.py", line 458, in execute
    self.error_handler.check_response(response)
    ~~~~~~~~~~~~~~~~~~~~~~~~~~~~~~~~~^^^^^^^^^^
  File "D:\Python313\Lib\site-packages\selenium\webdriver\remote\errorhandler.py", line 232, in check_response
    raise exception_class(message, screen, stacktrace)
selenium.common.exceptions.ElementNotInteractableException: Message: element not interactable
  (Session info: MicrosoftEdge=139.0.3405.86); For documentation on this error, please visit: https://www.selenium.dev/documentation/webdriver/troubleshooting/errors#elementnotinteractableexception
Stacktrace:
	GetHandleVerifier [0x0x7ff6dec0e785+22117]
	(No symbol) [0x0x7ff6deb5ee00]
	(No symbol) [0x0x7ff6de92cdb0]
	(No symbol) [0x0x7ff6de97a745]
	(No symbol) [0x0x7ff6de96fcfe]
	(No symbol) [0x0x7ff6de99a7ea]
	(No symbol) [0x0x7ff6de96f68d]
	(No symbol) [0x0x7ff6de96f54d]
	(No symbol) [0x0x7ff6de99aab0]
	(No symbol) [0x0x7ff6de96f68d]
	(No symbol) [0x0x7ff6de9b762f]
	(No symbol) [0x0x7ff6de99a553]
	(No symbol) [0x0x7ff6de96eb86]
	(No symbol) [0x0x7ff6de96de11]
	(No symbol) [0x0x7ff6de96e9b3]
	(No symbol) [0x0x7ff6dea6907d]
	(No symbol) [0x0x7ff6dea75fe8]
	GetHandleVerifier [0x0x7ff6decef277+942423]
	GetHandleVerifier [0x0x7ff6decf8221+979201]
	(No symbol) [0x0x7ff6deb6c3b1]
	(No symbol) [0x0x7ff6deb64d64]
	(No symbol) [0x0x7ff6deb64eb3]
	(No symbol) [0x0x7ff6deb57016]
	BaseThreadInitThunk [0x0x7fff1474259d+29]
	RtlUserThreadStart [0x0x7fff14b4af38+40]


The above exception was the direct cause of the following exception:

Traceback (most recent call last):
  File "D:\PythonStoreHouse\auto_test_quiz\ddt\test_web_2.py", line 81, in test_suite
    res = self.run_step(params)
  File "D:\Python313\Lib\site-packages\allure_commons\_allure.py", line 202, in impl
    return func(*a, **kw)
  File "D:\PythonStoreHouse\auto_test_quiz\ddt\test_web_2.py", line 34, in run_step
    return func(*args[1:])
  File "D:\PythonStoreHouse\auto_test_quiz\keywords\webkeys.py", line 145, in click
    raise AssertionError(f"[ElementNotInteractable] 元素不可交互: {lo}") from e
AssertionError: [ElementNotInteractable] 元素不可交互: $Save
2025-08-16 01:42:50,273 - INFO - webkeys.py - 264 - 页面已成功刷新
2025-08-16 01:42:50,482 - ERROR - test_web_2.py - 116 - Message: invalid element state: Element is not currently interactable and may not be manipulated
  (Session info: MicrosoftEdge=139.0.3405.86)
Stacktrace:
	GetHandleVerifier [0x0x7ff6dec0e785+22117]
	(No symbol) [0x0x7ff6deb5ee00]
	GetHandleVerifier [0x0x7ff6dee94c2c+2669324]
	(No symbol) [0x0x7ff6de933794]
	(No symbol) [0x0x7ff6de93602c]
	(No symbol) [0x0x7ff6de9360ff]
	(No symbol) [0x0x7ff6de9720a4]
	(No symbol) [0x0x7ff6de99a7ea]
	(No symbol) [0x0x7ff6de96f68d]
	(No symbol) [0x0x7ff6de96f54d]
	(No symbol) [0x0x7ff6de99aab0]
	(No symbol) [0x0x7ff6de96f68d]
	(No symbol) [0x0x7ff6de9b762f]
	(No symbol) [0x0x7ff6de99a553]
	(No symbol) [0x0x7ff6de96eb86]
	(No symbol) [0x0x7ff6de96de11]
	(No symbol) [0x0x7ff6de96e9b3]
	(No symbol) [0x0x7ff6dea6907d]
	(No symbol) [0x0x7ff6dea75fe8]
	GetHandleVerifier [0x0x7ff6decef277+942423]
	GetHandleVerifier [0x0x7ff6decf8221+979201]
	(No symbol) [0x0x7ff6deb6c3b1]
	(No symbol) [0x0x7ff6deb64d64]
	(No symbol) [0x0x7ff6deb64eb3]
	(No symbol) [0x0x7ff6deb57016]
	BaseThreadInitThunk [0x0x7fff1474259d+29]
	RtlUserThreadStart [0x0x7fff14b4af38+40]
Traceback (most recent call last):
  File "D:\PythonStoreHouse\auto_test_quiz\ddt\test_web_2.py", line 81, in test_suite
    res = self.run_step(params)
  File "D:\Python313\Lib\site-packages\allure_commons\_allure.py", line 202, in impl
    return func(*a, **kw)
  File "D:\PythonStoreHouse\auto_test_quiz\ddt\test_web_2.py", line 34, in run_step
    return func(*args[1:])
  File "D:\PythonStoreHouse\auto_test_quiz\keywords\webkeys.py", line 133, in clear
    ele.clear()
    ~~~~~~~~~^^
  File "D:\Python313\Lib\site-packages\selenium\webdriver\remote\webelement.py", line 155, in clear
    self._execute(Command.CLEAR_ELEMENT)
    ~~~~~~~~~~~~~^^^^^^^^^^^^^^^^^^^^^^^
  File "D:\Python313\Lib\site-packages\selenium\webdriver\remote\webelement.py", line 573, in _execute
    return self._parent.execute(command, params)
           ~~~~~~~~~~~~~~~~~~~~^^^^^^^^^^^^^^^^^
  File "D:\Python313\Lib\site-packages\selenium\webdriver\remote\webdriver.py", line 458, in execute
    self.error_handler.check_response(response)
    ~~~~~~~~~~~~~~~~~~~~~~~~~~~~~~~~~^^^^^^^^^^
  File "D:\Python313\Lib\site-packages\selenium\webdriver\remote\errorhandler.py", line 232, in check_response
    raise exception_class(message, screen, stacktrace)
selenium.common.exceptions.InvalidElementStateException: Message: invalid element state: Element is not currently interactable and may not be manipulated
  (Session info: MicrosoftEdge=139.0.3405.86)
Stacktrace:
	GetHandleVerifier [0x0x7ff6dec0e785+22117]
	(No symbol) [0x0x7ff6deb5ee00]
	GetHandleVerifier [0x0x7ff6dee94c2c+2669324]
	(No symbol) [0x0x7ff6de933794]
	(No symbol) [0x0x7ff6de93602c]
	(No symbol) [0x0x7ff6de9360ff]
	(No symbol) [0x0x7ff6de9720a4]
	(No symbol) [0x0x7ff6de99a7ea]
	(No symbol) [0x0x7ff6de96f68d]
	(No symbol) [0x0x7ff6de96f54d]
	(No symbol) [0x0x7ff6de99aab0]
	(No symbol) [0x0x7ff6de96f68d]
	(No symbol) [0x0x7ff6de9b762f]
	(No symbol) [0x0x7ff6de99a553]
	(No symbol) [0x0x7ff6de96eb86]
	(No symbol) [0x0x7ff6de96de11]
	(No symbol) [0x0x7ff6de96e9b3]
	(No symbol) [0x0x7ff6dea6907d]
	(No symbol) [0x0x7ff6dea75fe8]
	GetHandleVerifier [0x0x7ff6decef277+942423]
	GetHandleVerifier [0x0x7ff6decf8221+979201]
	(No symbol) [0x0x7ff6deb6c3b1]
	(No symbol) [0x0x7ff6deb64d64]
	(No symbol) [0x0x7ff6deb64eb3]
	(No symbol) [0x0x7ff6deb57016]
	BaseThreadInitThunk [0x0x7fff1474259d+29]
	RtlUserThreadStart [0x0x7fff14b4af38+40]

2025-08-16 01:42:51,277 - INFO - webkeys.py - 264 - 页面已成功刷新
2025-08-16 01:42:51,869 - ERROR - test_web_2.py - 116 - Message: stale element reference: stale element not found in the current frame
  (Session info: MicrosoftEdge=139.0.3405.86); For documentation on this error, please visit: https://www.selenium.dev/documentation/webdriver/troubleshooting/errors#staleelementreferenceexception
Stacktrace:
	GetHandleVerifier [0x0x7ff6dec0e785+22117]
	(No symbol) [0x0x7ff6deb5ee00]
	GetHandleVerifier [0x0x7ff6dee94c2c+2669324]
	(No symbol) [0x0x7ff6de933794]
	(No symbol) [0x0x7ff6de93602c]
	(No symbol) [0x0x7ff6de9360ff]
	(No symbol) [0x0x7ff6de97b0a1]
	(No symbol) [0x0x7ff6de96fc66]
	(No symbol) [0x0x7ff6de99a7ea]
	(No symbol) [0x0x7ff6de96f68d]
	(No symbol) [0x0x7ff6de96f54d]
	(No symbol) [0x0x7ff6de99aab0]
	(No symbol) [0x0x7ff6de96f68d]
	(No symbol) [0x0x7ff6de9b762f]
	(No symbol) [0x0x7ff6de99a553]
	(No symbol) [0x0x7ff6de96eb86]
	(No symbol) [0x0x7ff6de96de11]
	(No symbol) [0x0x7ff6de96e9b3]
	(No symbol) [0x0x7ff6dea6907d]
	(No symbol) [0x0x7ff6dea75fe8]
	GetHandleVerifier [0x0x7ff6decef277+942423]
	GetHandleVerifier [0x0x7ff6decf8221+979201]
	(No symbol) [0x0x7ff6deb6c3b1]
	(No symbol) [0x0x7ff6deb64d64]
	(No symbol) [0x0x7ff6deb64eb3]
	(No symbol) [0x0x7ff6deb57016]
	BaseThreadInitThunk [0x0x7fff1474259d+29]
	RtlUserThreadStart [0x0x7fff14b4af38+40]
Traceback (most recent call last):
  File "D:\PythonStoreHouse\auto_test_quiz\ddt\test_web_2.py", line 81, in test_suite
    res = self.run_step(params)
  File "D:\Python313\Lib\site-packages\allure_commons\_allure.py", line 202, in impl
    return func(*a, **kw)
  File "D:\PythonStoreHouse\auto_test_quiz\ddt\test_web_2.py", line 34, in run_step
    return func(*args[1:])
  File "D:\PythonStoreHouse\auto_test_quiz\keywords\webkeys.py", line 291, in use_element
    target_element.click()
    ~~~~~~~~~~~~~~~~~~~~^^
  File "D:\Python313\Lib\site-packages\selenium\webdriver\remote\webelement.py", line 120, in click
    self._execute(Command.CLICK_ELEMENT)
    ~~~~~~~~~~~~~^^^^^^^^^^^^^^^^^^^^^^^
  File "D:\Python313\Lib\site-packages\selenium\webdriver\remote\webelement.py", line 573, in _execute
    return self._parent.execute(command, params)
           ~~~~~~~~~~~~~~~~~~~~^^^^^^^^^^^^^^^^^
  File "D:\Python313\Lib\site-packages\selenium\webdriver\remote\webdriver.py", line 458, in execute
    self.error_handler.check_response(response)
    ~~~~~~~~~~~~~~~~~~~~~~~~~~~~~~~~~^^^^^^^^^^
  File "D:\Python313\Lib\site-packages\selenium\webdriver\remote\errorhandler.py", line 232, in check_response
    raise exception_class(message, screen, stacktrace)
selenium.common.exceptions.StaleElementReferenceException: Message: stale element reference: stale element not found in the current frame
  (Session info: MicrosoftEdge=139.0.3405.86); For documentation on this error, please visit: https://www.selenium.dev/documentation/webdriver/troubleshooting/errors#staleelementreferenceexception
Stacktrace:
	GetHandleVerifier [0x0x7ff6dec0e785+22117]
	(No symbol) [0x0x7ff6deb5ee00]
	GetHandleVerifier [0x0x7ff6dee94c2c+2669324]
	(No symbol) [0x0x7ff6de933794]
	(No symbol) [0x0x7ff6de93602c]
	(No symbol) [0x0x7ff6de9360ff]
	(No symbol) [0x0x7ff6de97b0a1]
	(No symbol) [0x0x7ff6de96fc66]
	(No symbol) [0x0x7ff6de99a7ea]
	(No symbol) [0x0x7ff6de96f68d]
	(No symbol) [0x0x7ff6de96f54d]
	(No symbol) [0x0x7ff6de99aab0]
	(No symbol) [0x0x7ff6de96f68d]
	(No symbol) [0x0x7ff6de9b762f]
	(No symbol) [0x0x7ff6de99a553]
	(No symbol) [0x0x7ff6de96eb86]
	(No symbol) [0x0x7ff6de96de11]
	(No symbol) [0x0x7ff6de96e9b3]
	(No symbol) [0x0x7ff6dea6907d]
	(No symbol) [0x0x7ff6dea75fe8]
	GetHandleVerifier [0x0x7ff6decef277+942423]
	GetHandleVerifier [0x0x7ff6decf8221+979201]
	(No symbol) [0x0x7ff6deb6c3b1]
	(No symbol) [0x0x7ff6deb64d64]
	(No symbol) [0x0x7ff6deb64eb3]
	(No symbol) [0x0x7ff6deb57016]
	BaseThreadInitThunk [0x0x7fff1474259d+29]
	RtlUserThreadStart [0x0x7fff14b4af38+40]

2025-08-16 01:42:52,649 - INFO - webkeys.py - 264 - 页面已成功刷新
2025-08-16 01:42:55,133 - ERROR - test_web_2.py - 96 - TimeoutException: Message: 
Stacktrace:
	GetHandleVerifier [0x0x7ff6dec0e785+22117]
	(No symbol) [0x0x7ff6deb5ee00]
	GetHandleVerifier [0x0x7ff6dee94c2c+2669324]
	(No symbol) [0x0x7ff6de97928b]
	(No symbol) [0x0x7ff6de97957b]
	(No symbol) [0x0x7ff6de9b9b47]
	(No symbol) [0x0x7ff6de99a82f]
	(No symbol) [0x0x7ff6de96f68d]
	(No symbol) [0x0x7ff6de9b762f]
	(No symbol) [0x0x7ff6de99a553]
	(No symbol) [0x0x7ff6de96eb86]
	(No symbol) [0x0x7ff6de96de11]
	(No symbol) [0x0x7ff6de96e9b3]
	(No symbol) [0x0x7ff6dea6907d]
	(No symbol) [0x0x7ff6dea75fe8]
	GetHandleVerifier [0x0x7ff6decef277+942423]
	GetHandleVerifier [0x0x7ff6decf8221+979201]
	(No symbol) [0x0x7ff6deb6c3b1]
	(No symbol) [0x0x7ff6deb64d64]
	(No symbol) [0x0x7ff6deb64eb3]
	(No symbol) [0x0x7ff6deb57016]
	BaseThreadInitThunk [0x0x7fff1474259d+29]
	RtlUserThreadStart [0x0x7fff14b4af38+40]
Traceback (most recent call last):
  File "D:\PythonStoreHouse\auto_test_quiz\keywords\webkeys.py", line 239, in wait_for_element
    WebDriverWait(self.driver, t).until(
    ~~~~~~~~~~~~~~~~~~~~~~~~~~~~~~~~~~~^
        EC.visibility_of_element_located(locator)
        ^^^^^^^^^^^^^^^^^^^^^^^^^^^^^^^^^^^^^^^^^
    )
    ^
  File "D:\Python313\Lib\site-packages\selenium\webdriver\support\wait.py", line 138, in until
    raise TimeoutException(message, screen, stacktrace)
selenium.common.exceptions.TimeoutException: Message: 
Stacktrace:
	GetHandleVerifier [0x0x7ff6dec0e785+22117]
	(No symbol) [0x0x7ff6deb5ee00]
	GetHandleVerifier [0x0x7ff6dee94c2c+2669324]
	(No symbol) [0x0x7ff6de97928b]
	(No symbol) [0x0x7ff6de97957b]
	(No symbol) [0x0x7ff6de9b9b47]
	(No symbol) [0x0x7ff6de99a82f]
	(No symbol) [0x0x7ff6de96f68d]
	(No symbol) [0x0x7ff6de9b762f]
	(No symbol) [0x0x7ff6de99a553]
	(No symbol) [0x0x7ff6de96eb86]
	(No symbol) [0x0x7ff6de96de11]
	(No symbol) [0x0x7ff6de96e9b3]
	(No symbol) [0x0x7ff6dea6907d]
	(No symbol) [0x0x7ff6dea75fe8]
	GetHandleVerifier [0x0x7ff6decef277+942423]
	GetHandleVerifier [0x0x7ff6decf8221+979201]
	(No symbol) [0x0x7ff6deb6c3b1]
	(No symbol) [0x0x7ff6deb64d64]
	(No symbol) [0x0x7ff6deb64eb3]
	(No symbol) [0x0x7ff6deb57016]
	BaseThreadInitThunk [0x0x7fff1474259d+29]
	RtlUserThreadStart [0x0x7fff14b4af38+40]


The above exception was the direct cause of the following exception:

Traceback (most recent call last):
  File "D:\PythonStoreHouse\auto_test_quiz\ddt\test_web_2.py", line 81, in test_suite
    res = self.run_step(params)
  File "D:\Python313\Lib\site-packages\allure_commons\_allure.py", line 202, in impl
    return func(*a, **kw)
  File "D:\PythonStoreHouse\auto_test_quiz\ddt\test_web_2.py", line 34, in run_step
    return func(*args[1:])
  File "D:\PythonStoreHouse\auto_test_quiz\keywords\webkeys.py", line 243, in wait_for_element
    raise AssertionError(f"TimeoutException: {str(e)}") from e
AssertionError: TimeoutException: Message: 
Stacktrace:
	GetHandleVerifier [0x0x7ff6dec0e785+22117]
	(No symbol) [0x0x7ff6deb5ee00]
	GetHandleVerifier [0x0x7ff6dee94c2c+2669324]
	(No symbol) [0x0x7ff6de97928b]
	(No symbol) [0x0x7ff6de97957b]
	(No symbol) [0x0x7ff6de9b9b47]
	(No symbol) [0x0x7ff6de99a82f]
	(No symbol) [0x0x7ff6de96f68d]
	(No symbol) [0x0x7ff6de9b762f]
	(No symbol) [0x0x7ff6de99a553]
	(No symbol) [0x0x7ff6de96eb86]
	(No symbol) [0x0x7ff6de96de11]
	(No symbol) [0x0x7ff6de96e9b3]
	(No symbol) [0x0x7ff6dea6907d]
	(No symbol) [0x0x7ff6dea75fe8]
	GetHandleVerifier [0x0x7ff6decef277+942423]
	GetHandleVerifier [0x0x7ff6decf8221+979201]
	(No symbol) [0x0x7ff6deb6c3b1]
	(No symbol) [0x0x7ff6deb64d64]
	(No symbol) [0x0x7ff6deb64eb3]
	(No symbol) [0x0x7ff6deb57016]
	BaseThreadInitThunk [0x0x7fff1474259d+29]
	RtlUserThreadStart [0x0x7fff14b4af38+40]

2025-08-16 13:05:12,752 - WARNING - selenium_manager.py - 137 - There was an error managing msedgedriver (error sending request for url (https://msedgedriver.microsoft.com/LATEST_RELEASE_139_WINDOWS)); using driver found in the cache
2025-08-16 13:05:23,785 - INFO - webkeys.py - 178 - 断言，实际结果：https://practicetestautomation.com/logged-in-successfully/   --- 期望值：practicetestautomation.com/logged-in-successfully/
2025-08-16 13:05:32,664 - ERROR - test_web_2.py - 96 - [NoSuchElement] 元素定位失败: //div[@id='row2']/input
Traceback (most recent call last):
  File "D:\PythonStoreHouse\auto_test_quiz\keywords\webkeys.py", line 92, in __find_ele
    ele = self.driver.find_element('xpath', lo)
  File "D:\Python313\Lib\site-packages\selenium\webdriver\remote\webdriver.py", line 926, in find_element
    return self.execute(Command.FIND_ELEMENT, {"using": by, "value": value})["value"]
           ~~~~~~~~~~~~^^^^^^^^^^^^^^^^^^^^^^^^^^^^^^^^^^^^^^^^^^^^^^^^^^^^^
  File "D:\Python313\Lib\site-packages\selenium\webdriver\remote\webdriver.py", line 458, in execute
    self.error_handler.check_response(response)
    ~~~~~~~~~~~~~~~~~~~~~~~~~~~~~~~~~^^^^^^^^^^
  File "D:\Python313\Lib\site-packages\selenium\webdriver\remote\errorhandler.py", line 232, in check_response
    raise exception_class(message, screen, stacktrace)
selenium.common.exceptions.NoSuchElementException: Message: no such element: Unable to locate element: {"method":"xpath","selector":"//div[@id='row2']/input"}
  (Session info: MicrosoftEdge=139.0.3405.86); For documentation on this error, please visit: https://www.selenium.dev/documentation/webdriver/troubleshooting/errors#nosuchelementexception
Stacktrace:
	GetHandleVerifier [0x0x7ff62ce3e785+22117]
	(No symbol) [0x0x7ff62cd8ee00]
	GetHandleVerifier [0x0x7ff62d0c4c2c+2669324]
	(No symbol) [0x0x7ff62cba928b]
	(No symbol) [0x0x7ff62cba957b]
	(No symbol) [0x0x7ff62cbe9b47]
	(No symbol) [0x0x7ff62cbca82f]
	(No symbol) [0x0x7ff62cb9f68d]
	(No symbol) [0x0x7ff62cbe762f]
	(No symbol) [0x0x7ff62cbca553]
	(No symbol) [0x0x7ff62cb9eb86]
	(No symbol) [0x0x7ff62cb9de11]
	(No symbol) [0x0x7ff62cb9e9b3]
	(No symbol) [0x0x7ff62cc9907d]
	(No symbol) [0x0x7ff62cca5fe8]
	GetHandleVerifier [0x0x7ff62cf1f277+942423]
	GetHandleVerifier [0x0x7ff62cf28221+979201]
	(No symbol) [0x0x7ff62cd9c3b1]
	(No symbol) [0x0x7ff62cd94d64]
	(No symbol) [0x0x7ff62cd94eb3]
	(No symbol) [0x0x7ff62cd87016]
	BaseThreadInitThunk [0x0x7fff1474259d+29]
	RtlUserThreadStart [0x0x7fff14b4af38+40]


The above exception was the direct cause of the following exception:

Traceback (most recent call last):
  File "D:\PythonStoreHouse\auto_test_quiz\ddt\test_web_2.py", line 81, in test_suite
    res = self.run_step(params)
  File "D:\Python313\Lib\site-packages\allure_commons\_allure.py", line 202, in impl
    return func(*a, **kw)
  File "D:\PythonStoreHouse\auto_test_quiz\ddt\test_web_2.py", line 34, in run_step
    return func(*args[1:])
  File "D:\PythonStoreHouse\auto_test_quiz\keywords\webkeys.py", line 117, in input
    ele = self.__find_ele(lo)
  File "D:\PythonStoreHouse\auto_test_quiz\keywords\webkeys.py", line 107, in __find_ele
    raise AssertionError(f"[NoSuchElement] 元素定位失败: {lo}") from e
AssertionError: [NoSuchElement] 元素定位失败: //div[@id='row2']/input
2025-08-16 13:05:33,746 - INFO - webkeys.py - 263 - 页面已成功刷新
2025-08-16 13:05:41,530 - ERROR - test_web_2.py - 96 - [ElementNotInteractable] 元素不可交互: $Save
Traceback (most recent call last):
  File "D:\PythonStoreHouse\auto_test_quiz\keywords\webkeys.py", line 141, in click
    ele.click()
    ~~~~~~~~~^^
  File "D:\Python313\Lib\site-packages\selenium\webdriver\remote\webelement.py", line 120, in click
    self._execute(Command.CLICK_ELEMENT)
    ~~~~~~~~~~~~~^^^^^^^^^^^^^^^^^^^^^^^
  File "D:\Python313\Lib\site-packages\selenium\webdriver\remote\webelement.py", line 573, in _execute
    return self._parent.execute(command, params)
           ~~~~~~~~~~~~~~~~~~~~^^^^^^^^^^^^^^^^^
  File "D:\Python313\Lib\site-packages\selenium\webdriver\remote\webdriver.py", line 458, in execute
    self.error_handler.check_response(response)
    ~~~~~~~~~~~~~~~~~~~~~~~~~~~~~~~~~^^^^^^^^^^
  File "D:\Python313\Lib\site-packages\selenium\webdriver\remote\errorhandler.py", line 232, in check_response
    raise exception_class(message, screen, stacktrace)
selenium.common.exceptions.ElementNotInteractableException: Message: element not interactable
  (Session info: MicrosoftEdge=139.0.3405.86); For documentation on this error, please visit: https://www.selenium.dev/documentation/webdriver/troubleshooting/errors#elementnotinteractableexception
Stacktrace:
	GetHandleVerifier [0x0x7ff62ce3e785+22117]
	(No symbol) [0x0x7ff62cd8ee00]
	(No symbol) [0x0x7ff62cb5cdb0]
	(No symbol) [0x0x7ff62cbaa745]
	(No symbol) [0x0x7ff62cb9fcfe]
	(No symbol) [0x0x7ff62cbca7ea]
	(No symbol) [0x0x7ff62cb9f68d]
	(No symbol) [0x0x7ff62cb9f54d]
	(No symbol) [0x0x7ff62cbcaab0]
	(No symbol) [0x0x7ff62cb9f68d]
	(No symbol) [0x0x7ff62cbe762f]
	(No symbol) [0x0x7ff62cbca553]
	(No symbol) [0x0x7ff62cb9eb86]
	(No symbol) [0x0x7ff62cb9de11]
	(No symbol) [0x0x7ff62cb9e9b3]
	(No symbol) [0x0x7ff62cc9907d]
	(No symbol) [0x0x7ff62cca5fe8]
	GetHandleVerifier [0x0x7ff62cf1f277+942423]
	GetHandleVerifier [0x0x7ff62cf28221+979201]
	(No symbol) [0x0x7ff62cd9c3b1]
	(No symbol) [0x0x7ff62cd94d64]
	(No symbol) [0x0x7ff62cd94eb3]
	(No symbol) [0x0x7ff62cd87016]
	BaseThreadInitThunk [0x0x7fff1474259d+29]
	RtlUserThreadStart [0x0x7fff14b4af38+40]


The above exception was the direct cause of the following exception:

Traceback (most recent call last):
  File "D:\PythonStoreHouse\auto_test_quiz\ddt\test_web_2.py", line 81, in test_suite
    res = self.run_step(params)
  File "D:\Python313\Lib\site-packages\allure_commons\_allure.py", line 202, in impl
    return func(*a, **kw)
  File "D:\PythonStoreHouse\auto_test_quiz\ddt\test_web_2.py", line 34, in run_step
    return func(*args[1:])
  File "D:\PythonStoreHouse\auto_test_quiz\keywords\webkeys.py", line 143, in click
    raise AssertionError(f"[ElementNotInteractable] 元素不可交互: {lo}") from e
AssertionError: [ElementNotInteractable] 元素不可交互: $Save
2025-08-16 13:05:42,298 - INFO - webkeys.py - 263 - 页面已成功刷新
2025-08-16 13:05:42,520 - ERROR - test_web_2.py - 116 - Message: invalid element state: Element is not currently interactable and may not be manipulated
  (Session info: MicrosoftEdge=139.0.3405.86)
Stacktrace:
	GetHandleVerifier [0x0x7ff62ce3e785+22117]
	(No symbol) [0x0x7ff62cd8ee00]
	GetHandleVerifier [0x0x7ff62d0c4c2c+2669324]
	(No symbol) [0x0x7ff62cb63794]
	(No symbol) [0x0x7ff62cb6602c]
	(No symbol) [0x0x7ff62cb660ff]
	(No symbol) [0x0x7ff62cba20a4]
	(No symbol) [0x0x7ff62cbca7ea]
	(No symbol) [0x0x7ff62cb9f68d]
	(No symbol) [0x0x7ff62cb9f54d]
	(No symbol) [0x0x7ff62cbcaab0]
	(No symbol) [0x0x7ff62cb9f68d]
	(No symbol) [0x0x7ff62cbe762f]
	(No symbol) [0x0x7ff62cbca553]
	(No symbol) [0x0x7ff62cb9eb86]
	(No symbol) [0x0x7ff62cb9de11]
	(No symbol) [0x0x7ff62cb9e9b3]
	(No symbol) [0x0x7ff62cc9907d]
	(No symbol) [0x0x7ff62cca5fe8]
	GetHandleVerifier [0x0x7ff62cf1f277+942423]
	GetHandleVerifier [0x0x7ff62cf28221+979201]
	(No symbol) [0x0x7ff62cd9c3b1]
	(No symbol) [0x0x7ff62cd94d64]
	(No symbol) [0x0x7ff62cd94eb3]
	(No symbol) [0x0x7ff62cd87016]
	BaseThreadInitThunk [0x0x7fff1474259d+29]
	RtlUserThreadStart [0x0x7fff14b4af38+40]
Traceback (most recent call last):
  File "D:\PythonStoreHouse\auto_test_quiz\ddt\test_web_2.py", line 81, in test_suite
    res = self.run_step(params)
  File "D:\Python313\Lib\site-packages\allure_commons\_allure.py", line 202, in impl
    return func(*a, **kw)
  File "D:\PythonStoreHouse\auto_test_quiz\ddt\test_web_2.py", line 34, in run_step
    return func(*args[1:])
  File "D:\PythonStoreHouse\auto_test_quiz\keywords\webkeys.py", line 131, in clear
    ele.clear()
    ~~~~~~~~~^^
  File "D:\Python313\Lib\site-packages\selenium\webdriver\remote\webelement.py", line 155, in clear
    self._execute(Command.CLEAR_ELEMENT)
    ~~~~~~~~~~~~~^^^^^^^^^^^^^^^^^^^^^^^
  File "D:\Python313\Lib\site-packages\selenium\webdriver\remote\webelement.py", line 573, in _execute
    return self._parent.execute(command, params)
           ~~~~~~~~~~~~~~~~~~~~^^^^^^^^^^^^^^^^^
  File "D:\Python313\Lib\site-packages\selenium\webdriver\remote\webdriver.py", line 458, in execute
    self.error_handler.check_response(response)
    ~~~~~~~~~~~~~~~~~~~~~~~~~~~~~~~~~^^^^^^^^^^
  File "D:\Python313\Lib\site-packages\selenium\webdriver\remote\errorhandler.py", line 232, in check_response
    raise exception_class(message, screen, stacktrace)
selenium.common.exceptions.InvalidElementStateException: Message: invalid element state: Element is not currently interactable and may not be manipulated
  (Session info: MicrosoftEdge=139.0.3405.86)
Stacktrace:
	GetHandleVerifier [0x0x7ff62ce3e785+22117]
	(No symbol) [0x0x7ff62cd8ee00]
	GetHandleVerifier [0x0x7ff62d0c4c2c+2669324]
	(No symbol) [0x0x7ff62cb63794]
	(No symbol) [0x0x7ff62cb6602c]
	(No symbol) [0x0x7ff62cb660ff]
	(No symbol) [0x0x7ff62cba20a4]
	(No symbol) [0x0x7ff62cbca7ea]
	(No symbol) [0x0x7ff62cb9f68d]
	(No symbol) [0x0x7ff62cb9f54d]
	(No symbol) [0x0x7ff62cbcaab0]
	(No symbol) [0x0x7ff62cb9f68d]
	(No symbol) [0x0x7ff62cbe762f]
	(No symbol) [0x0x7ff62cbca553]
	(No symbol) [0x0x7ff62cb9eb86]
	(No symbol) [0x0x7ff62cb9de11]
	(No symbol) [0x0x7ff62cb9e9b3]
	(No symbol) [0x0x7ff62cc9907d]
	(No symbol) [0x0x7ff62cca5fe8]
	GetHandleVerifier [0x0x7ff62cf1f277+942423]
	GetHandleVerifier [0x0x7ff62cf28221+979201]
	(No symbol) [0x0x7ff62cd9c3b1]
	(No symbol) [0x0x7ff62cd94d64]
	(No symbol) [0x0x7ff62cd94eb3]
	(No symbol) [0x0x7ff62cd87016]
	BaseThreadInitThunk [0x0x7fff1474259d+29]
	RtlUserThreadStart [0x0x7fff14b4af38+40]

2025-08-16 13:05:43,356 - INFO - webkeys.py - 263 - 页面已成功刷新
2025-08-16 13:05:43,966 - ERROR - test_web_2.py - 116 - Message: stale element reference: stale element not found in the current frame
  (Session info: MicrosoftEdge=139.0.3405.86); For documentation on this error, please visit: https://www.selenium.dev/documentation/webdriver/troubleshooting/errors#staleelementreferenceexception
Stacktrace:
	GetHandleVerifier [0x0x7ff62ce3e785+22117]
	(No symbol) [0x0x7ff62cd8ee00]
	GetHandleVerifier [0x0x7ff62d0c4c2c+2669324]
	(No symbol) [0x0x7ff62cb63794]
	(No symbol) [0x0x7ff62cb6602c]
	(No symbol) [0x0x7ff62cb660ff]
	(No symbol) [0x0x7ff62cbab0a1]
	(No symbol) [0x0x7ff62cb9fc66]
	(No symbol) [0x0x7ff62cbca7ea]
	(No symbol) [0x0x7ff62cb9f68d]
	(No symbol) [0x0x7ff62cb9f54d]
	(No symbol) [0x0x7ff62cbcaab0]
	(No symbol) [0x0x7ff62cb9f68d]
	(No symbol) [0x0x7ff62cbe762f]
	(No symbol) [0x0x7ff62cbca553]
	(No symbol) [0x0x7ff62cb9eb86]
	(No symbol) [0x0x7ff62cb9de11]
	(No symbol) [0x0x7ff62cb9e9b3]
	(No symbol) [0x0x7ff62cc9907d]
	(No symbol) [0x0x7ff62cca5fe8]
	GetHandleVerifier [0x0x7ff62cf1f277+942423]
	GetHandleVerifier [0x0x7ff62cf28221+979201]
	(No symbol) [0x0x7ff62cd9c3b1]
	(No symbol) [0x0x7ff62cd94d64]
	(No symbol) [0x0x7ff62cd94eb3]
	(No symbol) [0x0x7ff62cd87016]
	BaseThreadInitThunk [0x0x7fff1474259d+29]
	RtlUserThreadStart [0x0x7fff14b4af38+40]
Traceback (most recent call last):
  File "D:\PythonStoreHouse\auto_test_quiz\ddt\test_web_2.py", line 81, in test_suite
    res = self.run_step(params)
  File "D:\Python313\Lib\site-packages\allure_commons\_allure.py", line 202, in impl
    return func(*a, **kw)
  File "D:\PythonStoreHouse\auto_test_quiz\ddt\test_web_2.py", line 34, in run_step
    return func(*args[1:])
  File "D:\PythonStoreHouse\auto_test_quiz\keywords\webkeys.py", line 288, in use_element
    target_element.click()
    ~~~~~~~~~~~~~~~~~~~~^^
  File "D:\Python313\Lib\site-packages\selenium\webdriver\remote\webelement.py", line 120, in click
    self._execute(Command.CLICK_ELEMENT)
    ~~~~~~~~~~~~~^^^^^^^^^^^^^^^^^^^^^^^
  File "D:\Python313\Lib\site-packages\selenium\webdriver\remote\webelement.py", line 573, in _execute
    return self._parent.execute(command, params)
           ~~~~~~~~~~~~~~~~~~~~^^^^^^^^^^^^^^^^^
  File "D:\Python313\Lib\site-packages\selenium\webdriver\remote\webdriver.py", line 458, in execute
    self.error_handler.check_response(response)
    ~~~~~~~~~~~~~~~~~~~~~~~~~~~~~~~~~^^^^^^^^^^
  File "D:\Python313\Lib\site-packages\selenium\webdriver\remote\errorhandler.py", line 232, in check_response
    raise exception_class(message, screen, stacktrace)
selenium.common.exceptions.StaleElementReferenceException: Message: stale element reference: stale element not found in the current frame
  (Session info: MicrosoftEdge=139.0.3405.86); For documentation on this error, please visit: https://www.selenium.dev/documentation/webdriver/troubleshooting/errors#staleelementreferenceexception
Stacktrace:
	GetHandleVerifier [0x0x7ff62ce3e785+22117]
	(No symbol) [0x0x7ff62cd8ee00]
	GetHandleVerifier [0x0x7ff62d0c4c2c+2669324]
	(No symbol) [0x0x7ff62cb63794]
	(No symbol) [0x0x7ff62cb6602c]
	(No symbol) [0x0x7ff62cb660ff]
	(No symbol) [0x0x7ff62cbab0a1]
	(No symbol) [0x0x7ff62cb9fc66]
	(No symbol) [0x0x7ff62cbca7ea]
	(No symbol) [0x0x7ff62cb9f68d]
	(No symbol) [0x0x7ff62cb9f54d]
	(No symbol) [0x0x7ff62cbcaab0]
	(No symbol) [0x0x7ff62cb9f68d]
	(No symbol) [0x0x7ff62cbe762f]
	(No symbol) [0x0x7ff62cbca553]
	(No symbol) [0x0x7ff62cb9eb86]
	(No symbol) [0x0x7ff62cb9de11]
	(No symbol) [0x0x7ff62cb9e9b3]
	(No symbol) [0x0x7ff62cc9907d]
	(No symbol) [0x0x7ff62cca5fe8]
	GetHandleVerifier [0x0x7ff62cf1f277+942423]
	GetHandleVerifier [0x0x7ff62cf28221+979201]
	(No symbol) [0x0x7ff62cd9c3b1]
	(No symbol) [0x0x7ff62cd94d64]
	(No symbol) [0x0x7ff62cd94eb3]
	(No symbol) [0x0x7ff62cd87016]
	BaseThreadInitThunk [0x0x7fff1474259d+29]
	RtlUserThreadStart [0x0x7fff14b4af38+40]

2025-08-16 13:05:44,803 - INFO - webkeys.py - 263 - 页面已成功刷新
2025-08-16 13:05:47,286 - ERROR - test_web_2.py - 96 - TimeoutException: Message: 
Stacktrace:
	GetHandleVerifier [0x0x7ff62ce3e785+22117]
	(No symbol) [0x0x7ff62cd8ee00]
	GetHandleVerifier [0x0x7ff62d0c4c2c+2669324]
	(No symbol) [0x0x7ff62cba928b]
	(No symbol) [0x0x7ff62cba957b]
	(No symbol) [0x0x7ff62cbe9b47]
	(No symbol) [0x0x7ff62cbca82f]
	(No symbol) [0x0x7ff62cb9f68d]
	(No symbol) [0x0x7ff62cbe762f]
	(No symbol) [0x0x7ff62cbca553]
	(No symbol) [0x0x7ff62cb9eb86]
	(No symbol) [0x0x7ff62cb9de11]
	(No symbol) [0x0x7ff62cb9e9b3]
	(No symbol) [0x0x7ff62cc9907d]
	(No symbol) [0x0x7ff62cca5fe8]
	GetHandleVerifier [0x0x7ff62cf1f277+942423]
	GetHandleVerifier [0x0x7ff62cf28221+979201]
	(No symbol) [0x0x7ff62cd9c3b1]
	(No symbol) [0x0x7ff62cd94d64]
	(No symbol) [0x0x7ff62cd94eb3]
	(No symbol) [0x0x7ff62cd87016]
	BaseThreadInitThunk [0x0x7fff1474259d+29]
	RtlUserThreadStart [0x0x7fff14b4af38+40]
Traceback (most recent call last):
  File "D:\PythonStoreHouse\auto_test_quiz\keywords\webkeys.py", line 237, in wait_for_element
    WebDriverWait(self.driver, t).until(
    ~~~~~~~~~~~~~~~~~~~~~~~~~~~~~~~~~~~^
        EC.visibility_of_element_located(locator)
        ^^^^^^^^^^^^^^^^^^^^^^^^^^^^^^^^^^^^^^^^^
    )
    ^
  File "D:\Python313\Lib\site-packages\selenium\webdriver\support\wait.py", line 138, in until
    raise TimeoutException(message, screen, stacktrace)
selenium.common.exceptions.TimeoutException: Message: 
Stacktrace:
	GetHandleVerifier [0x0x7ff62ce3e785+22117]
	(No symbol) [0x0x7ff62cd8ee00]
	GetHandleVerifier [0x0x7ff62d0c4c2c+2669324]
	(No symbol) [0x0x7ff62cba928b]
	(No symbol) [0x0x7ff62cba957b]
	(No symbol) [0x0x7ff62cbe9b47]
	(No symbol) [0x0x7ff62cbca82f]
	(No symbol) [0x0x7ff62cb9f68d]
	(No symbol) [0x0x7ff62cbe762f]
	(No symbol) [0x0x7ff62cbca553]
	(No symbol) [0x0x7ff62cb9eb86]
	(No symbol) [0x0x7ff62cb9de11]
	(No symbol) [0x0x7ff62cb9e9b3]
	(No symbol) [0x0x7ff62cc9907d]
	(No symbol) [0x0x7ff62cca5fe8]
	GetHandleVerifier [0x0x7ff62cf1f277+942423]
	GetHandleVerifier [0x0x7ff62cf28221+979201]
	(No symbol) [0x0x7ff62cd9c3b1]
	(No symbol) [0x0x7ff62cd94d64]
	(No symbol) [0x0x7ff62cd94eb3]
	(No symbol) [0x0x7ff62cd87016]
	BaseThreadInitThunk [0x0x7fff1474259d+29]
	RtlUserThreadStart [0x0x7fff14b4af38+40]


The above exception was the direct cause of the following exception:

Traceback (most recent call last):
  File "D:\PythonStoreHouse\auto_test_quiz\ddt\test_web_2.py", line 81, in test_suite
    res = self.run_step(params)
  File "D:\Python313\Lib\site-packages\allure_commons\_allure.py", line 202, in impl
    return func(*a, **kw)
  File "D:\PythonStoreHouse\auto_test_quiz\ddt\test_web_2.py", line 34, in run_step
    return func(*args[1:])
  File "D:\PythonStoreHouse\auto_test_quiz\keywords\webkeys.py", line 241, in wait_for_element
    raise AssertionError(f"TimeoutException: {str(e)}") from e
AssertionError: TimeoutException: Message: 
Stacktrace:
	GetHandleVerifier [0x0x7ff62ce3e785+22117]
	(No symbol) [0x0x7ff62cd8ee00]
	GetHandleVerifier [0x0x7ff62d0c4c2c+2669324]
	(No symbol) [0x0x7ff62cba928b]
	(No symbol) [0x0x7ff62cba957b]
	(No symbol) [0x0x7ff62cbe9b47]
	(No symbol) [0x0x7ff62cbca82f]
	(No symbol) [0x0x7ff62cb9f68d]
	(No symbol) [0x0x7ff62cbe762f]
	(No symbol) [0x0x7ff62cbca553]
	(No symbol) [0x0x7ff62cb9eb86]
	(No symbol) [0x0x7ff62cb9de11]
	(No symbol) [0x0x7ff62cb9e9b3]
	(No symbol) [0x0x7ff62cc9907d]
	(No symbol) [0x0x7ff62cca5fe8]
	GetHandleVerifier [0x0x7ff62cf1f277+942423]
	GetHandleVerifier [0x0x7ff62cf28221+979201]
	(No symbol) [0x0x7ff62cd9c3b1]
	(No symbol) [0x0x7ff62cd94d64]
	(No symbol) [0x0x7ff62cd94eb3]
	(No symbol) [0x0x7ff62cd87016]
	BaseThreadInitThunk [0x0x7fff1474259d+29]
	RtlUserThreadStart [0x0x7fff14b4af38+40]

2025-08-16 14:38:14,275 - ERROR - test_web_1.py - 96 - [NoSuchElement] 元素定位失败: //input[@name='username']
Traceback (most recent call last):
  File "D:\PythonStoreHouse\auto_test_quiz\keywords\webkeys.py", line 94, in __find_ele
    ele = self.driver.find_element('xpath', lo)
  File "D:\Python313\Lib\site-packages\selenium\webdriver\remote\webdriver.py", line 926, in find_element
    return self.execute(Command.FIND_ELEMENT, {"using": by, "value": value})["value"]
           ~~~~~~~~~~~~^^^^^^^^^^^^^^^^^^^^^^^^^^^^^^^^^^^^^^^^^^^^^^^^^^^^^
  File "D:\Python313\Lib\site-packages\selenium\webdriver\remote\webdriver.py", line 458, in execute
    self.error_handler.check_response(response)
    ~~~~~~~~~~~~~~~~~~~~~~~~~~~~~~~~~^^^^^^^^^^
  File "D:\Python313\Lib\site-packages\selenium\webdriver\remote\errorhandler.py", line 232, in check_response
    raise exception_class(message, screen, stacktrace)
selenium.common.exceptions.NoSuchElementException: Message: no such element: Unable to locate element: {"method":"xpath","selector":"//input[@name='username']"}
  (Session info: chrome=139.0.7258.67); For documentation on this error, please visit: https://www.selenium.dev/documentation/webdriver/troubleshooting/errors#nosuchelementexception
Stacktrace:
	GetHandleVerifier [0x0x7ff65d236b25+79621]
	GetHandleVerifier [0x0x7ff65d236b80+79712]
	(No symbol) [0x0x7ff65cfcc0ea]
	(No symbol) [0x0x7ff65d022f56]
	(No symbol) [0x0x7ff65d02320c]
	(No symbol) [0x0x7ff65d0765b7]
	(No symbol) [0x0x7ff65d04b17f]
	(No symbol) [0x0x7ff65d0733d0]
	(No symbol) [0x0x7ff65d04af13]
	(No symbol) [0x0x7ff65d014151]
	(No symbol) [0x0x7ff65d014ee3]
	GetHandleVerifier [0x0x7ff65d4f683d+2962461]
	GetHandleVerifier [0x0x7ff65d4f0b5d+2938685]
	GetHandleVerifier [0x0x7ff65d50f71d+3064573]
	GetHandleVerifier [0x0x7ff65d250c6e+186446]
	GetHandleVerifier [0x0x7ff65d258a3f+218655]
	GetHandleVerifier [0x0x7ff65d23f914+115956]
	GetHandleVerifier [0x0x7ff65d23fac9+116393]
	GetHandleVerifier [0x0x7ff65d225ef8+10968]
	BaseThreadInitThunk [0x0x7fff1474259d+29]
	RtlUserThreadStart [0x0x7fff14b4af38+40]


The above exception was the direct cause of the following exception:

Traceback (most recent call last):
  File "D:\PythonStoreHouse\auto_test_quiz\ddt\test_web_1.py", line 81, in test_suite
    res = self.run_step(params)
  File "D:\Python313\Lib\site-packages\allure_commons\_allure.py", line 202, in impl
    return func(*a, **kw)
  File "D:\PythonStoreHouse\auto_test_quiz\ddt\test_web_1.py", line 34, in run_step
    return func(*args[1:])
  File "D:\PythonStoreHouse\auto_test_quiz\keywords\webkeys.py", line 119, in input
    ele = self.__find_ele(lo)
  File "D:\PythonStoreHouse\auto_test_quiz\keywords\webkeys.py", line 109, in __find_ele
    raise AssertionError(f"[NoSuchElement] 元素定位失败: {lo}") from e
AssertionError: [NoSuchElement] 元素定位失败: //input[@name='username']
2025-08-16 14:38:57,187 - ERROR - test_web_1.py - 96 - [NoSuchElement] 元素定位失败: //label[text()="Event"]/ancestor::div[@class="oxd-form-row"][1]//div[contains(@class, "oxd-select-dropdown") and @role="listbox"]//div[contains(@class, "oxd-dropdown-item") and text()="Travel Allowance"]
Traceback (most recent call last):
  File "D:\PythonStoreHouse\auto_test_quiz\keywords\webkeys.py", line 94, in __find_ele
    ele = self.driver.find_element('xpath', lo)
  File "D:\Python313\Lib\site-packages\selenium\webdriver\remote\webdriver.py", line 926, in find_element
    return self.execute(Command.FIND_ELEMENT, {"using": by, "value": value})["value"]
           ~~~~~~~~~~~~^^^^^^^^^^^^^^^^^^^^^^^^^^^^^^^^^^^^^^^^^^^^^^^^^^^^^
  File "D:\Python313\Lib\site-packages\selenium\webdriver\remote\webdriver.py", line 458, in execute
    self.error_handler.check_response(response)
    ~~~~~~~~~~~~~~~~~~~~~~~~~~~~~~~~~^^^^^^^^^^
  File "D:\Python313\Lib\site-packages\selenium\webdriver\remote\errorhandler.py", line 232, in check_response
    raise exception_class(message, screen, stacktrace)
selenium.common.exceptions.NoSuchElementException: Message: no such element: Unable to locate element: {"method":"xpath","selector":"//label[text()="Event"]/ancestor::div[@class="oxd-form-row"][1]//div[contains(@class, "oxd-select-dropdown") and @role="listbox"]//div[contains(@class, "oxd-dropdown-item") and text()="Travel Allowance"]"}
  (Session info: chrome=139.0.7258.67); For documentation on this error, please visit: https://www.selenium.dev/documentation/webdriver/troubleshooting/errors#nosuchelementexception
Stacktrace:
	GetHandleVerifier [0x0x7ff65d236b25+79621]
	GetHandleVerifier [0x0x7ff65d236b80+79712]
	(No symbol) [0x0x7ff65cfcc0ea]
	(No symbol) [0x0x7ff65d022f56]
	(No symbol) [0x0x7ff65d02320c]
	(No symbol) [0x0x7ff65d0765b7]
	(No symbol) [0x0x7ff65d04b17f]
	(No symbol) [0x0x7ff65d0733d0]
	(No symbol) [0x0x7ff65d04af13]
	(No symbol) [0x0x7ff65d014151]
	(No symbol) [0x0x7ff65d014ee3]
	GetHandleVerifier [0x0x7ff65d4f683d+2962461]
	GetHandleVerifier [0x0x7ff65d4f0b5d+2938685]
	GetHandleVerifier [0x0x7ff65d50f71d+3064573]
	GetHandleVerifier [0x0x7ff65d250c6e+186446]
	GetHandleVerifier [0x0x7ff65d258a3f+218655]
	GetHandleVerifier [0x0x7ff65d23f914+115956]
	GetHandleVerifier [0x0x7ff65d23fac9+116393]
	GetHandleVerifier [0x0x7ff65d225ef8+10968]
	BaseThreadInitThunk [0x0x7fff1474259d+29]
	RtlUserThreadStart [0x0x7fff14b4af38+40]


The above exception was the direct cause of the following exception:

Traceback (most recent call last):
  File "D:\PythonStoreHouse\auto_test_quiz\ddt\test_web_1.py", line 81, in test_suite
    res = self.run_step(params)
  File "D:\Python313\Lib\site-packages\allure_commons\_allure.py", line 202, in impl
    return func(*a, **kw)
  File "D:\PythonStoreHouse\auto_test_quiz\ddt\test_web_1.py", line 34, in run_step
    return func(*args[1:])
  File "D:\PythonStoreHouse\auto_test_quiz\keywords\webkeys.py", line 343, in select_custom_dropdown
    self.click(option_locator[1])
    ~~~~~~~~~~^^^^^^^^^^^^^^^^^^^
  File "D:\PythonStoreHouse\auto_test_quiz\keywords\webkeys.py", line 142, in click
    ele = self.__find_ele(lo)
  File "D:\PythonStoreHouse\auto_test_quiz\keywords\webkeys.py", line 109, in __find_ele
    raise AssertionError(f"[NoSuchElement] 元素定位失败: {lo}") from e
AssertionError: [NoSuchElement] 元素定位失败: //label[text()="Event"]/ancestor::div[@class="oxd-form-row"][1]//div[contains(@class, "oxd-select-dropdown") and @role="listbox"]//div[contains(@class, "oxd-dropdown-item") and text()="Travel Allowance"]
2025-08-16 14:49:24,546 - ERROR - test_web_1.py - 96 - [NoSuchElement] 元素定位失败: //input[@name='username']
Traceback (most recent call last):
  File "D:\PythonStoreHouse\auto_test_quiz\keywords\webkeys.py", line 94, in __find_ele
    ele = self.driver.find_element('xpath', lo)
  File "D:\Python313\Lib\site-packages\selenium\webdriver\remote\webdriver.py", line 926, in find_element
    return self.execute(Command.FIND_ELEMENT, {"using": by, "value": value})["value"]
           ~~~~~~~~~~~~^^^^^^^^^^^^^^^^^^^^^^^^^^^^^^^^^^^^^^^^^^^^^^^^^^^^^
  File "D:\Python313\Lib\site-packages\selenium\webdriver\remote\webdriver.py", line 458, in execute
    self.error_handler.check_response(response)
    ~~~~~~~~~~~~~~~~~~~~~~~~~~~~~~~~~^^^^^^^^^^
  File "D:\Python313\Lib\site-packages\selenium\webdriver\remote\errorhandler.py", line 232, in check_response
    raise exception_class(message, screen, stacktrace)
selenium.common.exceptions.NoSuchElementException: Message: no such element: Unable to locate element: {"method":"xpath","selector":"//input[@name='username']"}
  (Session info: chrome=139.0.7258.67); For documentation on this error, please visit: https://www.selenium.dev/documentation/webdriver/troubleshooting/errors#nosuchelementexception
Stacktrace:
	GetHandleVerifier [0x0x7ff65d236b25+79621]
	GetHandleVerifier [0x0x7ff65d236b80+79712]
	(No symbol) [0x0x7ff65cfcc0ea]
	(No symbol) [0x0x7ff65d022f56]
	(No symbol) [0x0x7ff65d02320c]
	(No symbol) [0x0x7ff65d0765b7]
	(No symbol) [0x0x7ff65d04b17f]
	(No symbol) [0x0x7ff65d0733d0]
	(No symbol) [0x0x7ff65d04af13]
	(No symbol) [0x0x7ff65d014151]
	(No symbol) [0x0x7ff65d014ee3]
	GetHandleVerifier [0x0x7ff65d4f683d+2962461]
	GetHandleVerifier [0x0x7ff65d4f0b5d+2938685]
	GetHandleVerifier [0x0x7ff65d50f71d+3064573]
	GetHandleVerifier [0x0x7ff65d250c6e+186446]
	GetHandleVerifier [0x0x7ff65d258a3f+218655]
	GetHandleVerifier [0x0x7ff65d23f914+115956]
	GetHandleVerifier [0x0x7ff65d23fac9+116393]
	GetHandleVerifier [0x0x7ff65d225ef8+10968]
	BaseThreadInitThunk [0x0x7fff1474259d+29]
	RtlUserThreadStart [0x0x7fff14b4af38+40]


The above exception was the direct cause of the following exception:

Traceback (most recent call last):
  File "D:\PythonStoreHouse\auto_test_quiz\ddt\test_web_1.py", line 81, in test_suite
    res = self.run_step(params)
  File "D:\Python313\Lib\site-packages\allure_commons\_allure.py", line 202, in impl
    return func(*a, **kw)
  File "D:\PythonStoreHouse\auto_test_quiz\ddt\test_web_1.py", line 34, in run_step
    return func(*args[1:])
  File "D:\PythonStoreHouse\auto_test_quiz\keywords\webkeys.py", line 119, in input
    ele = self.__find_ele(lo)
  File "D:\PythonStoreHouse\auto_test_quiz\keywords\webkeys.py", line 109, in __find_ele
    raise AssertionError(f"[NoSuchElement] 元素定位失败: {lo}") from e
AssertionError: [NoSuchElement] 元素定位失败: //input[@name='username']
2025-08-16 14:49:55,132 - ERROR - test_web_1.py - 96 - [NoSuchElement] 元素定位失败: //label[text()="Event"]/following-sibling::div[contains(@class, "oxd-select-text")]
Traceback (most recent call last):
  File "D:\PythonStoreHouse\auto_test_quiz\keywords\webkeys.py", line 94, in __find_ele
    ele = self.driver.find_element('xpath', lo)
  File "D:\Python313\Lib\site-packages\selenium\webdriver\remote\webdriver.py", line 926, in find_element
    return self.execute(Command.FIND_ELEMENT, {"using": by, "value": value})["value"]
           ~~~~~~~~~~~~^^^^^^^^^^^^^^^^^^^^^^^^^^^^^^^^^^^^^^^^^^^^^^^^^^^^^
  File "D:\Python313\Lib\site-packages\selenium\webdriver\remote\webdriver.py", line 458, in execute
    self.error_handler.check_response(response)
    ~~~~~~~~~~~~~~~~~~~~~~~~~~~~~~~~~^^^^^^^^^^
  File "D:\Python313\Lib\site-packages\selenium\webdriver\remote\errorhandler.py", line 232, in check_response
    raise exception_class(message, screen, stacktrace)
selenium.common.exceptions.NoSuchElementException: Message: no such element: Unable to locate element: {"method":"xpath","selector":"//label[text()="Event"]/following-sibling::div[contains(@class, "oxd-select-text")]"}
  (Session info: chrome=139.0.7258.67); For documentation on this error, please visit: https://www.selenium.dev/documentation/webdriver/troubleshooting/errors#nosuchelementexception
Stacktrace:
	GetHandleVerifier [0x0x7ff65d236b25+79621]
	GetHandleVerifier [0x0x7ff65d236b80+79712]
	(No symbol) [0x0x7ff65cfcc0ea]
	(No symbol) [0x0x7ff65d022f56]
	(No symbol) [0x0x7ff65d02320c]
	(No symbol) [0x0x7ff65d0765b7]
	(No symbol) [0x0x7ff65d04b17f]
	(No symbol) [0x0x7ff65d0733d0]
	(No symbol) [0x0x7ff65d04af13]
	(No symbol) [0x0x7ff65d014151]
	(No symbol) [0x0x7ff65d014ee3]
	GetHandleVerifier [0x0x7ff65d4f683d+2962461]
	GetHandleVerifier [0x0x7ff65d4f0b5d+2938685]
	GetHandleVerifier [0x0x7ff65d50f71d+3064573]
	GetHandleVerifier [0x0x7ff65d250c6e+186446]
	GetHandleVerifier [0x0x7ff65d258a3f+218655]
	GetHandleVerifier [0x0x7ff65d23f914+115956]
	GetHandleVerifier [0x0x7ff65d23fac9+116393]
	GetHandleVerifier [0x0x7ff65d225ef8+10968]
	BaseThreadInitThunk [0x0x7fff1474259d+29]
	RtlUserThreadStart [0x0x7fff14b4af38+40]


The above exception was the direct cause of the following exception:

Traceback (most recent call last):
  File "D:\PythonStoreHouse\auto_test_quiz\ddt\test_web_1.py", line 81, in test_suite
    res = self.run_step(params)
  File "D:\Python313\Lib\site-packages\allure_commons\_allure.py", line 202, in impl
    return func(*a, **kw)
  File "D:\PythonStoreHouse\auto_test_quiz\ddt\test_web_1.py", line 34, in run_step
    return func(*args[1:])
  File "D:\PythonStoreHouse\auto_test_quiz\keywords\webkeys.py", line 321, in select_custom_dropdown
    self.click(trigger_xpath)  # 复用click方法（含显式等待）
    ~~~~~~~~~~^^^^^^^^^^^^^^^
  File "D:\PythonStoreHouse\auto_test_quiz\keywords\webkeys.py", line 142, in click
    ele = self.__find_ele(lo)
  File "D:\PythonStoreHouse\auto_test_quiz\keywords\webkeys.py", line 109, in __find_ele
    raise AssertionError(f"[NoSuchElement] 元素定位失败: {lo}") from e
AssertionError: [NoSuchElement] 元素定位失败: //label[text()="Event"]/following-sibling::div[contains(@class, "oxd-select-text")]
2025-08-16 14:59:48,929 - ERROR - test_web_1.py - 96 - [NoSuchElement] 元素定位失败: //label[text()="Event"]/ancestor::div[@class="oxd-form-row"][1]//div[contains(@class, "oxd-select-dropdown") and @role="listbox"]//div[contains(@class, "oxd-dropdown-item") and text()="Travel Allowance"]
Traceback (most recent call last):
  File "D:\PythonStoreHouse\auto_test_quiz\keywords\webkeys.py", line 94, in __find_ele
    ele = self.driver.find_element('xpath', lo)
  File "D:\Python313\Lib\site-packages\selenium\webdriver\remote\webdriver.py", line 926, in find_element
    return self.execute(Command.FIND_ELEMENT, {"using": by, "value": value})["value"]
           ~~~~~~~~~~~~^^^^^^^^^^^^^^^^^^^^^^^^^^^^^^^^^^^^^^^^^^^^^^^^^^^^^
  File "D:\Python313\Lib\site-packages\selenium\webdriver\remote\webdriver.py", line 458, in execute
    self.error_handler.check_response(response)
    ~~~~~~~~~~~~~~~~~~~~~~~~~~~~~~~~~^^^^^^^^^^
  File "D:\Python313\Lib\site-packages\selenium\webdriver\remote\errorhandler.py", line 232, in check_response
    raise exception_class(message, screen, stacktrace)
selenium.common.exceptions.NoSuchElementException: Message: no such element: Unable to locate element: {"method":"xpath","selector":"//label[text()="Event"]/ancestor::div[@class="oxd-form-row"][1]//div[contains(@class, "oxd-select-dropdown") and @role="listbox"]//div[contains(@class, "oxd-dropdown-item") and text()="Travel Allowance"]"}
  (Session info: chrome=139.0.7258.67); For documentation on this error, please visit: https://www.selenium.dev/documentation/webdriver/troubleshooting/errors#nosuchelementexception
Stacktrace:
	GetHandleVerifier [0x0x7ff65d236b25+79621]
	GetHandleVerifier [0x0x7ff65d236b80+79712]
	(No symbol) [0x0x7ff65cfcc0ea]
	(No symbol) [0x0x7ff65d022f56]
	(No symbol) [0x0x7ff65d02320c]
	(No symbol) [0x0x7ff65d0765b7]
	(No symbol) [0x0x7ff65d04b17f]
	(No symbol) [0x0x7ff65d0733d0]
	(No symbol) [0x0x7ff65d04af13]
	(No symbol) [0x0x7ff65d014151]
	(No symbol) [0x0x7ff65d014ee3]
	GetHandleVerifier [0x0x7ff65d4f683d+2962461]
	GetHandleVerifier [0x0x7ff65d4f0b5d+2938685]
	GetHandleVerifier [0x0x7ff65d50f71d+3064573]
	GetHandleVerifier [0x0x7ff65d250c6e+186446]
	GetHandleVerifier [0x0x7ff65d258a3f+218655]
	GetHandleVerifier [0x0x7ff65d23f914+115956]
	GetHandleVerifier [0x0x7ff65d23fac9+116393]
	GetHandleVerifier [0x0x7ff65d225ef8+10968]
	BaseThreadInitThunk [0x0x7fff1474259d+29]
	RtlUserThreadStart [0x0x7fff14b4af38+40]


The above exception was the direct cause of the following exception:

Traceback (most recent call last):
  File "D:\PythonStoreHouse\auto_test_quiz\ddt\test_web_1.py", line 81, in test_suite
    res = self.run_step(params)
  File "D:\Python313\Lib\site-packages\allure_commons\_allure.py", line 202, in impl
    return func(*a, **kw)
  File "D:\PythonStoreHouse\auto_test_quiz\ddt\test_web_1.py", line 34, in run_step
    return func(*args[1:])
  File "D:\PythonStoreHouse\auto_test_quiz\keywords\webkeys.py", line 343, in select_custom_dropdown
    self.click(option_locator[1])
    ~~~~~~~~~~^^^^^^^^^^^^^^^^^^^
  File "D:\PythonStoreHouse\auto_test_quiz\keywords\webkeys.py", line 142, in click
    ele = self.__find_ele(lo)
  File "D:\PythonStoreHouse\auto_test_quiz\keywords\webkeys.py", line 109, in __find_ele
    raise AssertionError(f"[NoSuchElement] 元素定位失败: {lo}") from e
AssertionError: [NoSuchElement] 元素定位失败: //label[text()="Event"]/ancestor::div[@class="oxd-form-row"][1]//div[contains(@class, "oxd-select-dropdown") and @role="listbox"]//div[contains(@class, "oxd-dropdown-item") and text()="Travel Allowance"]
2025-08-16 15:14:36,433 - ERROR - test_web_1.py - 116 - object of type 'bool' has no len()
Traceback (most recent call last):
  File "D:\PythonStoreHouse\auto_test_quiz\ddt\test_web_1.py", line 69, in test_suite
    if len(params[i]) > 0:
       ~~~^^^^^^^^^^^
TypeError: object of type 'bool' has no len()
2025-08-16 15:17:30,527 - ERROR - test_web_1.py - 116 - object of type 'int' has no len()
Traceback (most recent call last):
  File "D:\PythonStoreHouse\auto_test_quiz\ddt\test_web_1.py", line 69, in test_suite
    if len(params[i]) > 0:
       ~~~^^^^^^^^^^^
TypeError: object of type 'int' has no len()
2025-08-16 15:21:03,252 - ERROR - test_web_1.py - 116 - object of type 'int' has no len()
Traceback (most recent call last):
  File "D:\PythonStoreHouse\auto_test_quiz\ddt\test_web_1.py", line 69, in test_suite
    if len(params[i]) > 0:
       ~~~^^^^^^^^^^^
TypeError: object of type 'int' has no len()
2025-08-16 15:24:21,933 - ERROR - test_web_1.py - 116 - object of type 'int' has no len()
Traceback (most recent call last):
  File "D:\PythonStoreHouse\auto_test_quiz\ddt\test_web_1.py", line 69, in test_suite
    if len(params[i]) > 0:
       ~~~^^^^^^^^^^^
TypeError: object of type 'int' has no len()
2025-08-16 15:28:36,685 - ERROR - test_web_1.py - 116 - object of type 'int' has no len()
Traceback (most recent call last):
  File "D:\PythonStoreHouse\auto_test_quiz\ddt\test_web_1.py", line 69, in test_suite
    if len(params[i]) > 0:
       ~~~^^^^^^^^^^^
TypeError: object of type 'int' has no len()
2025-08-16 15:33:52,475 - ERROR - test_web_1.py - 116 - 次数必须是正整数！传入：3
Traceback (most recent call last):
  File "D:\PythonStoreHouse\auto_test_quiz\ddt\test_web_1.py", line 81, in test_suite
    res = self.run_step(params)
  File "D:\Python313\Lib\site-packages\allure_commons\_allure.py", line 202, in impl
    return func(*a, **kw)
  File "D:\PythonStoreHouse\auto_test_quiz\ddt\test_web_1.py", line 34, in run_step
    return func(*args[1:])
  File "D:\PythonStoreHouse\auto_test_quiz\keywords\webkeys.py", line 370, in keyboard_navigate
    raise ValueError(f"次数必须是正整数！传入：{count}")
ValueError: 次数必须是正整数！传入：3
2025-08-16 15:37:23,290 - ERROR - test_web_1.py - 96 - [NoSuchElement] 元素定位失败: //input[@name='username']
Traceback (most recent call last):
  File "D:\PythonStoreHouse\auto_test_quiz\keywords\webkeys.py", line 95, in __find_ele
    ele = self.driver.find_element('xpath', lo)
  File "D:\Python313\Lib\site-packages\selenium\webdriver\remote\webdriver.py", line 926, in find_element
    return self.execute(Command.FIND_ELEMENT, {"using": by, "value": value})["value"]
           ~~~~~~~~~~~~^^^^^^^^^^^^^^^^^^^^^^^^^^^^^^^^^^^^^^^^^^^^^^^^^^^^^
  File "D:\Python313\Lib\site-packages\selenium\webdriver\remote\webdriver.py", line 458, in execute
    self.error_handler.check_response(response)
    ~~~~~~~~~~~~~~~~~~~~~~~~~~~~~~~~~^^^^^^^^^^
  File "D:\Python313\Lib\site-packages\selenium\webdriver\remote\errorhandler.py", line 232, in check_response
    raise exception_class(message, screen, stacktrace)
selenium.common.exceptions.NoSuchElementException: Message: no such element: Unable to locate element: {"method":"xpath","selector":"//input[@name='username']"}
  (Session info: chrome=139.0.7258.67); For documentation on this error, please visit: https://www.selenium.dev/documentation/webdriver/troubleshooting/errors#nosuchelementexception
Stacktrace:
	GetHandleVerifier [0x0x7ff65d236b25+79621]
	GetHandleVerifier [0x0x7ff65d236b80+79712]
	(No symbol) [0x0x7ff65cfcc0ea]
	(No symbol) [0x0x7ff65d022f56]
	(No symbol) [0x0x7ff65d02320c]
	(No symbol) [0x0x7ff65d0765b7]
	(No symbol) [0x0x7ff65d04b17f]
	(No symbol) [0x0x7ff65d0733d0]
	(No symbol) [0x0x7ff65d04af13]
	(No symbol) [0x0x7ff65d014151]
	(No symbol) [0x0x7ff65d014ee3]
	GetHandleVerifier [0x0x7ff65d4f683d+2962461]
	GetHandleVerifier [0x0x7ff65d4f0b5d+2938685]
	GetHandleVerifier [0x0x7ff65d50f71d+3064573]
	GetHandleVerifier [0x0x7ff65d250c6e+186446]
	GetHandleVerifier [0x0x7ff65d258a3f+218655]
	GetHandleVerifier [0x0x7ff65d23f914+115956]
	GetHandleVerifier [0x0x7ff65d23fac9+116393]
	GetHandleVerifier [0x0x7ff65d225ef8+10968]
	BaseThreadInitThunk [0x0x7fff1474259d+29]
	RtlUserThreadStart [0x0x7fff14b4af38+40]


The above exception was the direct cause of the following exception:

Traceback (most recent call last):
  File "D:\PythonStoreHouse\auto_test_quiz\ddt\test_web_1.py", line 81, in test_suite
    res = self.run_step(params)
  File "D:\Python313\Lib\site-packages\allure_commons\_allure.py", line 202, in impl
    return func(*a, **kw)
  File "D:\PythonStoreHouse\auto_test_quiz\ddt\test_web_1.py", line 34, in run_step
    return func(*args[1:])
  File "D:\PythonStoreHouse\auto_test_quiz\keywords\webkeys.py", line 120, in input
    ele = self.__find_ele(lo)
  File "D:\PythonStoreHouse\auto_test_quiz\keywords\webkeys.py", line 110, in __find_ele
    raise AssertionError(f"[NoSuchElement] 元素定位失败: {lo}") from e
AssertionError: [NoSuchElement] 元素定位失败: //input[@name='username']
2025-08-16 15:37:59,611 - ERROR - test_web_1.py - 96 - [NoSuchElement] 元素定位失败: //input[@name='username']
Traceback (most recent call last):
  File "D:\PythonStoreHouse\auto_test_quiz\keywords\webkeys.py", line 95, in __find_ele
    ele = self.driver.find_element('xpath', lo)
  File "D:\Python313\Lib\site-packages\selenium\webdriver\remote\webdriver.py", line 926, in find_element
    return self.execute(Command.FIND_ELEMENT, {"using": by, "value": value})["value"]
           ~~~~~~~~~~~~^^^^^^^^^^^^^^^^^^^^^^^^^^^^^^^^^^^^^^^^^^^^^^^^^^^^^
  File "D:\Python313\Lib\site-packages\selenium\webdriver\remote\webdriver.py", line 458, in execute
    self.error_handler.check_response(response)
    ~~~~~~~~~~~~~~~~~~~~~~~~~~~~~~~~~^^^^^^^^^^
  File "D:\Python313\Lib\site-packages\selenium\webdriver\remote\errorhandler.py", line 232, in check_response
    raise exception_class(message, screen, stacktrace)
selenium.common.exceptions.NoSuchElementException: Message: no such element: Unable to locate element: {"method":"xpath","selector":"//input[@name='username']"}
  (Session info: chrome=139.0.7258.67); For documentation on this error, please visit: https://www.selenium.dev/documentation/webdriver/troubleshooting/errors#nosuchelementexception
Stacktrace:
	GetHandleVerifier [0x0x7ff65d236b25+79621]
	GetHandleVerifier [0x0x7ff65d236b80+79712]
	(No symbol) [0x0x7ff65cfcc0ea]
	(No symbol) [0x0x7ff65d022f56]
	(No symbol) [0x0x7ff65d02320c]
	(No symbol) [0x0x7ff65d0765b7]
	(No symbol) [0x0x7ff65d04b17f]
	(No symbol) [0x0x7ff65d0733d0]
	(No symbol) [0x0x7ff65d04af13]
	(No symbol) [0x0x7ff65d014151]
	(No symbol) [0x0x7ff65d014ee3]
	GetHandleVerifier [0x0x7ff65d4f683d+2962461]
	GetHandleVerifier [0x0x7ff65d4f0b5d+2938685]
	GetHandleVerifier [0x0x7ff65d50f71d+3064573]
	GetHandleVerifier [0x0x7ff65d250c6e+186446]
	GetHandleVerifier [0x0x7ff65d258a3f+218655]
	GetHandleVerifier [0x0x7ff65d23f914+115956]
	GetHandleVerifier [0x0x7ff65d23fac9+116393]
	GetHandleVerifier [0x0x7ff65d225ef8+10968]
	BaseThreadInitThunk [0x0x7fff1474259d+29]
	RtlUserThreadStart [0x0x7fff14b4af38+40]


The above exception was the direct cause of the following exception:

Traceback (most recent call last):
  File "D:\PythonStoreHouse\auto_test_quiz\ddt\test_web_1.py", line 81, in test_suite
    res = self.run_step(params)
  File "D:\Python313\Lib\site-packages\allure_commons\_allure.py", line 202, in impl
    return func(*a, **kw)
  File "D:\PythonStoreHouse\auto_test_quiz\ddt\test_web_1.py", line 34, in run_step
    return func(*args[1:])
  File "D:\PythonStoreHouse\auto_test_quiz\keywords\webkeys.py", line 120, in input
    ele = self.__find_ele(lo)
  File "D:\PythonStoreHouse\auto_test_quiz\keywords\webkeys.py", line 110, in __find_ele
    raise AssertionError(f"[NoSuchElement] 元素定位失败: {lo}") from e
AssertionError: [NoSuchElement] 元素定位失败: //input[@name='username']
2025-08-16 15:38:35,613 - ERROR - test_web_1.py - 96 - [NoSuchElement] 元素定位失败: //input[@name='username']
Traceback (most recent call last):
  File "D:\PythonStoreHouse\auto_test_quiz\keywords\webkeys.py", line 95, in __find_ele
    ele = self.driver.find_element('xpath', lo)
  File "D:\Python313\Lib\site-packages\selenium\webdriver\remote\webdriver.py", line 926, in find_element
    return self.execute(Command.FIND_ELEMENT, {"using": by, "value": value})["value"]
           ~~~~~~~~~~~~^^^^^^^^^^^^^^^^^^^^^^^^^^^^^^^^^^^^^^^^^^^^^^^^^^^^^
  File "D:\Python313\Lib\site-packages\selenium\webdriver\remote\webdriver.py", line 458, in execute
    self.error_handler.check_response(response)
    ~~~~~~~~~~~~~~~~~~~~~~~~~~~~~~~~~^^^^^^^^^^
  File "D:\Python313\Lib\site-packages\selenium\webdriver\remote\errorhandler.py", line 232, in check_response
    raise exception_class(message, screen, stacktrace)
selenium.common.exceptions.NoSuchElementException: Message: no such element: Unable to locate element: {"method":"xpath","selector":"//input[@name='username']"}
  (Session info: chrome=139.0.7258.67); For documentation on this error, please visit: https://www.selenium.dev/documentation/webdriver/troubleshooting/errors#nosuchelementexception
Stacktrace:
	GetHandleVerifier [0x0x7ff65d236b25+79621]
	GetHandleVerifier [0x0x7ff65d236b80+79712]
	(No symbol) [0x0x7ff65cfcc0ea]
	(No symbol) [0x0x7ff65d022f56]
	(No symbol) [0x0x7ff65d02320c]
	(No symbol) [0x0x7ff65d0765b7]
	(No symbol) [0x0x7ff65d04b17f]
	(No symbol) [0x0x7ff65d0733d0]
	(No symbol) [0x0x7ff65d04af13]
	(No symbol) [0x0x7ff65d014151]
	(No symbol) [0x0x7ff65d014ee3]
	GetHandleVerifier [0x0x7ff65d4f683d+2962461]
	GetHandleVerifier [0x0x7ff65d4f0b5d+2938685]
	GetHandleVerifier [0x0x7ff65d50f71d+3064573]
	GetHandleVerifier [0x0x7ff65d250c6e+186446]
	GetHandleVerifier [0x0x7ff65d258a3f+218655]
	GetHandleVerifier [0x0x7ff65d23f914+115956]
	GetHandleVerifier [0x0x7ff65d23fac9+116393]
	GetHandleVerifier [0x0x7ff65d225ef8+10968]
	BaseThreadInitThunk [0x0x7fff1474259d+29]
	RtlUserThreadStart [0x0x7fff14b4af38+40]


The above exception was the direct cause of the following exception:

Traceback (most recent call last):
  File "D:\PythonStoreHouse\auto_test_quiz\ddt\test_web_1.py", line 81, in test_suite
    res = self.run_step(params)
  File "D:\Python313\Lib\site-packages\allure_commons\_allure.py", line 202, in impl
    return func(*a, **kw)
  File "D:\PythonStoreHouse\auto_test_quiz\ddt\test_web_1.py", line 34, in run_step
    return func(*args[1:])
  File "D:\PythonStoreHouse\auto_test_quiz\keywords\webkeys.py", line 120, in input
    ele = self.__find_ele(lo)
  File "D:\PythonStoreHouse\auto_test_quiz\keywords\webkeys.py", line 110, in __find_ele
    raise AssertionError(f"[NoSuchElement] 元素定位失败: {lo}") from e
AssertionError: [NoSuchElement] 元素定位失败: //input[@name='username']
2025-08-16 19:00:39,020 - ERROR - test_web_1.py - 116 - Web.select_custom_dropdown() missing 1 required positional argument: 'option_text'
Traceback (most recent call last):
  File "D:\PythonStoreHouse\auto_test_quiz\ddt\test_web_1.py", line 81, in test_suite
    res = self.run_step(params)
  File "D:\Python313\Lib\site-packages\allure_commons\_allure.py", line 202, in impl
    return func(*a, **kw)
  File "D:\PythonStoreHouse\auto_test_quiz\ddt\test_web_1.py", line 34, in run_step
    return func(*args[1:])
TypeError: Web.select_custom_dropdown() missing 1 required positional argument: 'option_text'
2025-08-16 19:01:58,497 - ERROR - test_web_1.py - 116 - Web.select_custom_dropdown() missing 1 required positional argument: 'option_text'
Traceback (most recent call last):
  File "D:\PythonStoreHouse\auto_test_quiz\ddt\test_web_1.py", line 81, in test_suite
    res = self.run_step(params)
  File "D:\Python313\Lib\site-packages\allure_commons\_allure.py", line 202, in impl
    return func(*a, **kw)
  File "D:\PythonStoreHouse\auto_test_quiz\ddt\test_web_1.py", line 34, in run_step
    return func(*args[1:])
TypeError: Web.select_custom_dropdown() missing 1 required positional argument: 'option_text'
2025-08-16 19:03:44,258 - ERROR - test_web_1.py - 96 - [NoSuchElement] 元素定位失败: //label[text()="Currency"]/ancestor::div[@class="oxd-form-row"][1]//div[contains(@class, "oxd-select-dropdown") and @role="listbox"]
Traceback (most recent call last):
  File "D:\PythonStoreHouse\auto_test_quiz\keywords\webkeys.py", line 94, in __find_ele
    ele = self.driver.find_element('xpath', lo)
  File "D:\Python313\Lib\site-packages\selenium\webdriver\remote\webdriver.py", line 926, in find_element
    return self.execute(Command.FIND_ELEMENT, {"using": by, "value": value})["value"]
           ~~~~~~~~~~~~^^^^^^^^^^^^^^^^^^^^^^^^^^^^^^^^^^^^^^^^^^^^^^^^^^^^^
  File "D:\Python313\Lib\site-packages\selenium\webdriver\remote\webdriver.py", line 458, in execute
    self.error_handler.check_response(response)
    ~~~~~~~~~~~~~~~~~~~~~~~~~~~~~~~~~^^^^^^^^^^
  File "D:\Python313\Lib\site-packages\selenium\webdriver\remote\errorhandler.py", line 232, in check_response
    raise exception_class(message, screen, stacktrace)
selenium.common.exceptions.NoSuchElementException: Message: no such element: Unable to locate element: {"method":"xpath","selector":"//label[text()="Currency"]/ancestor::div[@class="oxd-form-row"][1]//div[contains(@class, "oxd-select-dropdown") and @role="listbox"]"}
  (Session info: chrome=139.0.7258.67); For documentation on this error, please visit: https://www.selenium.dev/documentation/webdriver/troubleshooting/errors#nosuchelementexception
Stacktrace:
	GetHandleVerifier [0x0x7ff65d236b25+79621]
	GetHandleVerifier [0x0x7ff65d236b80+79712]
	(No symbol) [0x0x7ff65cfcc0ea]
	(No symbol) [0x0x7ff65d022f56]
	(No symbol) [0x0x7ff65d02320c]
	(No symbol) [0x0x7ff65d0765b7]
	(No symbol) [0x0x7ff65d04b17f]
	(No symbol) [0x0x7ff65d0733d0]
	(No symbol) [0x0x7ff65d04af13]
	(No symbol) [0x0x7ff65d014151]
	(No symbol) [0x0x7ff65d014ee3]
	GetHandleVerifier [0x0x7ff65d4f683d+2962461]
	GetHandleVerifier [0x0x7ff65d4f0b5d+2938685]
	GetHandleVerifier [0x0x7ff65d50f71d+3064573]
	GetHandleVerifier [0x0x7ff65d250c6e+186446]
	GetHandleVerifier [0x0x7ff65d258a3f+218655]
	GetHandleVerifier [0x0x7ff65d23f914+115956]
	GetHandleVerifier [0x0x7ff65d23fac9+116393]
	GetHandleVerifier [0x0x7ff65d225ef8+10968]
	BaseThreadInitThunk [0x0x7fff1474259d+29]
	RtlUserThreadStart [0x0x7fff14b4af38+40]


The above exception was the direct cause of the following exception:

Traceback (most recent call last):
  File "D:\PythonStoreHouse\auto_test_quiz\ddt\test_web_1.py", line 81, in test_suite
    res = self.run_step(params)
  File "D:\Python313\Lib\site-packages\allure_commons\_allure.py", line 202, in impl
    return func(*a, **kw)
  File "D:\PythonStoreHouse\auto_test_quiz\ddt\test_web_1.py", line 34, in run_step
    return func(*args[1:])
  File "D:\PythonStoreHouse\auto_test_quiz\keywords\webkeys.py", line 336, in select_custom_dropdown
    self.__find_ele(listbox_locator[1])
    ~~~~~~~~~~~~~~~^^^^^^^^^^^^^^^^^^^^
  File "D:\PythonStoreHouse\auto_test_quiz\keywords\webkeys.py", line 109, in __find_ele
    raise AssertionError(f"[NoSuchElement] 元素定位失败: {lo}") from e
AssertionError: [NoSuchElement] 元素定位失败: //label[text()="Currency"]/ancestor::div[@class="oxd-form-row"][1]//div[contains(@class, "oxd-select-dropdown") and @role="listbox"]
2025-08-16 19:16:09,668 - ERROR - test_web_1.py - 96 - [NoSuchElement] 元素定位失败: //label[text()="Currency"]/ancestor::div[@class="oxd-form-row"][1]//div[contains(@class, "oxd-select-dropdown") and @role="listbox"]
Traceback (most recent call last):
  File "D:\PythonStoreHouse\auto_test_quiz\keywords\webkeys.py", line 94, in __find_ele
    ele = self.driver.find_element('xpath', lo)
  File "D:\Python313\Lib\site-packages\selenium\webdriver\remote\webdriver.py", line 926, in find_element
    return self.execute(Command.FIND_ELEMENT, {"using": by, "value": value})["value"]
           ~~~~~~~~~~~~^^^^^^^^^^^^^^^^^^^^^^^^^^^^^^^^^^^^^^^^^^^^^^^^^^^^^
  File "D:\Python313\Lib\site-packages\selenium\webdriver\remote\webdriver.py", line 458, in execute
    self.error_handler.check_response(response)
    ~~~~~~~~~~~~~~~~~~~~~~~~~~~~~~~~~^^^^^^^^^^
  File "D:\Python313\Lib\site-packages\selenium\webdriver\remote\errorhandler.py", line 232, in check_response
    raise exception_class(message, screen, stacktrace)
selenium.common.exceptions.NoSuchElementException: Message: no such element: Unable to locate element: {"method":"xpath","selector":"//label[text()="Currency"]/ancestor::div[@class="oxd-form-row"][1]//div[contains(@class, "oxd-select-dropdown") and @role="listbox"]"}
  (Session info: chrome=139.0.7258.67); For documentation on this error, please visit: https://www.selenium.dev/documentation/webdriver/troubleshooting/errors#nosuchelementexception
Stacktrace:
	GetHandleVerifier [0x0x7ff65d236b25+79621]
	GetHandleVerifier [0x0x7ff65d236b80+79712]
	(No symbol) [0x0x7ff65cfcc0ea]
	(No symbol) [0x0x7ff65d022f56]
	(No symbol) [0x0x7ff65d02320c]
	(No symbol) [0x0x7ff65d0765b7]
	(No symbol) [0x0x7ff65d04b17f]
	(No symbol) [0x0x7ff65d0733d0]
	(No symbol) [0x0x7ff65d04af13]
	(No symbol) [0x0x7ff65d014151]
	(No symbol) [0x0x7ff65d014ee3]
	GetHandleVerifier [0x0x7ff65d4f683d+2962461]
	GetHandleVerifier [0x0x7ff65d4f0b5d+2938685]
	GetHandleVerifier [0x0x7ff65d50f71d+3064573]
	GetHandleVerifier [0x0x7ff65d250c6e+186446]
	GetHandleVerifier [0x0x7ff65d258a3f+218655]
	GetHandleVerifier [0x0x7ff65d23f914+115956]
	GetHandleVerifier [0x0x7ff65d23fac9+116393]
	GetHandleVerifier [0x0x7ff65d225ef8+10968]
	BaseThreadInitThunk [0x0x7fff1474259d+29]
	RtlUserThreadStart [0x0x7fff14b4af38+40]


The above exception was the direct cause of the following exception:

Traceback (most recent call last):
  File "D:\PythonStoreHouse\auto_test_quiz\ddt\test_web_1.py", line 81, in test_suite
    res = self.run_step(params)
  File "D:\Python313\Lib\site-packages\allure_commons\_allure.py", line 202, in impl
    return func(*a, **kw)
  File "D:\PythonStoreHouse\auto_test_quiz\ddt\test_web_1.py", line 34, in run_step
    return func(*args[1:])
  File "D:\PythonStoreHouse\auto_test_quiz\keywords\webkeys.py", line 336, in select_custom_dropdown
    self.__find_ele(listbox_locator[1])
    ~~~~~~~~~~~~~~~^^^^^^^^^^^^^^^^^^^^
  File "D:\PythonStoreHouse\auto_test_quiz\keywords\webkeys.py", line 109, in __find_ele
    raise AssertionError(f"[NoSuchElement] 元素定位失败: {lo}") from e
AssertionError: [NoSuchElement] 元素定位失败: //label[text()="Currency"]/ancestor::div[@class="oxd-form-row"][1]//div[contains(@class, "oxd-select-dropdown") and @role="listbox"]
2025-08-16 19:24:54,936 - ERROR - test_web_1.py - 96 - [NoSuchElement] 元素定位失败: //label[text()="Currency"]/ancestor::div[@class="oxd-form-row"][1]//div[contains(@class, "oxd-select-dropdown") and @role="listbox"]
Traceback (most recent call last):
  File "D:\PythonStoreHouse\auto_test_quiz\keywords\webkeys.py", line 94, in __find_ele
    ele = self.driver.find_element('xpath', lo)
  File "D:\Python313\Lib\site-packages\selenium\webdriver\remote\webdriver.py", line 926, in find_element
    return self.execute(Command.FIND_ELEMENT, {"using": by, "value": value})["value"]
           ~~~~~~~~~~~~^^^^^^^^^^^^^^^^^^^^^^^^^^^^^^^^^^^^^^^^^^^^^^^^^^^^^
  File "D:\Python313\Lib\site-packages\selenium\webdriver\remote\webdriver.py", line 458, in execute
    self.error_handler.check_response(response)
    ~~~~~~~~~~~~~~~~~~~~~~~~~~~~~~~~~^^^^^^^^^^
  File "D:\Python313\Lib\site-packages\selenium\webdriver\remote\errorhandler.py", line 232, in check_response
    raise exception_class(message, screen, stacktrace)
selenium.common.exceptions.NoSuchElementException: Message: no such element: Unable to locate element: {"method":"xpath","selector":"//label[text()="Currency"]/ancestor::div[@class="oxd-form-row"][1]//div[contains(@class, "oxd-select-dropdown") and @role="listbox"]"}
  (Session info: chrome=139.0.7258.67); For documentation on this error, please visit: https://www.selenium.dev/documentation/webdriver/troubleshooting/errors#nosuchelementexception
Stacktrace:
	GetHandleVerifier [0x0x7ff65d236b25+79621]
	GetHandleVerifier [0x0x7ff65d236b80+79712]
	(No symbol) [0x0x7ff65cfcc0ea]
	(No symbol) [0x0x7ff65d022f56]
	(No symbol) [0x0x7ff65d02320c]
	(No symbol) [0x0x7ff65d0765b7]
	(No symbol) [0x0x7ff65d04b17f]
	(No symbol) [0x0x7ff65d0733d0]
	(No symbol) [0x0x7ff65d04af13]
	(No symbol) [0x0x7ff65d014151]
	(No symbol) [0x0x7ff65d014ee3]
	GetHandleVerifier [0x0x7ff65d4f683d+2962461]
	GetHandleVerifier [0x0x7ff65d4f0b5d+2938685]
	GetHandleVerifier [0x0x7ff65d50f71d+3064573]
	GetHandleVerifier [0x0x7ff65d250c6e+186446]
	GetHandleVerifier [0x0x7ff65d258a3f+218655]
	GetHandleVerifier [0x0x7ff65d23f914+115956]
	GetHandleVerifier [0x0x7ff65d23fac9+116393]
	GetHandleVerifier [0x0x7ff65d225ef8+10968]
	BaseThreadInitThunk [0x0x7fff1474259d+29]
	RtlUserThreadStart [0x0x7fff14b4af38+40]


The above exception was the direct cause of the following exception:

Traceback (most recent call last):
  File "D:\PythonStoreHouse\auto_test_quiz\ddt\test_web_1.py", line 81, in test_suite
    res = self.run_step(params)
  File "D:\Python313\Lib\site-packages\allure_commons\_allure.py", line 202, in impl
    return func(*a, **kw)
  File "D:\PythonStoreHouse\auto_test_quiz\ddt\test_web_1.py", line 34, in run_step
    return func(*args[1:])
  File "D:\PythonStoreHouse\auto_test_quiz\keywords\webkeys.py", line 336, in select_custom_dropdown
    self.__find_ele(listbox_locator[1])
    ~~~~~~~~~~~~~~~^^^^^^^^^^^^^^^^^^^^
  File "D:\PythonStoreHouse\auto_test_quiz\keywords\webkeys.py", line 109, in __find_ele
    raise AssertionError(f"[NoSuchElement] 元素定位失败: {lo}") from e
AssertionError: [NoSuchElement] 元素定位失败: //label[text()="Currency"]/ancestor::div[@class="oxd-form-row"][1]//div[contains(@class, "oxd-select-dropdown") and @role="listbox"]
2025-08-16 19:45:51,374 - ERROR - test_web_1.py - 116 - Message: no such window: target window already closed
from unknown error: web view not found
  (Session info: chrome=139.0.7258.67)
Stacktrace:
	GetHandleVerifier [0x0x7ff65d236b25+79621]
	GetHandleVerifier [0x0x7ff65d236b80+79712]
	(No symbol) [0x0x7ff65cfcc0ea]
	(No symbol) [0x0x7ff65cfa4601]
	(No symbol) [0x0x7ff65d0525fe]
	(No symbol) [0x0x7ff65d072d02]
	(No symbol) [0x0x7ff65d04af13]
	(No symbol) [0x0x7ff65d014151]
	(No symbol) [0x0x7ff65d014ee3]
	GetHandleVerifier [0x0x7ff65d4f683d+2962461]
	GetHandleVerifier [0x0x7ff65d4f0b5d+2938685]
	GetHandleVerifier [0x0x7ff65d50f71d+3064573]
	GetHandleVerifier [0x0x7ff65d250c6e+186446]
	GetHandleVerifier [0x0x7ff65d258a3f+218655]
	GetHandleVerifier [0x0x7ff65d23f914+115956]
	GetHandleVerifier [0x0x7ff65d23fac9+116393]
	GetHandleVerifier [0x0x7ff65d225ef8+10968]
	BaseThreadInitThunk [0x0x7fff1474259d+29]
	RtlUserThreadStart [0x0x7fff14b4af38+40]
Traceback (most recent call last):
  File "D:\PythonStoreHouse\auto_test_quiz\ddt\test_web_1.py", line 81, in test_suite
    res = self.run_step(params)
  File "D:\Python313\Lib\site-packages\allure_commons\_allure.py", line 202, in impl
    return func(*a, **kw)
  File "D:\PythonStoreHouse\auto_test_quiz\ddt\test_web_1.py", line 30, in run_step
    ddt.obj.driver.get_screenshot_as_png(),
    ~~~~~~~~~~~~~~~~~~~~~~~~~~~~~~~~~~~~^^
  File "D:\Python313\Lib\site-packages\selenium\webdriver\remote\webdriver.py", line 1034, in get_screenshot_as_png
    return b64decode(self.get_screenshot_as_base64().encode("ascii"))
                     ~~~~~~~~~~~~~~~~~~~~~~~~~~~~~^^
  File "D:\Python313\Lib\site-packages\selenium\webdriver\remote\webdriver.py", line 1044, in get_screenshot_as_base64
    return self.execute(Command.SCREENSHOT)["value"]
           ~~~~~~~~~~~~^^^^^^^^^^^^^^^^^^^^
  File "D:\Python313\Lib\site-packages\selenium\webdriver\remote\webdriver.py", line 458, in execute
    self.error_handler.check_response(response)
    ~~~~~~~~~~~~~~~~~~~~~~~~~~~~~~~~~^^^^^^^^^^
  File "D:\Python313\Lib\site-packages\selenium\webdriver\remote\errorhandler.py", line 232, in check_response
    raise exception_class(message, screen, stacktrace)
selenium.common.exceptions.NoSuchWindowException: Message: no such window: target window already closed
from unknown error: web view not found
  (Session info: chrome=139.0.7258.67)
Stacktrace:
	GetHandleVerifier [0x0x7ff65d236b25+79621]
	GetHandleVerifier [0x0x7ff65d236b80+79712]
	(No symbol) [0x0x7ff65cfcc0ea]
	(No symbol) [0x0x7ff65cfa4601]
	(No symbol) [0x0x7ff65d0525fe]
	(No symbol) [0x0x7ff65d072d02]
	(No symbol) [0x0x7ff65d04af13]
	(No symbol) [0x0x7ff65d014151]
	(No symbol) [0x0x7ff65d014ee3]
	GetHandleVerifier [0x0x7ff65d4f683d+2962461]
	GetHandleVerifier [0x0x7ff65d4f0b5d+2938685]
	GetHandleVerifier [0x0x7ff65d50f71d+3064573]
	GetHandleVerifier [0x0x7ff65d250c6e+186446]
	GetHandleVerifier [0x0x7ff65d258a3f+218655]
	GetHandleVerifier [0x0x7ff65d23f914+115956]
	GetHandleVerifier [0x0x7ff65d23fac9+116393]
	GetHandleVerifier [0x0x7ff65d225ef8+10968]
	BaseThreadInitThunk [0x0x7fff1474259d+29]
	RtlUserThreadStart [0x0x7fff14b4af38+40]

2025-08-16 19:46:31,290 - ERROR - test_web_1.py - 116 - Message: invalid session id: session deleted as the browser has closed the connection
from disconnected: unable to send message to renderer
  (Session info: chrome=139.0.7258.67); For documentation on this error, please visit: https://www.selenium.dev/documentation/webdriver/troubleshooting/errors#invalidsessionidexception
Stacktrace:
	GetHandleVerifier [0x0x7ff65d236b25+79621]
	GetHandleVerifier [0x0x7ff65d236b80+79712]
	(No symbol) [0x0x7ff65cfcc0ea]
	(No symbol) [0x0x7ff65cfb8971]
	(No symbol) [0x0x7ff65cfb88dc]
	(No symbol) [0x0x7ff65cfb706c]
	(No symbol) [0x0x7ff65cfb7d2f]
	(No symbol) [0x0x7ff65cfd1621]
	(No symbol) [0x0x7ff65cfd2117]
	(No symbol) [0x0x7ff65cfd6b0c]
	(No symbol) [0x0x7ff65cfd6bdf]
	(No symbol) [0x0x7ff65d022807]
	(No symbol) [0x0x7ff65d02320c]
	(No symbol) [0x0x7ff65d0765b7]
	(No symbol) [0x0x7ff65d04b17f]
	(No symbol) [0x0x7ff65d0733d0]
	(No symbol) [0x0x7ff65d04af13]
	(No symbol) [0x0x7ff65d014151]
	(No symbol) [0x0x7ff65d014ee3]
	GetHandleVerifier [0x0x7ff65d4f683d+2962461]
	GetHandleVerifier [0x0x7ff65d4f0b5d+2938685]
	GetHandleVerifier [0x0x7ff65d50f71d+3064573]
	GetHandleVerifier [0x0x7ff65d250c6e+186446]
	GetHandleVerifier [0x0x7ff65d258a3f+218655]
	GetHandleVerifier [0x0x7ff65d23f914+115956]
	GetHandleVerifier [0x0x7ff65d23fac9+116393]
	GetHandleVerifier [0x0x7ff65d225ef8+10968]
	BaseThreadInitThunk [0x0x7fff1474259d+29]
	RtlUserThreadStart [0x0x7fff14b4af38+40]
Traceback (most recent call last):
  File "D:\PythonStoreHouse\auto_test_quiz\ddt\test_web_1.py", line 81, in test_suite
    res = self.run_step(params)
  File "D:\Python313\Lib\site-packages\allure_commons\_allure.py", line 202, in impl
    return func(*a, **kw)
  File "D:\PythonStoreHouse\auto_test_quiz\ddt\test_web_1.py", line 34, in run_step
    return func(*args[1:])
  File "D:\PythonStoreHouse\auto_test_quiz\keywords\webkeys.py", line 119, in input
    ele = self.__find_ele(lo)
  File "D:\PythonStoreHouse\auto_test_quiz\keywords\webkeys.py", line 94, in __find_ele
    ele = self.driver.find_element('xpath', lo)
  File "D:\Python313\Lib\site-packages\selenium\webdriver\remote\webdriver.py", line 926, in find_element
    return self.execute(Command.FIND_ELEMENT, {"using": by, "value": value})["value"]
           ~~~~~~~~~~~~^^^^^^^^^^^^^^^^^^^^^^^^^^^^^^^^^^^^^^^^^^^^^^^^^^^^^
  File "D:\Python313\Lib\site-packages\selenium\webdriver\remote\webdriver.py", line 458, in execute
    self.error_handler.check_response(response)
    ~~~~~~~~~~~~~~~~~~~~~~~~~~~~~~~~~^^^^^^^^^^
  File "D:\Python313\Lib\site-packages\selenium\webdriver\remote\errorhandler.py", line 232, in check_response
    raise exception_class(message, screen, stacktrace)
selenium.common.exceptions.InvalidSessionIdException: Message: invalid session id: session deleted as the browser has closed the connection
from disconnected: unable to send message to renderer
  (Session info: chrome=139.0.7258.67); For documentation on this error, please visit: https://www.selenium.dev/documentation/webdriver/troubleshooting/errors#invalidsessionidexception
Stacktrace:
	GetHandleVerifier [0x0x7ff65d236b25+79621]
	GetHandleVerifier [0x0x7ff65d236b80+79712]
	(No symbol) [0x0x7ff65cfcc0ea]
	(No symbol) [0x0x7ff65cfb8971]
	(No symbol) [0x0x7ff65cfb88dc]
	(No symbol) [0x0x7ff65cfb706c]
	(No symbol) [0x0x7ff65cfb7d2f]
	(No symbol) [0x0x7ff65cfd1621]
	(No symbol) [0x0x7ff65cfd2117]
	(No symbol) [0x0x7ff65cfd6b0c]
	(No symbol) [0x0x7ff65cfd6bdf]
	(No symbol) [0x0x7ff65d022807]
	(No symbol) [0x0x7ff65d02320c]
	(No symbol) [0x0x7ff65d0765b7]
	(No symbol) [0x0x7ff65d04b17f]
	(No symbol) [0x0x7ff65d0733d0]
	(No symbol) [0x0x7ff65d04af13]
	(No symbol) [0x0x7ff65d014151]
	(No symbol) [0x0x7ff65d014ee3]
	GetHandleVerifier [0x0x7ff65d4f683d+2962461]
	GetHandleVerifier [0x0x7ff65d4f0b5d+2938685]
	GetHandleVerifier [0x0x7ff65d50f71d+3064573]
	GetHandleVerifier [0x0x7ff65d250c6e+186446]
	GetHandleVerifier [0x0x7ff65d258a3f+218655]
	GetHandleVerifier [0x0x7ff65d23f914+115956]
	GetHandleVerifier [0x0x7ff65d23fac9+116393]
	GetHandleVerifier [0x0x7ff65d225ef8+10968]
	BaseThreadInitThunk [0x0x7fff1474259d+29]
	RtlUserThreadStart [0x0x7fff14b4af38+40]

2025-08-17 00:33:21,551 - WARNING - appkeys.py - 48 - 没有找到appium进程
2025-08-17 00:33:21,552 - INFO - appkeys.py - 67 - appium服务正在启动...
2025-08-17 00:38:41,967 - INFO - appkeys.py - 46 - 已经结束appium进程
2025-08-17 00:38:41,967 - INFO - appkeys.py - 67 - appium服务正在启动...
2025-08-17 00:39:45,261 - INFO - appkeys.py - 46 - 已经结束appium进程
2025-08-17 00:39:45,262 - INFO - appkeys.py - 67 - appium服务正在启动...
2025-08-17 01:13:15,208 - INFO - appkeys.py - 46 - 已经结束appium进程
2025-08-17 01:13:15,208 - INFO - appkeys.py - 67 - appium服务正在启动...
2025-08-17 01:13:23,301 - ERROR - test_app_1.py - 94 - missing 1 required keyword-only argument: 'options' (instance of driver `options.Options` class)
Traceback (most recent call last):
  File "D:\PythonStoreHouse\auto_test_quiz\ddt\test_app_1.py", line 74, in test_suite
    res = self.run_step(params)
  File "D:\Python313\Lib\site-packages\allure_commons\_allure.py", line 202, in impl
    return func(*a, **kw)
  File "D:\PythonStoreHouse\auto_test_quiz\ddt\test_app_1.py", line 30, in run_step
    return func(*args[1:])
  File "D:\PythonStoreHouse\auto_test_quiz\keywords\appkeys.py", line 83, in run_app
    self.driver = webdriver.Remote(f"http://127.0.0.1:{self.port}/wd/hub", conf)
                  ~~~~~~~~~~~~~~~~^^^^^^^^^^^^^^^^^^^^^^^^^^^^^^^^^^^^^^^^^^^^^^
  File "D:\Python313\Lib\site-packages\appium\webdriver\webdriver.py", line 238, in __init__
    super().__init__(
    ~~~~~~~~~~~~~~~~^
        command_executor=command_executor,
        ^^^^^^^^^^^^^^^^^^^^^^^^^^^^^^^^^^
    ...<3 lines>...
        client_config=client_config,
        ^^^^^^^^^^^^^^^^^^^^^^^^^^^^
    )
    ^
  File "D:\Python313\Lib\site-packages\selenium\webdriver\remote\webdriver.py", line 233, in __init__
    raise TypeError(
        "missing 1 required keyword-only argument: 'options' (instance of driver `options.Options` class)"
    )
TypeError: missing 1 required keyword-only argument: 'options' (instance of driver `options.Options` class)
2025-08-17 01:18:12,433 - WARNING - appkeys.py - 48 - 没有找到appium进程
2025-08-17 01:18:12,433 - INFO - appkeys.py - 67 - appium服务正在启动...
2025-08-17 01:18:20,496 - ERROR - test_app_1.py - 94 - missing 1 required keyword-only argument: 'options' (instance of driver `options.Options` class)
Traceback (most recent call last):
  File "D:\PythonStoreHouse\auto_test_quiz\ddt\test_app_1.py", line 74, in test_suite
    res = self.run_step(params)
  File "D:\Python313\Lib\site-packages\allure_commons\_allure.py", line 202, in impl
    return func(*a, **kw)
  File "D:\PythonStoreHouse\auto_test_quiz\ddt\test_app_1.py", line 30, in run_step
    return func(*args[1:])
  File "D:\PythonStoreHouse\auto_test_quiz\keywords\appkeys.py", line 83, in run_app
    self.driver = webdriver.Remote(f"http://127.0.0.1:{self.port}/wd/hub", conf)
                  ~~~~~~~~~~~~~~~~^^^^^^^^^^^^^^^^^^^^^^^^^^^^^^^^^^^^^^^^^^^^^^
  File "D:\Python313\Lib\site-packages\appium\webdriver\webdriver.py", line 238, in __init__
    super().__init__(
    ~~~~~~~~~~~~~~~~^
        command_executor=command_executor,
        ^^^^^^^^^^^^^^^^^^^^^^^^^^^^^^^^^^
    ...<3 lines>...
        client_config=client_config,
        ^^^^^^^^^^^^^^^^^^^^^^^^^^^^
    )
    ^
  File "D:\Python313\Lib\site-packages\selenium\webdriver\remote\webdriver.py", line 233, in __init__
    raise TypeError(
        "missing 1 required keyword-only argument: 'options' (instance of driver `options.Options` class)"
    )
TypeError: missing 1 required keyword-only argument: 'options' (instance of driver `options.Options` class)
2025-08-17 01:18:34,172 - WARNING - appkeys.py - 48 - 没有找到appium进程
2025-08-17 01:18:34,173 - INFO - appkeys.py - 67 - appium服务正在启动...
2025-08-17 01:18:42,229 - ERROR - test_app_1.py - 94 - missing 1 required keyword-only argument: 'options' (instance of driver `options.Options` class)
Traceback (most recent call last):
  File "D:\PythonStoreHouse\auto_test_quiz\ddt\test_app_1.py", line 74, in test_suite
    res = self.run_step(params)
  File "D:\Python313\Lib\site-packages\allure_commons\_allure.py", line 202, in impl
    return func(*a, **kw)
  File "D:\PythonStoreHouse\auto_test_quiz\ddt\test_app_1.py", line 30, in run_step
    return func(*args[1:])
  File "D:\PythonStoreHouse\auto_test_quiz\keywords\appkeys.py", line 83, in run_app
    self.driver = webdriver.Remote(f"http://127.0.0.1:{self.port}/wd/hub", conf)
                  ~~~~~~~~~~~~~~~~^^^^^^^^^^^^^^^^^^^^^^^^^^^^^^^^^^^^^^^^^^^^^^
  File "D:\Python313\Lib\site-packages\appium\webdriver\webdriver.py", line 238, in __init__
    super().__init__(
    ~~~~~~~~~~~~~~~~^
        command_executor=command_executor,
        ^^^^^^^^^^^^^^^^^^^^^^^^^^^^^^^^^^
    ...<3 lines>...
        client_config=client_config,
        ^^^^^^^^^^^^^^^^^^^^^^^^^^^^
    )
    ^
  File "D:\Python313\Lib\site-packages\selenium\webdriver\remote\webdriver.py", line 233, in __init__
    raise TypeError(
        "missing 1 required keyword-only argument: 'options' (instance of driver `options.Options` class)"
    )
TypeError: missing 1 required keyword-only argument: 'options' (instance of driver `options.Options` class)
2025-08-17 01:25:22,976 - WARNING - appkeys.py - 48 - 没有找到appium进程
2025-08-17 01:25:22,978 - ERROR - test_app_1.py - 94 - name 'current_dir' is not defined
Traceback (most recent call last):
  File "D:\PythonStoreHouse\auto_test_quiz\ddt\test_app_1.py", line 74, in test_suite
    res = self.run_step(params)
  File "D:\Python313\Lib\site-packages\allure_commons\_allure.py", line 202, in impl
    return func(*a, **kw)
  File "D:\PythonStoreHouse\auto_test_quiz\ddt\test_app_1.py", line 30, in run_step
    return func(*args[1:])
  File "D:\PythonStoreHouse\auto_test_quiz\keywords\appkeys.py", line 58, in run_appium
    chromedriver_path = os.path.join(current_dir, 'lib', 'hromedriver.exe')
                                     ^^^^^^^^^^^
NameError: name 'current_dir' is not defined
2025-08-17 01:25:54,091 - WARNING - appkeys.py - 48 - 没有找到appium进程
2025-08-17 01:25:54,091 - INFO - appkeys.py - 70 - appium服务正在启动...
2025-08-17 01:26:02,161 - ERROR - test_app_1.py - 94 - missing 1 required keyword-only argument: 'options' (instance of driver `options.Options` class)
Traceback (most recent call last):
  File "D:\PythonStoreHouse\auto_test_quiz\ddt\test_app_1.py", line 74, in test_suite
    res = self.run_step(params)
  File "D:\Python313\Lib\site-packages\allure_commons\_allure.py", line 202, in impl
    return func(*a, **kw)
  File "D:\PythonStoreHouse\auto_test_quiz\ddt\test_app_1.py", line 30, in run_step
    return func(*args[1:])
  File "D:\PythonStoreHouse\auto_test_quiz\keywords\appkeys.py", line 86, in run_app
    self.driver = webdriver.Remote(f"http://127.0.0.1:{self.port}/wd/hub", conf)
                  ~~~~~~~~~~~~~~~~^^^^^^^^^^^^^^^^^^^^^^^^^^^^^^^^^^^^^^^^^^^^^^
  File "D:\Python313\Lib\site-packages\appium\webdriver\webdriver.py", line 238, in __init__
    super().__init__(
    ~~~~~~~~~~~~~~~~^
        command_executor=command_executor,
        ^^^^^^^^^^^^^^^^^^^^^^^^^^^^^^^^^^
    ...<3 lines>...
        client_config=client_config,
        ^^^^^^^^^^^^^^^^^^^^^^^^^^^^
    )
    ^
  File "D:\Python313\Lib\site-packages\selenium\webdriver\remote\webdriver.py", line 233, in __init__
    raise TypeError(
        "missing 1 required keyword-only argument: 'options' (instance of driver `options.Options` class)"
    )
TypeError: missing 1 required keyword-only argument: 'options' (instance of driver `options.Options` class)
2025-08-17 01:37:46,049 - WARNING - appkeys.py - 48 - 没有找到appium进程
2025-08-17 01:37:46,050 - INFO - appkeys.py - 67 - appium服务正在启动...
2025-08-17 01:37:54,167 - ERROR - test_app_1.py - 94 - missing 1 required keyword-only argument: 'options' (instance of driver `options.Options` class)
Traceback (most recent call last):
  File "D:\PythonStoreHouse\auto_test_quiz\ddt\test_app_1.py", line 74, in test_suite
    res = self.run_step(params)
  File "D:\Python313\Lib\site-packages\allure_commons\_allure.py", line 202, in impl
    return func(*a, **kw)
  File "D:\PythonStoreHouse\auto_test_quiz\ddt\test_app_1.py", line 30, in run_step
    return func(*args[1:])
  File "D:\PythonStoreHouse\auto_test_quiz\keywords\appkeys.py", line 83, in run_app
    self.driver = webdriver.Remote(f"http://127.0.0.1:{self.port}/wd/hub", conf)
                  ~~~~~~~~~~~~~~~~^^^^^^^^^^^^^^^^^^^^^^^^^^^^^^^^^^^^^^^^^^^^^^
  File "D:\Python313\Lib\site-packages\appium\webdriver\webdriver.py", line 238, in __init__
    super().__init__(
    ~~~~~~~~~~~~~~~~^
        command_executor=command_executor,
        ^^^^^^^^^^^^^^^^^^^^^^^^^^^^^^^^^^
    ...<3 lines>...
        client_config=client_config,
        ^^^^^^^^^^^^^^^^^^^^^^^^^^^^
    )
    ^
  File "D:\Python313\Lib\site-packages\selenium\webdriver\remote\webdriver.py", line 233, in __init__
    raise TypeError(
        "missing 1 required keyword-only argument: 'options' (instance of driver `options.Options` class)"
    )
TypeError: missing 1 required keyword-only argument: 'options' (instance of driver `options.Options` class)
2025-08-17 01:50:21,214 - WARNING - appkeys.py - 49 - 没有找到appium进程
2025-08-17 01:50:21,215 - INFO - appkeys.py - 68 - appium服务正在启动...
2025-08-17 01:50:26,219 - ERROR - test_app_1.py - 94 - 'str' object has no attribute 'get'
Traceback (most recent call last):
  File "D:\PythonStoreHouse\auto_test_quiz\ddt\test_app_1.py", line 74, in test_suite
    res = self.run_step(params)
  File "D:\Python313\Lib\site-packages\allure_commons\_allure.py", line 202, in impl
    return func(*a, **kw)
  File "D:\PythonStoreHouse\auto_test_quiz\ddt\test_app_1.py", line 30, in run_step
    return func(*args[1:])
  File "D:\PythonStoreHouse\auto_test_quiz\keywords\appkeys.py", line 79, in run_app
    os.system('adb connect %s' % conf.get('deviceName'))
                                 ^^^^^^^^
AttributeError: 'str' object has no attribute 'get'
2025-08-17 01:52:25,872 - WARNING - appkeys.py - 49 - 没有找到appium进程
2025-08-17 01:52:25,872 - INFO - appkeys.py - 68 - appium服务正在启动...
2025-08-17 01:52:36,001 - WARNING - connectionpool.py - 868 - Retrying (Retry(total=2, connect=None, read=None, redirect=None, status=None)) after connection broken by 'NewConnectionError('<urllib3.connection.HTTPConnection object at 0x0000029FE04BE510>: Failed to establish a new connection: [WinError 10061] 由于目标计算机积极拒绝，无法连接。')': /wd/hub/session
2025-08-17 01:52:38,034 - WARNING - connectionpool.py - 868 - Retrying (Retry(total=1, connect=None, read=None, redirect=None, status=None)) after connection broken by 'NewConnectionError('<urllib3.connection.HTTPConnection object at 0x0000029FE04E4050>: Failed to establish a new connection: [WinError 10061] 由于目标计算机积极拒绝，无法连接。')': /wd/hub/session
2025-08-17 01:52:40,085 - WARNING - connectionpool.py - 868 - Retrying (Retry(total=0, connect=None, read=None, redirect=None, status=None)) after connection broken by 'NewConnectionError('<urllib3.connection.HTTPConnection object at 0x0000029FE04E5090>: Failed to establish a new connection: [WinError 10061] 由于目标计算机积极拒绝，无法连接。')': /wd/hub/session
2025-08-17 01:52:42,153 - ERROR - test_app_1.py - 94 - HTTPConnectionPool(host='127.0.0.1', port=80): Max retries exceeded with url: /wd/hub/session (Caused by NewConnectionError('<urllib3.connection.HTTPConnection object at 0x0000029FE04E95B0>: Failed to establish a new connection: [WinError 10061] 由于目标计算机积极拒绝，无法连接。'))
Traceback (most recent call last):
  File "D:\Python313\Lib\site-packages\urllib3\connection.py", line 198, in _new_conn
    sock = connection.create_connection(
        (self._dns_host, self.port),
    ...<2 lines>...
        socket_options=self.socket_options,
    )
  File "D:\Python313\Lib\site-packages\urllib3\util\connection.py", line 85, in create_connection
    raise err
  File "D:\Python313\Lib\site-packages\urllib3\util\connection.py", line 73, in create_connection
    sock.connect(sa)
    ~~~~~~~~~~~~^^^^
ConnectionRefusedError: [WinError 10061] 由于目标计算机积极拒绝，无法连接。

The above exception was the direct cause of the following exception:

Traceback (most recent call last):
  File "D:\Python313\Lib\site-packages\urllib3\connectionpool.py", line 787, in urlopen
    response = self._make_request(
        conn,
    ...<10 lines>...
        **response_kw,
    )
  File "D:\Python313\Lib\site-packages\urllib3\connectionpool.py", line 493, in _make_request
    conn.request(
    ~~~~~~~~~~~~^
        method,
        ^^^^^^^
    ...<6 lines>...
        enforce_content_length=enforce_content_length,
        ^^^^^^^^^^^^^^^^^^^^^^^^^^^^^^^^^^^^^^^^^^^^^^
    )
    ^
  File "D:\Python313\Lib\site-packages\urllib3\connection.py", line 494, in request
    self.endheaders()
    ~~~~~~~~~~~~~~~^^
  File "D:\Python313\Lib\http\client.py", line 1333, in endheaders
    self._send_output(message_body, encode_chunked=encode_chunked)
    ~~~~~~~~~~~~~~~~~^^^^^^^^^^^^^^^^^^^^^^^^^^^^^^^^^^^^^^^^^^^^^
  File "D:\Python313\Lib\http\client.py", line 1093, in _send_output
    self.send(msg)
    ~~~~~~~~~^^^^^
  File "D:\Python313\Lib\http\client.py", line 1037, in send
    self.connect()
    ~~~~~~~~~~~~^^
  File "D:\Python313\Lib\site-packages\urllib3\connection.py", line 325, in connect
    self.sock = self._new_conn()
                ~~~~~~~~~~~~~~^^
  File "D:\Python313\Lib\site-packages\urllib3\connection.py", line 213, in _new_conn
    raise NewConnectionError(
        self, f"Failed to establish a new connection: {e}"
    ) from e
urllib3.exceptions.NewConnectionError: <urllib3.connection.HTTPConnection object at 0x0000029FE04E95B0>: Failed to establish a new connection: [WinError 10061] 由于目标计算机积极拒绝，无法连接。

The above exception was the direct cause of the following exception:

Traceback (most recent call last):
  File "D:\PythonStoreHouse\auto_test_quiz\ddt\test_app_1.py", line 74, in test_suite
    res = self.run_step(params)
  File "D:\Python313\Lib\site-packages\allure_commons\_allure.py", line 202, in impl
    return func(*a, **kw)
  File "D:\PythonStoreHouse\auto_test_quiz\ddt\test_app_1.py", line 30, in run_step
    return func(*args[1:])
  File "D:\PythonStoreHouse\auto_test_quiz\keywords\appkeys.py", line 89, in run_app
    self.driver = webdriver.Remote(
                  ~~~~~~~~~~~~~~~~^
        f"http://127.0.0.1:{self.port}/wd/hub",
        ^^^^^^^^^^^^^^^^^^^^^^^^^^^^^^^^^^^^^^^
        options=options  # 使用 options 替代原 conf 字典
        ^^^^^^^^^^^^^^^^^^^^^^^^^^^^^^^^^^^^^^^^^^^^^^^^
    )
    ^
  File "D:\Python313\Lib\site-packages\appium\webdriver\webdriver.py", line 238, in __init__
    super().__init__(
    ~~~~~~~~~~~~~~~~^
        command_executor=command_executor,
        ^^^^^^^^^^^^^^^^^^^^^^^^^^^^^^^^^^
    ...<3 lines>...
        client_config=client_config,
        ^^^^^^^^^^^^^^^^^^^^^^^^^^^^
    )
    ^
  File "D:\Python313\Lib\site-packages\selenium\webdriver\remote\webdriver.py", line 263, in __init__
    self.start_session(capabilities)
    ~~~~~~~~~~~~~~~~~~^^^^^^^^^^^^^^
  File "D:\Python313\Lib\site-packages\appium\webdriver\webdriver.py", line 329, in start_session
    response = self.execute(RemoteCommand.NEW_SESSION, w3c_caps)
  File "D:\Python313\Lib\site-packages\selenium\webdriver\remote\webdriver.py", line 455, in execute
    response = cast(RemoteConnection, self.command_executor).execute(driver_command, params)
  File "D:\Python313\Lib\site-packages\selenium\webdriver\remote\remote_connection.py", line 406, in execute
    return self._request(command_info[0], url, body=data)
           ~~~~~~~~~~~~~^^^^^^^^^^^^^^^^^^^^^^^^^^^^^^^^^
  File "D:\Python313\Lib\site-packages\selenium\webdriver\remote\remote_connection.py", line 430, in _request
    response = self._conn.request(method, url, body=body, headers=headers, timeout=self._client_config.timeout)
  File "D:\Python313\Lib\site-packages\urllib3\_request_methods.py", line 143, in request
    return self.request_encode_body(
           ~~~~~~~~~~~~~~~~~~~~~~~~^
        method, url, fields=fields, headers=headers, **urlopen_kw
        ^^^^^^^^^^^^^^^^^^^^^^^^^^^^^^^^^^^^^^^^^^^^^^^^^^^^^^^^^
    )
    ^
  File "D:\Python313\Lib\site-packages\urllib3\_request_methods.py", line 278, in request_encode_body
    return self.urlopen(method, url, **extra_kw)
           ~~~~~~~~~~~~^^^^^^^^^^^^^^^^^^^^^^^^^
  File "D:\Python313\Lib\site-packages\urllib3\poolmanager.py", line 459, in urlopen
    response = conn.urlopen(method, u.request_uri, **kw)
  File "D:\Python313\Lib\site-packages\urllib3\connectionpool.py", line 871, in urlopen
    return self.urlopen(
           ~~~~~~~~~~~~^
        method,
        ^^^^^^^
    ...<13 lines>...
        **response_kw,
        ^^^^^^^^^^^^^^
    )
    ^
  File "D:\Python313\Lib\site-packages\urllib3\connectionpool.py", line 871, in urlopen
    return self.urlopen(
           ~~~~~~~~~~~~^
        method,
        ^^^^^^^
    ...<13 lines>...
        **response_kw,
        ^^^^^^^^^^^^^^
    )
    ^
  File "D:\Python313\Lib\site-packages\urllib3\connectionpool.py", line 871, in urlopen
    return self.urlopen(
           ~~~~~~~~~~~~^
        method,
        ^^^^^^^
    ...<13 lines>...
        **response_kw,
        ^^^^^^^^^^^^^^
    )
    ^
  File "D:\Python313\Lib\site-packages\urllib3\connectionpool.py", line 841, in urlopen
    retries = retries.increment(
        method, url, error=new_e, _pool=self, _stacktrace=sys.exc_info()[2]
    )
  File "D:\Python313\Lib\site-packages\urllib3\util\retry.py", line 519, in increment
    raise MaxRetryError(_pool, url, reason) from reason  # type: ignore[arg-type]
    ^^^^^^^^^^^^^^^^^^^^^^^^^^^^^^^^^^^^^^^^^^^^^^^^^^^
urllib3.exceptions.MaxRetryError: HTTPConnectionPool(host='127.0.0.1', port=80): Max retries exceeded with url: /wd/hub/session (Caused by NewConnectionError('<urllib3.connection.HTTPConnection object at 0x0000029FE04E95B0>: Failed to establish a new connection: [WinError 10061] 由于目标计算机积极拒绝，无法连接。'))
2025-08-17 01:57:53,713 - WARNING - appkeys.py - 49 - 没有找到appium进程
2025-08-17 01:57:53,713 - INFO - appkeys.py - 68 - appium服务正在启动...
2025-08-17 01:58:03,843 - WARNING - connectionpool.py - 868 - Retrying (Retry(total=2, connect=None, read=None, redirect=None, status=None)) after connection broken by 'NewConnectionError('<urllib3.connection.HTTPConnection object at 0x000001BFF541A510>: Failed to establish a new connection: [WinError 10061] 由于目标计算机积极拒绝，无法连接。')': /wd/hub/session
2025-08-17 01:58:05,877 - WARNING - connectionpool.py - 868 - Retrying (Retry(total=1, connect=None, read=None, redirect=None, status=None)) after connection broken by 'NewConnectionError('<urllib3.connection.HTTPConnection object at 0x000001BFF5440050>: Failed to establish a new connection: [WinError 10061] 由于目标计算机积极拒绝，无法连接。')': /wd/hub/session
2025-08-17 01:58:07,929 - WARNING - connectionpool.py - 868 - Retrying (Retry(total=0, connect=None, read=None, redirect=None, status=None)) after connection broken by 'NewConnectionError('<urllib3.connection.HTTPConnection object at 0x000001BFF5440F50>: Failed to establish a new connection: [WinError 10061] 由于目标计算机积极拒绝，无法连接。')': /wd/hub/session
2025-08-17 01:58:09,974 - ERROR - test_app_1.py - 94 - HTTPConnectionPool(host='127.0.0.1', port=80): Max retries exceeded with url: /wd/hub/session (Caused by NewConnectionError('<urllib3.connection.HTTPConnection object at 0x000001BFF5445480>: Failed to establish a new connection: [WinError 10061] 由于目标计算机积极拒绝，无法连接。'))
Traceback (most recent call last):
  File "D:\Python313\Lib\site-packages\urllib3\connection.py", line 198, in _new_conn
    sock = connection.create_connection(
        (self._dns_host, self.port),
    ...<2 lines>...
        socket_options=self.socket_options,
    )
  File "D:\Python313\Lib\site-packages\urllib3\util\connection.py", line 85, in create_connection
    raise err
  File "D:\Python313\Lib\site-packages\urllib3\util\connection.py", line 73, in create_connection
    sock.connect(sa)
    ~~~~~~~~~~~~^^^^
ConnectionRefusedError: [WinError 10061] 由于目标计算机积极拒绝，无法连接。

The above exception was the direct cause of the following exception:

Traceback (most recent call last):
  File "D:\Python313\Lib\site-packages\urllib3\connectionpool.py", line 787, in urlopen
    response = self._make_request(
        conn,
    ...<10 lines>...
        **response_kw,
    )
  File "D:\Python313\Lib\site-packages\urllib3\connectionpool.py", line 493, in _make_request
    conn.request(
    ~~~~~~~~~~~~^
        method,
        ^^^^^^^
    ...<6 lines>...
        enforce_content_length=enforce_content_length,
        ^^^^^^^^^^^^^^^^^^^^^^^^^^^^^^^^^^^^^^^^^^^^^^
    )
    ^
  File "D:\Python313\Lib\site-packages\urllib3\connection.py", line 494, in request
    self.endheaders()
    ~~~~~~~~~~~~~~~^^
  File "D:\Python313\Lib\http\client.py", line 1333, in endheaders
    self._send_output(message_body, encode_chunked=encode_chunked)
    ~~~~~~~~~~~~~~~~~^^^^^^^^^^^^^^^^^^^^^^^^^^^^^^^^^^^^^^^^^^^^^
  File "D:\Python313\Lib\http\client.py", line 1093, in _send_output
    self.send(msg)
    ~~~~~~~~~^^^^^
  File "D:\Python313\Lib\http\client.py", line 1037, in send
    self.connect()
    ~~~~~~~~~~~~^^
  File "D:\Python313\Lib\site-packages\urllib3\connection.py", line 325, in connect
    self.sock = self._new_conn()
                ~~~~~~~~~~~~~~^^
  File "D:\Python313\Lib\site-packages\urllib3\connection.py", line 213, in _new_conn
    raise NewConnectionError(
        self, f"Failed to establish a new connection: {e}"
    ) from e
urllib3.exceptions.NewConnectionError: <urllib3.connection.HTTPConnection object at 0x000001BFF5445480>: Failed to establish a new connection: [WinError 10061] 由于目标计算机积极拒绝，无法连接。

The above exception was the direct cause of the following exception:

Traceback (most recent call last):
  File "D:\PythonStoreHouse\auto_test_quiz\ddt\test_app_1.py", line 74, in test_suite
    res = self.run_step(params)
  File "D:\Python313\Lib\site-packages\allure_commons\_allure.py", line 202, in impl
    return func(*a, **kw)
  File "D:\PythonStoreHouse\auto_test_quiz\ddt\test_app_1.py", line 30, in run_step
    return func(*args[1:])
  File "D:\PythonStoreHouse\auto_test_quiz\keywords\appkeys.py", line 89, in run_app
    self.driver = webdriver.Remote(
                  ~~~~~~~~~~~~~~~~^
        f"http://127.0.0.1:{self.port}/wd/hub",
        ^^^^^^^^^^^^^^^^^^^^^^^^^^^^^^^^^^^^^^^
        options=options  # 使用 options 替代原 conf 字典
        ^^^^^^^^^^^^^^^^^^^^^^^^^^^^^^^^^^^^^^^^^^^^^^^^
    )
    ^
  File "D:\Python313\Lib\site-packages\appium\webdriver\webdriver.py", line 238, in __init__
    super().__init__(
    ~~~~~~~~~~~~~~~~^
        command_executor=command_executor,
        ^^^^^^^^^^^^^^^^^^^^^^^^^^^^^^^^^^
    ...<3 lines>...
        client_config=client_config,
        ^^^^^^^^^^^^^^^^^^^^^^^^^^^^
    )
    ^
  File "D:\Python313\Lib\site-packages\selenium\webdriver\remote\webdriver.py", line 263, in __init__
    self.start_session(capabilities)
    ~~~~~~~~~~~~~~~~~~^^^^^^^^^^^^^^
  File "D:\Python313\Lib\site-packages\appium\webdriver\webdriver.py", line 329, in start_session
    response = self.execute(RemoteCommand.NEW_SESSION, w3c_caps)
  File "D:\Python313\Lib\site-packages\selenium\webdriver\remote\webdriver.py", line 455, in execute
    response = cast(RemoteConnection, self.command_executor).execute(driver_command, params)
  File "D:\Python313\Lib\site-packages\selenium\webdriver\remote\remote_connection.py", line 406, in execute
    return self._request(command_info[0], url, body=data)
           ~~~~~~~~~~~~~^^^^^^^^^^^^^^^^^^^^^^^^^^^^^^^^^
  File "D:\Python313\Lib\site-packages\selenium\webdriver\remote\remote_connection.py", line 430, in _request
    response = self._conn.request(method, url, body=body, headers=headers, timeout=self._client_config.timeout)
  File "D:\Python313\Lib\site-packages\urllib3\_request_methods.py", line 143, in request
    return self.request_encode_body(
           ~~~~~~~~~~~~~~~~~~~~~~~~^
        method, url, fields=fields, headers=headers, **urlopen_kw
        ^^^^^^^^^^^^^^^^^^^^^^^^^^^^^^^^^^^^^^^^^^^^^^^^^^^^^^^^^
    )
    ^
  File "D:\Python313\Lib\site-packages\urllib3\_request_methods.py", line 278, in request_encode_body
    return self.urlopen(method, url, **extra_kw)
           ~~~~~~~~~~~~^^^^^^^^^^^^^^^^^^^^^^^^^
  File "D:\Python313\Lib\site-packages\urllib3\poolmanager.py", line 459, in urlopen
    response = conn.urlopen(method, u.request_uri, **kw)
  File "D:\Python313\Lib\site-packages\urllib3\connectionpool.py", line 871, in urlopen
    return self.urlopen(
           ~~~~~~~~~~~~^
        method,
        ^^^^^^^
    ...<13 lines>...
        **response_kw,
        ^^^^^^^^^^^^^^
    )
    ^
  File "D:\Python313\Lib\site-packages\urllib3\connectionpool.py", line 871, in urlopen
    return self.urlopen(
           ~~~~~~~~~~~~^
        method,
        ^^^^^^^
    ...<13 lines>...
        **response_kw,
        ^^^^^^^^^^^^^^
    )
    ^
  File "D:\Python313\Lib\site-packages\urllib3\connectionpool.py", line 871, in urlopen
    return self.urlopen(
           ~~~~~~~~~~~~^
        method,
        ^^^^^^^
    ...<13 lines>...
        **response_kw,
        ^^^^^^^^^^^^^^
    )
    ^
  File "D:\Python313\Lib\site-packages\urllib3\connectionpool.py", line 841, in urlopen
    retries = retries.increment(
        method, url, error=new_e, _pool=self, _stacktrace=sys.exc_info()[2]
    )
  File "D:\Python313\Lib\site-packages\urllib3\util\retry.py", line 519, in increment
    raise MaxRetryError(_pool, url, reason) from reason  # type: ignore[arg-type]
    ^^^^^^^^^^^^^^^^^^^^^^^^^^^^^^^^^^^^^^^^^^^^^^^^^^^
urllib3.exceptions.MaxRetryError: HTTPConnectionPool(host='127.0.0.1', port=80): Max retries exceeded with url: /wd/hub/session (Caused by NewConnectionError('<urllib3.connection.HTTPConnection object at 0x000001BFF5445480>: Failed to establish a new connection: [WinError 10061] 由于目标计算机积极拒绝，无法连接。'))
2025-08-17 01:58:51,227 - WARNING - appkeys.py - 49 - 没有找到appium进程
2025-08-17 01:58:51,227 - INFO - appkeys.py - 68 - appium服务正在启动...
2025-08-17 01:59:01,340 - WARNING - connectionpool.py - 868 - Retrying (Retry(total=2, connect=None, read=None, redirect=None, status=None)) after connection broken by 'NewConnectionError('<urllib3.connection.HTTPConnection object at 0x000001997F9CA510>: Failed to establish a new connection: [WinError 10061] 由于目标计算机积极拒绝，无法连接。')': /wd/hub/session
2025-08-17 01:59:03,389 - WARNING - connectionpool.py - 868 - Retrying (Retry(total=1, connect=None, read=None, redirect=None, status=None)) after connection broken by 'NewConnectionError('<urllib3.connection.HTTPConnection object at 0x000001997F9F4050>: Failed to establish a new connection: [WinError 10061] 由于目标计算机积极拒绝，无法连接。')': /wd/hub/session
2025-08-17 01:59:05,435 - WARNING - connectionpool.py - 868 - Retrying (Retry(total=0, connect=None, read=None, redirect=None, status=None)) after connection broken by 'NewConnectionError('<urllib3.connection.HTTPConnection object at 0x000001997F9F4F50>: Failed to establish a new connection: [WinError 10061] 由于目标计算机积极拒绝，无法连接。')': /wd/hub/session
2025-08-17 01:59:07,495 - ERROR - test_app_1.py - 94 - HTTPConnectionPool(host='127.0.0.1', port=80): Max retries exceeded with url: /wd/hub/session (Caused by NewConnectionError('<urllib3.connection.HTTPConnection object at 0x000001997F9F9480>: Failed to establish a new connection: [WinError 10061] 由于目标计算机积极拒绝，无法连接。'))
Traceback (most recent call last):
  File "D:\Python313\Lib\site-packages\urllib3\connection.py", line 198, in _new_conn
    sock = connection.create_connection(
        (self._dns_host, self.port),
    ...<2 lines>...
        socket_options=self.socket_options,
    )
  File "D:\Python313\Lib\site-packages\urllib3\util\connection.py", line 85, in create_connection
    raise err
  File "D:\Python313\Lib\site-packages\urllib3\util\connection.py", line 73, in create_connection
    sock.connect(sa)
    ~~~~~~~~~~~~^^^^
ConnectionRefusedError: [WinError 10061] 由于目标计算机积极拒绝，无法连接。

The above exception was the direct cause of the following exception:

Traceback (most recent call last):
  File "D:\Python313\Lib\site-packages\urllib3\connectionpool.py", line 787, in urlopen
    response = self._make_request(
        conn,
    ...<10 lines>...
        **response_kw,
    )
  File "D:\Python313\Lib\site-packages\urllib3\connectionpool.py", line 493, in _make_request
    conn.request(
    ~~~~~~~~~~~~^
        method,
        ^^^^^^^
    ...<6 lines>...
        enforce_content_length=enforce_content_length,
        ^^^^^^^^^^^^^^^^^^^^^^^^^^^^^^^^^^^^^^^^^^^^^^
    )
    ^
  File "D:\Python313\Lib\site-packages\urllib3\connection.py", line 494, in request
    self.endheaders()
    ~~~~~~~~~~~~~~~^^
  File "D:\Python313\Lib\http\client.py", line 1333, in endheaders
    self._send_output(message_body, encode_chunked=encode_chunked)
    ~~~~~~~~~~~~~~~~~^^^^^^^^^^^^^^^^^^^^^^^^^^^^^^^^^^^^^^^^^^^^^
  File "D:\Python313\Lib\http\client.py", line 1093, in _send_output
    self.send(msg)
    ~~~~~~~~~^^^^^
  File "D:\Python313\Lib\http\client.py", line 1037, in send
    self.connect()
    ~~~~~~~~~~~~^^
  File "D:\Python313\Lib\site-packages\urllib3\connection.py", line 325, in connect
    self.sock = self._new_conn()
                ~~~~~~~~~~~~~~^^
  File "D:\Python313\Lib\site-packages\urllib3\connection.py", line 213, in _new_conn
    raise NewConnectionError(
        self, f"Failed to establish a new connection: {e}"
    ) from e
urllib3.exceptions.NewConnectionError: <urllib3.connection.HTTPConnection object at 0x000001997F9F9480>: Failed to establish a new connection: [WinError 10061] 由于目标计算机积极拒绝，无法连接。

The above exception was the direct cause of the following exception:

Traceback (most recent call last):
  File "D:\PythonStoreHouse\auto_test_quiz\ddt\test_app_1.py", line 74, in test_suite
    res = self.run_step(params)
  File "D:\Python313\Lib\site-packages\allure_commons\_allure.py", line 202, in impl
    return func(*a, **kw)
  File "D:\PythonStoreHouse\auto_test_quiz\ddt\test_app_1.py", line 30, in run_step
    return func(*args[1:])
  File "D:\PythonStoreHouse\auto_test_quiz\keywords\appkeys.py", line 89, in run_app
    self.driver = webdriver.Remote(
                  ~~~~~~~~~~~~~~~~^
        f"http://127.0.0.1:{self.port}/wd/hub",
        ^^^^^^^^^^^^^^^^^^^^^^^^^^^^^^^^^^^^^^^
        options=options  # 使用 options 替代原 conf 字典
        ^^^^^^^^^^^^^^^^^^^^^^^^^^^^^^^^^^^^^^^^^^^^^^^^
    )
    ^
  File "D:\Python313\Lib\site-packages\appium\webdriver\webdriver.py", line 238, in __init__
    super().__init__(
    ~~~~~~~~~~~~~~~~^
        command_executor=command_executor,
        ^^^^^^^^^^^^^^^^^^^^^^^^^^^^^^^^^^
    ...<3 lines>...
        client_config=client_config,
        ^^^^^^^^^^^^^^^^^^^^^^^^^^^^
    )
    ^
  File "D:\Python313\Lib\site-packages\selenium\webdriver\remote\webdriver.py", line 263, in __init__
    self.start_session(capabilities)
    ~~~~~~~~~~~~~~~~~~^^^^^^^^^^^^^^
  File "D:\Python313\Lib\site-packages\appium\webdriver\webdriver.py", line 329, in start_session
    response = self.execute(RemoteCommand.NEW_SESSION, w3c_caps)
  File "D:\Python313\Lib\site-packages\selenium\webdriver\remote\webdriver.py", line 455, in execute
    response = cast(RemoteConnection, self.command_executor).execute(driver_command, params)
  File "D:\Python313\Lib\site-packages\selenium\webdriver\remote\remote_connection.py", line 406, in execute
    return self._request(command_info[0], url, body=data)
           ~~~~~~~~~~~~~^^^^^^^^^^^^^^^^^^^^^^^^^^^^^^^^^
  File "D:\Python313\Lib\site-packages\selenium\webdriver\remote\remote_connection.py", line 430, in _request
    response = self._conn.request(method, url, body=body, headers=headers, timeout=self._client_config.timeout)
  File "D:\Python313\Lib\site-packages\urllib3\_request_methods.py", line 143, in request
    return self.request_encode_body(
           ~~~~~~~~~~~~~~~~~~~~~~~~^
        method, url, fields=fields, headers=headers, **urlopen_kw
        ^^^^^^^^^^^^^^^^^^^^^^^^^^^^^^^^^^^^^^^^^^^^^^^^^^^^^^^^^
    )
    ^
  File "D:\Python313\Lib\site-packages\urllib3\_request_methods.py", line 278, in request_encode_body
    return self.urlopen(method, url, **extra_kw)
           ~~~~~~~~~~~~^^^^^^^^^^^^^^^^^^^^^^^^^
  File "D:\Python313\Lib\site-packages\urllib3\poolmanager.py", line 459, in urlopen
    response = conn.urlopen(method, u.request_uri, **kw)
  File "D:\Python313\Lib\site-packages\urllib3\connectionpool.py", line 871, in urlopen
    return self.urlopen(
           ~~~~~~~~~~~~^
        method,
        ^^^^^^^
    ...<13 lines>...
        **response_kw,
        ^^^^^^^^^^^^^^
    )
    ^
  File "D:\Python313\Lib\site-packages\urllib3\connectionpool.py", line 871, in urlopen
    return self.urlopen(
           ~~~~~~~~~~~~^
        method,
        ^^^^^^^
    ...<13 lines>...
        **response_kw,
        ^^^^^^^^^^^^^^
    )
    ^
  File "D:\Python313\Lib\site-packages\urllib3\connectionpool.py", line 871, in urlopen
    return self.urlopen(
           ~~~~~~~~~~~~^
        method,
        ^^^^^^^
    ...<13 lines>...
        **response_kw,
        ^^^^^^^^^^^^^^
    )
    ^
  File "D:\Python313\Lib\site-packages\urllib3\connectionpool.py", line 841, in urlopen
    retries = retries.increment(
        method, url, error=new_e, _pool=self, _stacktrace=sys.exc_info()[2]
    )
  File "D:\Python313\Lib\site-packages\urllib3\util\retry.py", line 519, in increment
    raise MaxRetryError(_pool, url, reason) from reason  # type: ignore[arg-type]
    ^^^^^^^^^^^^^^^^^^^^^^^^^^^^^^^^^^^^^^^^^^^^^^^^^^^
urllib3.exceptions.MaxRetryError: HTTPConnectionPool(host='127.0.0.1', port=80): Max retries exceeded with url: /wd/hub/session (Caused by NewConnectionError('<urllib3.connection.HTTPConnection object at 0x000001997F9F9480>: Failed to establish a new connection: [WinError 10061] 由于目标计算机积极拒绝，无法连接。'))
2025-08-17 02:00:45,116 - WARNING - appkeys.py - 49 - 没有找到appium进程
2025-08-17 02:00:45,116 - INFO - appkeys.py - 68 - appium服务正在启动...
2025-08-17 02:00:52,352 - WARNING - connectionpool.py - 868 - Retrying (Retry(total=2, connect=None, read=None, redirect=None, status=None)) after connection broken by 'NewConnectionError('<urllib3.connection.HTTPConnection object at 0x00000238C9732510>: Failed to establish a new connection: [WinError 10061] 由于目标计算机积极拒绝，无法连接。')': /wd/hub/session
2025-08-17 02:00:54,398 - WARNING - connectionpool.py - 868 - Retrying (Retry(total=1, connect=None, read=None, redirect=None, status=None)) after connection broken by 'NewConnectionError('<urllib3.connection.HTTPConnection object at 0x00000238C9750050>: Failed to establish a new connection: [WinError 10061] 由于目标计算机积极拒绝，无法连接。')': /wd/hub/session
2025-08-17 02:00:56,439 - WARNING - connectionpool.py - 868 - Retrying (Retry(total=0, connect=None, read=None, redirect=None, status=None)) after connection broken by 'NewConnectionError('<urllib3.connection.HTTPConnection object at 0x00000238C9751090>: Failed to establish a new connection: [WinError 10061] 由于目标计算机积极拒绝，无法连接。')': /wd/hub/session
2025-08-17 02:00:58,500 - ERROR - test_app_1.py - 94 - HTTPConnectionPool(host='127.0.0.1', port=80): Max retries exceeded with url: /wd/hub/session (Caused by NewConnectionError('<urllib3.connection.HTTPConnection object at 0x00000238C9755480>: Failed to establish a new connection: [WinError 10061] 由于目标计算机积极拒绝，无法连接。'))
Traceback (most recent call last):
  File "D:\Python313\Lib\site-packages\urllib3\connection.py", line 198, in _new_conn
    sock = connection.create_connection(
        (self._dns_host, self.port),
    ...<2 lines>...
        socket_options=self.socket_options,
    )
  File "D:\Python313\Lib\site-packages\urllib3\util\connection.py", line 85, in create_connection
    raise err
  File "D:\Python313\Lib\site-packages\urllib3\util\connection.py", line 73, in create_connection
    sock.connect(sa)
    ~~~~~~~~~~~~^^^^
ConnectionRefusedError: [WinError 10061] 由于目标计算机积极拒绝，无法连接。

The above exception was the direct cause of the following exception:

Traceback (most recent call last):
  File "D:\Python313\Lib\site-packages\urllib3\connectionpool.py", line 787, in urlopen
    response = self._make_request(
        conn,
    ...<10 lines>...
        **response_kw,
    )
  File "D:\Python313\Lib\site-packages\urllib3\connectionpool.py", line 493, in _make_request
    conn.request(
    ~~~~~~~~~~~~^
        method,
        ^^^^^^^
    ...<6 lines>...
        enforce_content_length=enforce_content_length,
        ^^^^^^^^^^^^^^^^^^^^^^^^^^^^^^^^^^^^^^^^^^^^^^
    )
    ^
  File "D:\Python313\Lib\site-packages\urllib3\connection.py", line 494, in request
    self.endheaders()
    ~~~~~~~~~~~~~~~^^
  File "D:\Python313\Lib\http\client.py", line 1333, in endheaders
    self._send_output(message_body, encode_chunked=encode_chunked)
    ~~~~~~~~~~~~~~~~~^^^^^^^^^^^^^^^^^^^^^^^^^^^^^^^^^^^^^^^^^^^^^
  File "D:\Python313\Lib\http\client.py", line 1093, in _send_output
    self.send(msg)
    ~~~~~~~~~^^^^^
  File "D:\Python313\Lib\http\client.py", line 1037, in send
    self.connect()
    ~~~~~~~~~~~~^^
  File "D:\Python313\Lib\site-packages\urllib3\connection.py", line 325, in connect
    self.sock = self._new_conn()
                ~~~~~~~~~~~~~~^^
  File "D:\Python313\Lib\site-packages\urllib3\connection.py", line 213, in _new_conn
    raise NewConnectionError(
        self, f"Failed to establish a new connection: {e}"
    ) from e
urllib3.exceptions.NewConnectionError: <urllib3.connection.HTTPConnection object at 0x00000238C9755480>: Failed to establish a new connection: [WinError 10061] 由于目标计算机积极拒绝，无法连接。

The above exception was the direct cause of the following exception:

Traceback (most recent call last):
  File "D:\PythonStoreHouse\auto_test_quiz\ddt\test_app_1.py", line 74, in test_suite
    res = self.run_step(params)
  File "D:\Python313\Lib\site-packages\allure_commons\_allure.py", line 202, in impl
    return func(*a, **kw)
  File "D:\PythonStoreHouse\auto_test_quiz\ddt\test_app_1.py", line 30, in run_step
    return func(*args[1:])
  File "D:\PythonStoreHouse\auto_test_quiz\keywords\appkeys.py", line 89, in run_app
    self.driver = webdriver.Remote(
                  ~~~~~~~~~~~~~~~~^
        f"http://127.0.0.1:{self.port}/wd/hub",
        ^^^^^^^^^^^^^^^^^^^^^^^^^^^^^^^^^^^^^^^
        options=options  # 使用 options 替代原 conf 字典
        ^^^^^^^^^^^^^^^^^^^^^^^^^^^^^^^^^^^^^^^^^^^^^^^^
    )
    ^
  File "D:\Python313\Lib\site-packages\appium\webdriver\webdriver.py", line 238, in __init__
    super().__init__(
    ~~~~~~~~~~~~~~~~^
        command_executor=command_executor,
        ^^^^^^^^^^^^^^^^^^^^^^^^^^^^^^^^^^
    ...<3 lines>...
        client_config=client_config,
        ^^^^^^^^^^^^^^^^^^^^^^^^^^^^
    )
    ^
  File "D:\Python313\Lib\site-packages\selenium\webdriver\remote\webdriver.py", line 263, in __init__
    self.start_session(capabilities)
    ~~~~~~~~~~~~~~~~~~^^^^^^^^^^^^^^
  File "D:\Python313\Lib\site-packages\appium\webdriver\webdriver.py", line 329, in start_session
    response = self.execute(RemoteCommand.NEW_SESSION, w3c_caps)
  File "D:\Python313\Lib\site-packages\selenium\webdriver\remote\webdriver.py", line 455, in execute
    response = cast(RemoteConnection, self.command_executor).execute(driver_command, params)
  File "D:\Python313\Lib\site-packages\selenium\webdriver\remote\remote_connection.py", line 406, in execute
    return self._request(command_info[0], url, body=data)
           ~~~~~~~~~~~~~^^^^^^^^^^^^^^^^^^^^^^^^^^^^^^^^^
  File "D:\Python313\Lib\site-packages\selenium\webdriver\remote\remote_connection.py", line 430, in _request
    response = self._conn.request(method, url, body=body, headers=headers, timeout=self._client_config.timeout)
  File "D:\Python313\Lib\site-packages\urllib3\_request_methods.py", line 143, in request
    return self.request_encode_body(
           ~~~~~~~~~~~~~~~~~~~~~~~~^
        method, url, fields=fields, headers=headers, **urlopen_kw
        ^^^^^^^^^^^^^^^^^^^^^^^^^^^^^^^^^^^^^^^^^^^^^^^^^^^^^^^^^
    )
    ^
  File "D:\Python313\Lib\site-packages\urllib3\_request_methods.py", line 278, in request_encode_body
    return self.urlopen(method, url, **extra_kw)
           ~~~~~~~~~~~~^^^^^^^^^^^^^^^^^^^^^^^^^
  File "D:\Python313\Lib\site-packages\urllib3\poolmanager.py", line 459, in urlopen
    response = conn.urlopen(method, u.request_uri, **kw)
  File "D:\Python313\Lib\site-packages\urllib3\connectionpool.py", line 871, in urlopen
    return self.urlopen(
           ~~~~~~~~~~~~^
        method,
        ^^^^^^^
    ...<13 lines>...
        **response_kw,
        ^^^^^^^^^^^^^^
    )
    ^
  File "D:\Python313\Lib\site-packages\urllib3\connectionpool.py", line 871, in urlopen
    return self.urlopen(
           ~~~~~~~~~~~~^
        method,
        ^^^^^^^
    ...<13 lines>...
        **response_kw,
        ^^^^^^^^^^^^^^
    )
    ^
  File "D:\Python313\Lib\site-packages\urllib3\connectionpool.py", line 871, in urlopen
    return self.urlopen(
           ~~~~~~~~~~~~^
        method,
        ^^^^^^^
    ...<13 lines>...
        **response_kw,
        ^^^^^^^^^^^^^^
    )
    ^
  File "D:\Python313\Lib\site-packages\urllib3\connectionpool.py", line 841, in urlopen
    retries = retries.increment(
        method, url, error=new_e, _pool=self, _stacktrace=sys.exc_info()[2]
    )
  File "D:\Python313\Lib\site-packages\urllib3\util\retry.py", line 519, in increment
    raise MaxRetryError(_pool, url, reason) from reason  # type: ignore[arg-type]
    ^^^^^^^^^^^^^^^^^^^^^^^^^^^^^^^^^^^^^^^^^^^^^^^^^^^
urllib3.exceptions.MaxRetryError: HTTPConnectionPool(host='127.0.0.1', port=80): Max retries exceeded with url: /wd/hub/session (Caused by NewConnectionError('<urllib3.connection.HTTPConnection object at 0x00000238C9755480>: Failed to establish a new connection: [WinError 10061] 由于目标计算机积极拒绝，无法连接。'))
2025-08-17 02:04:17,266 - WARNING - appkeys.py - 49 - 没有找到appium进程
2025-08-17 02:04:17,266 - INFO - appkeys.py - 70 - appium服务正在启动...
2025-08-17 02:04:24,509 - WARNING - connectionpool.py - 868 - Retrying (Retry(total=2, connect=None, read=None, redirect=None, status=None)) after connection broken by 'NewConnectionError('<urllib3.connection.HTTPConnection object at 0x0000022DE99FA510>: Failed to establish a new connection: [WinError 10061] 由于目标计算机积极拒绝，无法连接。')': /wd/hub/session
2025-08-17 02:04:26,563 - WARNING - connectionpool.py - 868 - Retrying (Retry(total=1, connect=None, read=None, redirect=None, status=None)) after connection broken by 'NewConnectionError('<urllib3.connection.HTTPConnection object at 0x0000022DE9A20050>: Failed to establish a new connection: [WinError 10061] 由于目标计算机积极拒绝，无法连接。')': /wd/hub/session
2025-08-17 02:04:28,605 - WARNING - connectionpool.py - 868 - Retrying (Retry(total=0, connect=None, read=None, redirect=None, status=None)) after connection broken by 'NewConnectionError('<urllib3.connection.HTTPConnection object at 0x0000022DE9A21090>: Failed to establish a new connection: [WinError 10061] 由于目标计算机积极拒绝，无法连接。')': /wd/hub/session
2025-08-17 02:04:30,666 - ERROR - test_app_1.py - 94 - HTTPConnectionPool(host='127.0.0.1', port=4723): Max retries exceeded with url: /wd/hub/session (Caused by NewConnectionError('<urllib3.connection.HTTPConnection object at 0x0000022DE9A255B0>: Failed to establish a new connection: [WinError 10061] 由于目标计算机积极拒绝，无法连接。'))
Traceback (most recent call last):
  File "D:\Python313\Lib\site-packages\urllib3\connection.py", line 198, in _new_conn
    sock = connection.create_connection(
        (self._dns_host, self.port),
    ...<2 lines>...
        socket_options=self.socket_options,
    )
  File "D:\Python313\Lib\site-packages\urllib3\util\connection.py", line 85, in create_connection
    raise err
  File "D:\Python313\Lib\site-packages\urllib3\util\connection.py", line 73, in create_connection
    sock.connect(sa)
    ~~~~~~~~~~~~^^^^
ConnectionRefusedError: [WinError 10061] 由于目标计算机积极拒绝，无法连接。

The above exception was the direct cause of the following exception:

Traceback (most recent call last):
  File "D:\Python313\Lib\site-packages\urllib3\connectionpool.py", line 787, in urlopen
    response = self._make_request(
        conn,
    ...<10 lines>...
        **response_kw,
    )
  File "D:\Python313\Lib\site-packages\urllib3\connectionpool.py", line 493, in _make_request
    conn.request(
    ~~~~~~~~~~~~^
        method,
        ^^^^^^^
    ...<6 lines>...
        enforce_content_length=enforce_content_length,
        ^^^^^^^^^^^^^^^^^^^^^^^^^^^^^^^^^^^^^^^^^^^^^^
    )
    ^
  File "D:\Python313\Lib\site-packages\urllib3\connection.py", line 494, in request
    self.endheaders()
    ~~~~~~~~~~~~~~~^^
  File "D:\Python313\Lib\http\client.py", line 1333, in endheaders
    self._send_output(message_body, encode_chunked=encode_chunked)
    ~~~~~~~~~~~~~~~~~^^^^^^^^^^^^^^^^^^^^^^^^^^^^^^^^^^^^^^^^^^^^^
  File "D:\Python313\Lib\http\client.py", line 1093, in _send_output
    self.send(msg)
    ~~~~~~~~~^^^^^
  File "D:\Python313\Lib\http\client.py", line 1037, in send
    self.connect()
    ~~~~~~~~~~~~^^
  File "D:\Python313\Lib\site-packages\urllib3\connection.py", line 325, in connect
    self.sock = self._new_conn()
                ~~~~~~~~~~~~~~^^
  File "D:\Python313\Lib\site-packages\urllib3\connection.py", line 213, in _new_conn
    raise NewConnectionError(
        self, f"Failed to establish a new connection: {e}"
    ) from e
urllib3.exceptions.NewConnectionError: <urllib3.connection.HTTPConnection object at 0x0000022DE9A255B0>: Failed to establish a new connection: [WinError 10061] 由于目标计算机积极拒绝，无法连接。

The above exception was the direct cause of the following exception:

Traceback (most recent call last):
  File "D:\PythonStoreHouse\auto_test_quiz\ddt\test_app_1.py", line 74, in test_suite
    res = self.run_step(params)
  File "D:\Python313\Lib\site-packages\allure_commons\_allure.py", line 202, in impl
    return func(*a, **kw)
  File "D:\PythonStoreHouse\auto_test_quiz\ddt\test_app_1.py", line 30, in run_step
    return func(*args[1:])
  File "D:\PythonStoreHouse\auto_test_quiz\keywords\appkeys.py", line 91, in run_app
    self.driver = webdriver.Remote(
                  ~~~~~~~~~~~~~~~~^
        f"http://127.0.0.1:{self.port}/wd/hub",
        ^^^^^^^^^^^^^^^^^^^^^^^^^^^^^^^^^^^^^^^
        options=options  # 使用 options 替代原 conf 字典
        ^^^^^^^^^^^^^^^^^^^^^^^^^^^^^^^^^^^^^^^^^^^^^^^^
    )
    ^
  File "D:\Python313\Lib\site-packages\appium\webdriver\webdriver.py", line 238, in __init__
    super().__init__(
    ~~~~~~~~~~~~~~~~^
        command_executor=command_executor,
        ^^^^^^^^^^^^^^^^^^^^^^^^^^^^^^^^^^
    ...<3 lines>...
        client_config=client_config,
        ^^^^^^^^^^^^^^^^^^^^^^^^^^^^
    )
    ^
  File "D:\Python313\Lib\site-packages\selenium\webdriver\remote\webdriver.py", line 263, in __init__
    self.start_session(capabilities)
    ~~~~~~~~~~~~~~~~~~^^^^^^^^^^^^^^
  File "D:\Python313\Lib\site-packages\appium\webdriver\webdriver.py", line 329, in start_session
    response = self.execute(RemoteCommand.NEW_SESSION, w3c_caps)
  File "D:\Python313\Lib\site-packages\selenium\webdriver\remote\webdriver.py", line 455, in execute
    response = cast(RemoteConnection, self.command_executor).execute(driver_command, params)
  File "D:\Python313\Lib\site-packages\selenium\webdriver\remote\remote_connection.py", line 406, in execute
    return self._request(command_info[0], url, body=data)
           ~~~~~~~~~~~~~^^^^^^^^^^^^^^^^^^^^^^^^^^^^^^^^^
  File "D:\Python313\Lib\site-packages\selenium\webdriver\remote\remote_connection.py", line 430, in _request
    response = self._conn.request(method, url, body=body, headers=headers, timeout=self._client_config.timeout)
  File "D:\Python313\Lib\site-packages\urllib3\_request_methods.py", line 143, in request
    return self.request_encode_body(
           ~~~~~~~~~~~~~~~~~~~~~~~~^
        method, url, fields=fields, headers=headers, **urlopen_kw
        ^^^^^^^^^^^^^^^^^^^^^^^^^^^^^^^^^^^^^^^^^^^^^^^^^^^^^^^^^
    )
    ^
  File "D:\Python313\Lib\site-packages\urllib3\_request_methods.py", line 278, in request_encode_body
    return self.urlopen(method, url, **extra_kw)
           ~~~~~~~~~~~~^^^^^^^^^^^^^^^^^^^^^^^^^
  File "D:\Python313\Lib\site-packages\urllib3\poolmanager.py", line 459, in urlopen
    response = conn.urlopen(method, u.request_uri, **kw)
  File "D:\Python313\Lib\site-packages\urllib3\connectionpool.py", line 871, in urlopen
    return self.urlopen(
           ~~~~~~~~~~~~^
        method,
        ^^^^^^^
    ...<13 lines>...
        **response_kw,
        ^^^^^^^^^^^^^^
    )
    ^
  File "D:\Python313\Lib\site-packages\urllib3\connectionpool.py", line 871, in urlopen
    return self.urlopen(
           ~~~~~~~~~~~~^
        method,
        ^^^^^^^
    ...<13 lines>...
        **response_kw,
        ^^^^^^^^^^^^^^
    )
    ^
  File "D:\Python313\Lib\site-packages\urllib3\connectionpool.py", line 871, in urlopen
    return self.urlopen(
           ~~~~~~~~~~~~^
        method,
        ^^^^^^^
    ...<13 lines>...
        **response_kw,
        ^^^^^^^^^^^^^^
    )
    ^
  File "D:\Python313\Lib\site-packages\urllib3\connectionpool.py", line 841, in urlopen
    retries = retries.increment(
        method, url, error=new_e, _pool=self, _stacktrace=sys.exc_info()[2]
    )
  File "D:\Python313\Lib\site-packages\urllib3\util\retry.py", line 519, in increment
    raise MaxRetryError(_pool, url, reason) from reason  # type: ignore[arg-type]
    ^^^^^^^^^^^^^^^^^^^^^^^^^^^^^^^^^^^^^^^^^^^^^^^^^^^
urllib3.exceptions.MaxRetryError: HTTPConnectionPool(host='127.0.0.1', port=4723): Max retries exceeded with url: /wd/hub/session (Caused by NewConnectionError('<urllib3.connection.HTTPConnection object at 0x0000022DE9A255B0>: Failed to establish a new connection: [WinError 10061] 由于目标计算机积极拒绝，无法连接。'))
2025-08-17 02:04:39,317 - WARNING - appkeys.py - 49 - 没有找到appium进程
2025-08-17 02:04:39,318 - INFO - appkeys.py - 70 - appium服务正在启动...
2025-08-17 02:04:46,555 - WARNING - connectionpool.py - 868 - Retrying (Retry(total=2, connect=None, read=None, redirect=None, status=None)) after connection broken by 'NewConnectionError('<urllib3.connection.HTTPConnection object at 0x000001D4C6A2A510>: Failed to establish a new connection: [WinError 10061] 由于目标计算机积极拒绝，无法连接。')': /wd/hub/session
2025-08-17 02:04:48,606 - WARNING - connectionpool.py - 868 - Retrying (Retry(total=1, connect=None, read=None, redirect=None, status=None)) after connection broken by 'NewConnectionError('<urllib3.connection.HTTPConnection object at 0x000001D4C6A50050>: Failed to establish a new connection: [WinError 10061] 由于目标计算机积极拒绝，无法连接。')': /wd/hub/session
2025-08-17 02:04:50,650 - WARNING - connectionpool.py - 868 - Retrying (Retry(total=0, connect=None, read=None, redirect=None, status=None)) after connection broken by 'NewConnectionError('<urllib3.connection.HTTPConnection object at 0x000001D4C6A50F50>: Failed to establish a new connection: [WinError 10061] 由于目标计算机积极拒绝，无法连接。')': /wd/hub/session
2025-08-17 02:04:52,714 - ERROR - test_app_1.py - 94 - HTTPConnectionPool(host='127.0.0.1', port=4723): Max retries exceeded with url: /wd/hub/session (Caused by NewConnectionError('<urllib3.connection.HTTPConnection object at 0x000001D4C6A55480>: Failed to establish a new connection: [WinError 10061] 由于目标计算机积极拒绝，无法连接。'))
Traceback (most recent call last):
  File "D:\Python313\Lib\site-packages\urllib3\connection.py", line 198, in _new_conn
    sock = connection.create_connection(
        (self._dns_host, self.port),
    ...<2 lines>...
        socket_options=self.socket_options,
    )
  File "D:\Python313\Lib\site-packages\urllib3\util\connection.py", line 85, in create_connection
    raise err
  File "D:\Python313\Lib\site-packages\urllib3\util\connection.py", line 73, in create_connection
    sock.connect(sa)
    ~~~~~~~~~~~~^^^^
ConnectionRefusedError: [WinError 10061] 由于目标计算机积极拒绝，无法连接。

The above exception was the direct cause of the following exception:

Traceback (most recent call last):
  File "D:\Python313\Lib\site-packages\urllib3\connectionpool.py", line 787, in urlopen
    response = self._make_request(
        conn,
    ...<10 lines>...
        **response_kw,
    )
  File "D:\Python313\Lib\site-packages\urllib3\connectionpool.py", line 493, in _make_request
    conn.request(
    ~~~~~~~~~~~~^
        method,
        ^^^^^^^
    ...<6 lines>...
        enforce_content_length=enforce_content_length,
        ^^^^^^^^^^^^^^^^^^^^^^^^^^^^^^^^^^^^^^^^^^^^^^
    )
    ^
  File "D:\Python313\Lib\site-packages\urllib3\connection.py", line 494, in request
    self.endheaders()
    ~~~~~~~~~~~~~~~^^
  File "D:\Python313\Lib\http\client.py", line 1333, in endheaders
    self._send_output(message_body, encode_chunked=encode_chunked)
    ~~~~~~~~~~~~~~~~~^^^^^^^^^^^^^^^^^^^^^^^^^^^^^^^^^^^^^^^^^^^^^
  File "D:\Python313\Lib\http\client.py", line 1093, in _send_output
    self.send(msg)
    ~~~~~~~~~^^^^^
  File "D:\Python313\Lib\http\client.py", line 1037, in send
    self.connect()
    ~~~~~~~~~~~~^^
  File "D:\Python313\Lib\site-packages\urllib3\connection.py", line 325, in connect
    self.sock = self._new_conn()
                ~~~~~~~~~~~~~~^^
  File "D:\Python313\Lib\site-packages\urllib3\connection.py", line 213, in _new_conn
    raise NewConnectionError(
        self, f"Failed to establish a new connection: {e}"
    ) from e
urllib3.exceptions.NewConnectionError: <urllib3.connection.HTTPConnection object at 0x000001D4C6A55480>: Failed to establish a new connection: [WinError 10061] 由于目标计算机积极拒绝，无法连接。

The above exception was the direct cause of the following exception:

Traceback (most recent call last):
  File "D:\PythonStoreHouse\auto_test_quiz\ddt\test_app_1.py", line 74, in test_suite
    res = self.run_step(params)
  File "D:\Python313\Lib\site-packages\allure_commons\_allure.py", line 202, in impl
    return func(*a, **kw)
  File "D:\PythonStoreHouse\auto_test_quiz\ddt\test_app_1.py", line 30, in run_step
    return func(*args[1:])
  File "D:\PythonStoreHouse\auto_test_quiz\keywords\appkeys.py", line 91, in run_app
    self.driver = webdriver.Remote(
                  ~~~~~~~~~~~~~~~~^
        f"http://127.0.0.1:{self.port}/wd/hub",
        ^^^^^^^^^^^^^^^^^^^^^^^^^^^^^^^^^^^^^^^
        options=options  # 使用 options 替代原 conf 字典
        ^^^^^^^^^^^^^^^^^^^^^^^^^^^^^^^^^^^^^^^^^^^^^^^^
    )
    ^
  File "D:\Python313\Lib\site-packages\appium\webdriver\webdriver.py", line 238, in __init__
    super().__init__(
    ~~~~~~~~~~~~~~~~^
        command_executor=command_executor,
        ^^^^^^^^^^^^^^^^^^^^^^^^^^^^^^^^^^
    ...<3 lines>...
        client_config=client_config,
        ^^^^^^^^^^^^^^^^^^^^^^^^^^^^
    )
    ^
  File "D:\Python313\Lib\site-packages\selenium\webdriver\remote\webdriver.py", line 263, in __init__
    self.start_session(capabilities)
    ~~~~~~~~~~~~~~~~~~^^^^^^^^^^^^^^
  File "D:\Python313\Lib\site-packages\appium\webdriver\webdriver.py", line 329, in start_session
    response = self.execute(RemoteCommand.NEW_SESSION, w3c_caps)
  File "D:\Python313\Lib\site-packages\selenium\webdriver\remote\webdriver.py", line 455, in execute
    response = cast(RemoteConnection, self.command_executor).execute(driver_command, params)
  File "D:\Python313\Lib\site-packages\selenium\webdriver\remote\remote_connection.py", line 406, in execute
    return self._request(command_info[0], url, body=data)
           ~~~~~~~~~~~~~^^^^^^^^^^^^^^^^^^^^^^^^^^^^^^^^^
  File "D:\Python313\Lib\site-packages\selenium\webdriver\remote\remote_connection.py", line 430, in _request
    response = self._conn.request(method, url, body=body, headers=headers, timeout=self._client_config.timeout)
  File "D:\Python313\Lib\site-packages\urllib3\_request_methods.py", line 143, in request
    return self.request_encode_body(
           ~~~~~~~~~~~~~~~~~~~~~~~~^
        method, url, fields=fields, headers=headers, **urlopen_kw
        ^^^^^^^^^^^^^^^^^^^^^^^^^^^^^^^^^^^^^^^^^^^^^^^^^^^^^^^^^
    )
    ^
  File "D:\Python313\Lib\site-packages\urllib3\_request_methods.py", line 278, in request_encode_body
    return self.urlopen(method, url, **extra_kw)
           ~~~~~~~~~~~~^^^^^^^^^^^^^^^^^^^^^^^^^
  File "D:\Python313\Lib\site-packages\urllib3\poolmanager.py", line 459, in urlopen
    response = conn.urlopen(method, u.request_uri, **kw)
  File "D:\Python313\Lib\site-packages\urllib3\connectionpool.py", line 871, in urlopen
    return self.urlopen(
           ~~~~~~~~~~~~^
        method,
        ^^^^^^^
    ...<13 lines>...
        **response_kw,
        ^^^^^^^^^^^^^^
    )
    ^
  File "D:\Python313\Lib\site-packages\urllib3\connectionpool.py", line 871, in urlopen
    return self.urlopen(
           ~~~~~~~~~~~~^
        method,
        ^^^^^^^
    ...<13 lines>...
        **response_kw,
        ^^^^^^^^^^^^^^
    )
    ^
  File "D:\Python313\Lib\site-packages\urllib3\connectionpool.py", line 871, in urlopen
    return self.urlopen(
           ~~~~~~~~~~~~^
        method,
        ^^^^^^^
    ...<13 lines>...
        **response_kw,
        ^^^^^^^^^^^^^^
    )
    ^
  File "D:\Python313\Lib\site-packages\urllib3\connectionpool.py", line 841, in urlopen
    retries = retries.increment(
        method, url, error=new_e, _pool=self, _stacktrace=sys.exc_info()[2]
    )
  File "D:\Python313\Lib\site-packages\urllib3\util\retry.py", line 519, in increment
    raise MaxRetryError(_pool, url, reason) from reason  # type: ignore[arg-type]
    ^^^^^^^^^^^^^^^^^^^^^^^^^^^^^^^^^^^^^^^^^^^^^^^^^^^
urllib3.exceptions.MaxRetryError: HTTPConnectionPool(host='127.0.0.1', port=4723): Max retries exceeded with url: /wd/hub/session (Caused by NewConnectionError('<urllib3.connection.HTTPConnection object at 0x000001D4C6A55480>: Failed to establish a new connection: [WinError 10061] 由于目标计算机积极拒绝，无法连接。'))
2025-08-17 02:08:15,348 - WARNING - appkeys.py - 49 - 没有找到appium进程
2025-08-17 02:08:15,348 - INFO - appkeys.py - 70 - appium服务正在启动...
2025-08-17 02:08:22,574 - WARNING - connectionpool.py - 868 - Retrying (Retry(total=2, connect=None, read=None, redirect=None, status=None)) after connection broken by 'NewConnectionError('<urllib3.connection.HTTPConnection object at 0x000001FF298FA510>: Failed to establish a new connection: [WinError 10061] 由于目标计算机积极拒绝，无法连接。')': /wd/hub/session
2025-08-17 02:08:24,619 - WARNING - connectionpool.py - 868 - Retrying (Retry(total=1, connect=None, read=None, redirect=None, status=None)) after connection broken by 'NewConnectionError('<urllib3.connection.HTTPConnection object at 0x000001FF29920050>: Failed to establish a new connection: [WinError 10061] 由于目标计算机积极拒绝，无法连接。')': /wd/hub/session
2025-08-17 02:08:26,667 - WARNING - connectionpool.py - 868 - Retrying (Retry(total=0, connect=None, read=None, redirect=None, status=None)) after connection broken by 'NewConnectionError('<urllib3.connection.HTTPConnection object at 0x000001FF29921090>: Failed to establish a new connection: [WinError 10061] 由于目标计算机积极拒绝，无法连接。')': /wd/hub/session
2025-08-17 02:08:28,713 - ERROR - test_app_1.py - 94 - HTTPConnectionPool(host='127.0.0.1', port=4723): Max retries exceeded with url: /wd/hub/session (Caused by NewConnectionError('<urllib3.connection.HTTPConnection object at 0x000001FF299255B0>: Failed to establish a new connection: [WinError 10061] 由于目标计算机积极拒绝，无法连接。'))
Traceback (most recent call last):
  File "D:\Python313\Lib\site-packages\urllib3\connection.py", line 198, in _new_conn
    sock = connection.create_connection(
        (self._dns_host, self.port),
    ...<2 lines>...
        socket_options=self.socket_options,
    )
  File "D:\Python313\Lib\site-packages\urllib3\util\connection.py", line 85, in create_connection
    raise err
  File "D:\Python313\Lib\site-packages\urllib3\util\connection.py", line 73, in create_connection
    sock.connect(sa)
    ~~~~~~~~~~~~^^^^
ConnectionRefusedError: [WinError 10061] 由于目标计算机积极拒绝，无法连接。

The above exception was the direct cause of the following exception:

Traceback (most recent call last):
  File "D:\Python313\Lib\site-packages\urllib3\connectionpool.py", line 787, in urlopen
    response = self._make_request(
        conn,
    ...<10 lines>...
        **response_kw,
    )
  File "D:\Python313\Lib\site-packages\urllib3\connectionpool.py", line 493, in _make_request
    conn.request(
    ~~~~~~~~~~~~^
        method,
        ^^^^^^^
    ...<6 lines>...
        enforce_content_length=enforce_content_length,
        ^^^^^^^^^^^^^^^^^^^^^^^^^^^^^^^^^^^^^^^^^^^^^^
    )
    ^
  File "D:\Python313\Lib\site-packages\urllib3\connection.py", line 494, in request
    self.endheaders()
    ~~~~~~~~~~~~~~~^^
  File "D:\Python313\Lib\http\client.py", line 1333, in endheaders
    self._send_output(message_body, encode_chunked=encode_chunked)
    ~~~~~~~~~~~~~~~~~^^^^^^^^^^^^^^^^^^^^^^^^^^^^^^^^^^^^^^^^^^^^^
  File "D:\Python313\Lib\http\client.py", line 1093, in _send_output
    self.send(msg)
    ~~~~~~~~~^^^^^
  File "D:\Python313\Lib\http\client.py", line 1037, in send
    self.connect()
    ~~~~~~~~~~~~^^
  File "D:\Python313\Lib\site-packages\urllib3\connection.py", line 325, in connect
    self.sock = self._new_conn()
                ~~~~~~~~~~~~~~^^
  File "D:\Python313\Lib\site-packages\urllib3\connection.py", line 213, in _new_conn
    raise NewConnectionError(
        self, f"Failed to establish a new connection: {e}"
    ) from e
urllib3.exceptions.NewConnectionError: <urllib3.connection.HTTPConnection object at 0x000001FF299255B0>: Failed to establish a new connection: [WinError 10061] 由于目标计算机积极拒绝，无法连接。

The above exception was the direct cause of the following exception:

Traceback (most recent call last):
  File "D:\PythonStoreHouse\auto_test_quiz\ddt\test_app_1.py", line 74, in test_suite
    res = self.run_step(params)
  File "D:\Python313\Lib\site-packages\allure_commons\_allure.py", line 202, in impl
    return func(*a, **kw)
  File "D:\PythonStoreHouse\auto_test_quiz\ddt\test_app_1.py", line 30, in run_step
    return func(*args[1:])
  File "D:\PythonStoreHouse\auto_test_quiz\keywords\appkeys.py", line 90, in run_app
    self.driver = webdriver.Remote(
                  ~~~~~~~~~~~~~~~~^
        f"http://127.0.0.1:{self.port}/wd/hub",
        ^^^^^^^^^^^^^^^^^^^^^^^^^^^^^^^^^^^^^^^
        options=options  # 使用 options 替代原 conf 字典
        ^^^^^^^^^^^^^^^^^^^^^^^^^^^^^^^^^^^^^^^^^^^^^^^^
    )
    ^
  File "D:\Python313\Lib\site-packages\appium\webdriver\webdriver.py", line 238, in __init__
    super().__init__(
    ~~~~~~~~~~~~~~~~^
        command_executor=command_executor,
        ^^^^^^^^^^^^^^^^^^^^^^^^^^^^^^^^^^
    ...<3 lines>...
        client_config=client_config,
        ^^^^^^^^^^^^^^^^^^^^^^^^^^^^
    )
    ^
  File "D:\Python313\Lib\site-packages\selenium\webdriver\remote\webdriver.py", line 263, in __init__
    self.start_session(capabilities)
    ~~~~~~~~~~~~~~~~~~^^^^^^^^^^^^^^
  File "D:\Python313\Lib\site-packages\appium\webdriver\webdriver.py", line 329, in start_session
    response = self.execute(RemoteCommand.NEW_SESSION, w3c_caps)
  File "D:\Python313\Lib\site-packages\selenium\webdriver\remote\webdriver.py", line 455, in execute
    response = cast(RemoteConnection, self.command_executor).execute(driver_command, params)
  File "D:\Python313\Lib\site-packages\selenium\webdriver\remote\remote_connection.py", line 406, in execute
    return self._request(command_info[0], url, body=data)
           ~~~~~~~~~~~~~^^^^^^^^^^^^^^^^^^^^^^^^^^^^^^^^^
  File "D:\Python313\Lib\site-packages\selenium\webdriver\remote\remote_connection.py", line 430, in _request
    response = self._conn.request(method, url, body=body, headers=headers, timeout=self._client_config.timeout)
  File "D:\Python313\Lib\site-packages\urllib3\_request_methods.py", line 143, in request
    return self.request_encode_body(
           ~~~~~~~~~~~~~~~~~~~~~~~~^
        method, url, fields=fields, headers=headers, **urlopen_kw
        ^^^^^^^^^^^^^^^^^^^^^^^^^^^^^^^^^^^^^^^^^^^^^^^^^^^^^^^^^
    )
    ^
  File "D:\Python313\Lib\site-packages\urllib3\_request_methods.py", line 278, in request_encode_body
    return self.urlopen(method, url, **extra_kw)
           ~~~~~~~~~~~~^^^^^^^^^^^^^^^^^^^^^^^^^
  File "D:\Python313\Lib\site-packages\urllib3\poolmanager.py", line 459, in urlopen
    response = conn.urlopen(method, u.request_uri, **kw)
  File "D:\Python313\Lib\site-packages\urllib3\connectionpool.py", line 871, in urlopen
    return self.urlopen(
           ~~~~~~~~~~~~^
        method,
        ^^^^^^^
    ...<13 lines>...
        **response_kw,
        ^^^^^^^^^^^^^^
    )
    ^
  File "D:\Python313\Lib\site-packages\urllib3\connectionpool.py", line 871, in urlopen
    return self.urlopen(
           ~~~~~~~~~~~~^
        method,
        ^^^^^^^
    ...<13 lines>...
        **response_kw,
        ^^^^^^^^^^^^^^
    )
    ^
  File "D:\Python313\Lib\site-packages\urllib3\connectionpool.py", line 871, in urlopen
    return self.urlopen(
           ~~~~~~~~~~~~^
        method,
        ^^^^^^^
    ...<13 lines>...
        **response_kw,
        ^^^^^^^^^^^^^^
    )
    ^
  File "D:\Python313\Lib\site-packages\urllib3\connectionpool.py", line 841, in urlopen
    retries = retries.increment(
        method, url, error=new_e, _pool=self, _stacktrace=sys.exc_info()[2]
    )
  File "D:\Python313\Lib\site-packages\urllib3\util\retry.py", line 519, in increment
    raise MaxRetryError(_pool, url, reason) from reason  # type: ignore[arg-type]
    ^^^^^^^^^^^^^^^^^^^^^^^^^^^^^^^^^^^^^^^^^^^^^^^^^^^
urllib3.exceptions.MaxRetryError: HTTPConnectionPool(host='127.0.0.1', port=4723): Max retries exceeded with url: /wd/hub/session (Caused by NewConnectionError('<urllib3.connection.HTTPConnection object at 0x000001FF299255B0>: Failed to establish a new connection: [WinError 10061] 由于目标计算机积极拒绝，无法连接。'))
2025-08-17 02:20:35,117 - INFO - appkeys.py - 47 - 已经结束appium进程
2025-08-17 02:20:35,117 - INFO - appkeys.py - 70 - appium服务正在启动...
2025-08-17 02:20:42,367 - WARNING - connectionpool.py - 868 - Retrying (Retry(total=2, connect=None, read=None, redirect=None, status=None)) after connection broken by 'NewConnectionError('<urllib3.connection.HTTPConnection object at 0x00000246FFF0A510>: Failed to establish a new connection: [WinError 10061] 由于目标计算机积极拒绝，无法连接。')': /wd/hub/session
2025-08-17 02:20:44,407 - WARNING - connectionpool.py - 868 - Retrying (Retry(total=1, connect=None, read=None, redirect=None, status=None)) after connection broken by 'NewConnectionError('<urllib3.connection.HTTPConnection object at 0x00000246FFF30050>: Failed to establish a new connection: [WinError 10061] 由于目标计算机积极拒绝，无法连接。')': /wd/hub/session
2025-08-17 02:20:46,450 - WARNING - connectionpool.py - 868 - Retrying (Retry(total=0, connect=None, read=None, redirect=None, status=None)) after connection broken by 'NewConnectionError('<urllib3.connection.HTTPConnection object at 0x00000246FFF31090>: Failed to establish a new connection: [WinError 10061] 由于目标计算机积极拒绝，无法连接。')': /wd/hub/session
2025-08-17 02:20:48,505 - ERROR - test_app_1.py - 94 - HTTPConnectionPool(host='127.0.0.1', port=4723): Max retries exceeded with url: /wd/hub/session (Caused by NewConnectionError('<urllib3.connection.HTTPConnection object at 0x00000246FFF355B0>: Failed to establish a new connection: [WinError 10061] 由于目标计算机积极拒绝，无法连接。'))
Traceback (most recent call last):
  File "D:\Python313\Lib\site-packages\urllib3\connection.py", line 198, in _new_conn
    sock = connection.create_connection(
        (self._dns_host, self.port),
    ...<2 lines>...
        socket_options=self.socket_options,
    )
  File "D:\Python313\Lib\site-packages\urllib3\util\connection.py", line 85, in create_connection
    raise err
  File "D:\Python313\Lib\site-packages\urllib3\util\connection.py", line 73, in create_connection
    sock.connect(sa)
    ~~~~~~~~~~~~^^^^
ConnectionRefusedError: [WinError 10061] 由于目标计算机积极拒绝，无法连接。

The above exception was the direct cause of the following exception:

Traceback (most recent call last):
  File "D:\Python313\Lib\site-packages\urllib3\connectionpool.py", line 787, in urlopen
    response = self._make_request(
        conn,
    ...<10 lines>...
        **response_kw,
    )
  File "D:\Python313\Lib\site-packages\urllib3\connectionpool.py", line 493, in _make_request
    conn.request(
    ~~~~~~~~~~~~^
        method,
        ^^^^^^^
    ...<6 lines>...
        enforce_content_length=enforce_content_length,
        ^^^^^^^^^^^^^^^^^^^^^^^^^^^^^^^^^^^^^^^^^^^^^^
    )
    ^
  File "D:\Python313\Lib\site-packages\urllib3\connection.py", line 494, in request
    self.endheaders()
    ~~~~~~~~~~~~~~~^^
  File "D:\Python313\Lib\http\client.py", line 1333, in endheaders
    self._send_output(message_body, encode_chunked=encode_chunked)
    ~~~~~~~~~~~~~~~~~^^^^^^^^^^^^^^^^^^^^^^^^^^^^^^^^^^^^^^^^^^^^^
  File "D:\Python313\Lib\http\client.py", line 1093, in _send_output
    self.send(msg)
    ~~~~~~~~~^^^^^
  File "D:\Python313\Lib\http\client.py", line 1037, in send
    self.connect()
    ~~~~~~~~~~~~^^
  File "D:\Python313\Lib\site-packages\urllib3\connection.py", line 325, in connect
    self.sock = self._new_conn()
                ~~~~~~~~~~~~~~^^
  File "D:\Python313\Lib\site-packages\urllib3\connection.py", line 213, in _new_conn
    raise NewConnectionError(
        self, f"Failed to establish a new connection: {e}"
    ) from e
urllib3.exceptions.NewConnectionError: <urllib3.connection.HTTPConnection object at 0x00000246FFF355B0>: Failed to establish a new connection: [WinError 10061] 由于目标计算机积极拒绝，无法连接。

The above exception was the direct cause of the following exception:

Traceback (most recent call last):
  File "D:\PythonStoreHouse\auto_test_quiz\ddt\test_app_1.py", line 74, in test_suite
    res = self.run_step(params)
  File "D:\Python313\Lib\site-packages\allure_commons\_allure.py", line 202, in impl
    return func(*a, **kw)
  File "D:\PythonStoreHouse\auto_test_quiz\ddt\test_app_1.py", line 30, in run_step
    return func(*args[1:])
  File "D:\PythonStoreHouse\auto_test_quiz\keywords\appkeys.py", line 90, in run_app
    self.driver = webdriver.Remote(
                  ~~~~~~~~~~~~~~~~^
        f"http://127.0.0.1:{self.port}/wd/hub",
        ^^^^^^^^^^^^^^^^^^^^^^^^^^^^^^^^^^^^^^^
        options=options
        ^^^^^^^^^^^^^^^
    )
    ^
  File "D:\Python313\Lib\site-packages\appium\webdriver\webdriver.py", line 238, in __init__
    super().__init__(
    ~~~~~~~~~~~~~~~~^
        command_executor=command_executor,
        ^^^^^^^^^^^^^^^^^^^^^^^^^^^^^^^^^^
    ...<3 lines>...
        client_config=client_config,
        ^^^^^^^^^^^^^^^^^^^^^^^^^^^^
    )
    ^
  File "D:\Python313\Lib\site-packages\selenium\webdriver\remote\webdriver.py", line 263, in __init__
    self.start_session(capabilities)
    ~~~~~~~~~~~~~~~~~~^^^^^^^^^^^^^^
  File "D:\Python313\Lib\site-packages\appium\webdriver\webdriver.py", line 329, in start_session
    response = self.execute(RemoteCommand.NEW_SESSION, w3c_caps)
  File "D:\Python313\Lib\site-packages\selenium\webdriver\remote\webdriver.py", line 455, in execute
    response = cast(RemoteConnection, self.command_executor).execute(driver_command, params)
  File "D:\Python313\Lib\site-packages\selenium\webdriver\remote\remote_connection.py", line 406, in execute
    return self._request(command_info[0], url, body=data)
           ~~~~~~~~~~~~~^^^^^^^^^^^^^^^^^^^^^^^^^^^^^^^^^
  File "D:\Python313\Lib\site-packages\selenium\webdriver\remote\remote_connection.py", line 430, in _request
    response = self._conn.request(method, url, body=body, headers=headers, timeout=self._client_config.timeout)
  File "D:\Python313\Lib\site-packages\urllib3\_request_methods.py", line 143, in request
    return self.request_encode_body(
           ~~~~~~~~~~~~~~~~~~~~~~~~^
        method, url, fields=fields, headers=headers, **urlopen_kw
        ^^^^^^^^^^^^^^^^^^^^^^^^^^^^^^^^^^^^^^^^^^^^^^^^^^^^^^^^^
    )
    ^
  File "D:\Python313\Lib\site-packages\urllib3\_request_methods.py", line 278, in request_encode_body
    return self.urlopen(method, url, **extra_kw)
           ~~~~~~~~~~~~^^^^^^^^^^^^^^^^^^^^^^^^^
  File "D:\Python313\Lib\site-packages\urllib3\poolmanager.py", line 459, in urlopen
    response = conn.urlopen(method, u.request_uri, **kw)
  File "D:\Python313\Lib\site-packages\urllib3\connectionpool.py", line 871, in urlopen
    return self.urlopen(
           ~~~~~~~~~~~~^
        method,
        ^^^^^^^
    ...<13 lines>...
        **response_kw,
        ^^^^^^^^^^^^^^
    )
    ^
  File "D:\Python313\Lib\site-packages\urllib3\connectionpool.py", line 871, in urlopen
    return self.urlopen(
           ~~~~~~~~~~~~^
        method,
        ^^^^^^^
    ...<13 lines>...
        **response_kw,
        ^^^^^^^^^^^^^^
    )
    ^
  File "D:\Python313\Lib\site-packages\urllib3\connectionpool.py", line 871, in urlopen
    return self.urlopen(
           ~~~~~~~~~~~~^
        method,
        ^^^^^^^
    ...<13 lines>...
        **response_kw,
        ^^^^^^^^^^^^^^
    )
    ^
  File "D:\Python313\Lib\site-packages\urllib3\connectionpool.py", line 841, in urlopen
    retries = retries.increment(
        method, url, error=new_e, _pool=self, _stacktrace=sys.exc_info()[2]
    )
  File "D:\Python313\Lib\site-packages\urllib3\util\retry.py", line 519, in increment
    raise MaxRetryError(_pool, url, reason) from reason  # type: ignore[arg-type]
    ^^^^^^^^^^^^^^^^^^^^^^^^^^^^^^^^^^^^^^^^^^^^^^^^^^^
urllib3.exceptions.MaxRetryError: HTTPConnectionPool(host='127.0.0.1', port=4723): Max retries exceeded with url: /wd/hub/session (Caused by NewConnectionError('<urllib3.connection.HTTPConnection object at 0x00000246FFF355B0>: Failed to establish a new connection: [WinError 10061] 由于目标计算机积极拒绝，无法连接。'))
2025-08-17 02:22:09,016 - WARNING - appkeys.py - 49 - 没有找到appium进程
2025-08-17 02:22:09,016 - INFO - appkeys.py - 70 - appium服务正在启动...
2025-08-17 02:22:21,259 - WARNING - connectionpool.py - 868 - Retrying (Retry(total=2, connect=None, read=None, redirect=None, status=None)) after connection broken by 'NewConnectionError('<urllib3.connection.HTTPConnection object at 0x000001C2FF0E6510>: Failed to establish a new connection: [WinError 10061] 由于目标计算机积极拒绝，无法连接。')': /wd/hub/session
2025-08-17 02:22:23,303 - WARNING - connectionpool.py - 868 - Retrying (Retry(total=1, connect=None, read=None, redirect=None, status=None)) after connection broken by 'NewConnectionError('<urllib3.connection.HTTPConnection object at 0x000001C2FF110050>: Failed to establish a new connection: [WinError 10061] 由于目标计算机积极拒绝，无法连接。')': /wd/hub/session
2025-08-17 02:22:25,348 - WARNING - connectionpool.py - 868 - Retrying (Retry(total=0, connect=None, read=None, redirect=None, status=None)) after connection broken by 'NewConnectionError('<urllib3.connection.HTTPConnection object at 0x000001C2FF111090>: Failed to establish a new connection: [WinError 10061] 由于目标计算机积极拒绝，无法连接。')': /wd/hub/session
2025-08-17 02:22:27,401 - ERROR - test_app_1.py - 94 - HTTPConnectionPool(host='127.0.0.1', port=4723): Max retries exceeded with url: /wd/hub/session (Caused by NewConnectionError('<urllib3.connection.HTTPConnection object at 0x000001C2FF1155B0>: Failed to establish a new connection: [WinError 10061] 由于目标计算机积极拒绝，无法连接。'))
Traceback (most recent call last):
  File "D:\Python313\Lib\site-packages\urllib3\connection.py", line 198, in _new_conn
    sock = connection.create_connection(
        (self._dns_host, self.port),
    ...<2 lines>...
        socket_options=self.socket_options,
    )
  File "D:\Python313\Lib\site-packages\urllib3\util\connection.py", line 85, in create_connection
    raise err
  File "D:\Python313\Lib\site-packages\urllib3\util\connection.py", line 73, in create_connection
    sock.connect(sa)
    ~~~~~~~~~~~~^^^^
ConnectionRefusedError: [WinError 10061] 由于目标计算机积极拒绝，无法连接。

The above exception was the direct cause of the following exception:

Traceback (most recent call last):
  File "D:\Python313\Lib\site-packages\urllib3\connectionpool.py", line 787, in urlopen
    response = self._make_request(
        conn,
    ...<10 lines>...
        **response_kw,
    )
  File "D:\Python313\Lib\site-packages\urllib3\connectionpool.py", line 493, in _make_request
    conn.request(
    ~~~~~~~~~~~~^
        method,
        ^^^^^^^
    ...<6 lines>...
        enforce_content_length=enforce_content_length,
        ^^^^^^^^^^^^^^^^^^^^^^^^^^^^^^^^^^^^^^^^^^^^^^
    )
    ^
  File "D:\Python313\Lib\site-packages\urllib3\connection.py", line 494, in request
    self.endheaders()
    ~~~~~~~~~~~~~~~^^
  File "D:\Python313\Lib\http\client.py", line 1333, in endheaders
    self._send_output(message_body, encode_chunked=encode_chunked)
    ~~~~~~~~~~~~~~~~~^^^^^^^^^^^^^^^^^^^^^^^^^^^^^^^^^^^^^^^^^^^^^
  File "D:\Python313\Lib\http\client.py", line 1093, in _send_output
    self.send(msg)
    ~~~~~~~~~^^^^^
  File "D:\Python313\Lib\http\client.py", line 1037, in send
    self.connect()
    ~~~~~~~~~~~~^^
  File "D:\Python313\Lib\site-packages\urllib3\connection.py", line 325, in connect
    self.sock = self._new_conn()
                ~~~~~~~~~~~~~~^^
  File "D:\Python313\Lib\site-packages\urllib3\connection.py", line 213, in _new_conn
    raise NewConnectionError(
        self, f"Failed to establish a new connection: {e}"
    ) from e
urllib3.exceptions.NewConnectionError: <urllib3.connection.HTTPConnection object at 0x000001C2FF1155B0>: Failed to establish a new connection: [WinError 10061] 由于目标计算机积极拒绝，无法连接。

The above exception was the direct cause of the following exception:

Traceback (most recent call last):
  File "D:\PythonStoreHouse\auto_test_quiz\ddt\test_app_1.py", line 74, in test_suite
    res = self.run_step(params)
  File "D:\Python313\Lib\site-packages\allure_commons\_allure.py", line 202, in impl
    return func(*a, **kw)
  File "D:\PythonStoreHouse\auto_test_quiz\ddt\test_app_1.py", line 30, in run_step
    return func(*args[1:])
  File "D:\PythonStoreHouse\auto_test_quiz\keywords\appkeys.py", line 90, in run_app
    self.driver = webdriver.Remote(
                  ~~~~~~~~~~~~~~~~^
        f"http://127.0.0.1:{self.port}/wd/hub",
        ^^^^^^^^^^^^^^^^^^^^^^^^^^^^^^^^^^^^^^^
        options=options
        ^^^^^^^^^^^^^^^
    )
    ^
  File "D:\Python313\Lib\site-packages\appium\webdriver\webdriver.py", line 238, in __init__
    super().__init__(
    ~~~~~~~~~~~~~~~~^
        command_executor=command_executor,
        ^^^^^^^^^^^^^^^^^^^^^^^^^^^^^^^^^^
    ...<3 lines>...
        client_config=client_config,
        ^^^^^^^^^^^^^^^^^^^^^^^^^^^^
    )
    ^
  File "D:\Python313\Lib\site-packages\selenium\webdriver\remote\webdriver.py", line 263, in __init__
    self.start_session(capabilities)
    ~~~~~~~~~~~~~~~~~~^^^^^^^^^^^^^^
  File "D:\Python313\Lib\site-packages\appium\webdriver\webdriver.py", line 329, in start_session
    response = self.execute(RemoteCommand.NEW_SESSION, w3c_caps)
  File "D:\Python313\Lib\site-packages\selenium\webdriver\remote\webdriver.py", line 455, in execute
    response = cast(RemoteConnection, self.command_executor).execute(driver_command, params)
  File "D:\Python313\Lib\site-packages\selenium\webdriver\remote\remote_connection.py", line 406, in execute
    return self._request(command_info[0], url, body=data)
           ~~~~~~~~~~~~~^^^^^^^^^^^^^^^^^^^^^^^^^^^^^^^^^
  File "D:\Python313\Lib\site-packages\selenium\webdriver\remote\remote_connection.py", line 430, in _request
    response = self._conn.request(method, url, body=body, headers=headers, timeout=self._client_config.timeout)
  File "D:\Python313\Lib\site-packages\urllib3\_request_methods.py", line 143, in request
    return self.request_encode_body(
           ~~~~~~~~~~~~~~~~~~~~~~~~^
        method, url, fields=fields, headers=headers, **urlopen_kw
        ^^^^^^^^^^^^^^^^^^^^^^^^^^^^^^^^^^^^^^^^^^^^^^^^^^^^^^^^^
    )
    ^
  File "D:\Python313\Lib\site-packages\urllib3\_request_methods.py", line 278, in request_encode_body
    return self.urlopen(method, url, **extra_kw)
           ~~~~~~~~~~~~^^^^^^^^^^^^^^^^^^^^^^^^^
  File "D:\Python313\Lib\site-packages\urllib3\poolmanager.py", line 459, in urlopen
    response = conn.urlopen(method, u.request_uri, **kw)
  File "D:\Python313\Lib\site-packages\urllib3\connectionpool.py", line 871, in urlopen
    return self.urlopen(
           ~~~~~~~~~~~~^
        method,
        ^^^^^^^
    ...<13 lines>...
        **response_kw,
        ^^^^^^^^^^^^^^
    )
    ^
  File "D:\Python313\Lib\site-packages\urllib3\connectionpool.py", line 871, in urlopen
    return self.urlopen(
           ~~~~~~~~~~~~^
        method,
        ^^^^^^^
    ...<13 lines>...
        **response_kw,
        ^^^^^^^^^^^^^^
    )
    ^
  File "D:\Python313\Lib\site-packages\urllib3\connectionpool.py", line 871, in urlopen
    return self.urlopen(
           ~~~~~~~~~~~~^
        method,
        ^^^^^^^
    ...<13 lines>...
        **response_kw,
        ^^^^^^^^^^^^^^
    )
    ^
  File "D:\Python313\Lib\site-packages\urllib3\connectionpool.py", line 841, in urlopen
    retries = retries.increment(
        method, url, error=new_e, _pool=self, _stacktrace=sys.exc_info()[2]
    )
  File "D:\Python313\Lib\site-packages\urllib3\util\retry.py", line 519, in increment
    raise MaxRetryError(_pool, url, reason) from reason  # type: ignore[arg-type]
    ^^^^^^^^^^^^^^^^^^^^^^^^^^^^^^^^^^^^^^^^^^^^^^^^^^^
urllib3.exceptions.MaxRetryError: HTTPConnectionPool(host='127.0.0.1', port=4723): Max retries exceeded with url: /wd/hub/session (Caused by NewConnectionError('<urllib3.connection.HTTPConnection object at 0x000001C2FF1155B0>: Failed to establish a new connection: [WinError 10061] 由于目标计算机积极拒绝，无法连接。'))
2025-08-17 02:22:58,097 - WARNING - appkeys.py - 49 - 没有找到appium进程
2025-08-17 02:22:58,097 - INFO - appkeys.py - 70 - appium服务正在启动...
2025-08-17 02:23:10,310 - WARNING - connectionpool.py - 868 - Retrying (Retry(total=2, connect=None, read=None, redirect=None, status=None)) after connection broken by 'NewConnectionError('<urllib3.connection.HTTPConnection object at 0x000002097EA0A510>: Failed to establish a new connection: [WinError 10061] 由于目标计算机积极拒绝，无法连接。')': /wd/hub/session
2025-08-17 02:23:12,362 - WARNING - connectionpool.py - 868 - Retrying (Retry(total=1, connect=None, read=None, redirect=None, status=None)) after connection broken by 'NewConnectionError('<urllib3.connection.HTTPConnection object at 0x000002097EA30050>: Failed to establish a new connection: [WinError 10061] 由于目标计算机积极拒绝，无法连接。')': /wd/hub/session
2025-08-17 02:23:14,408 - WARNING - connectionpool.py - 868 - Retrying (Retry(total=0, connect=None, read=None, redirect=None, status=None)) after connection broken by 'NewConnectionError('<urllib3.connection.HTTPConnection object at 0x000002097EA30F50>: Failed to establish a new connection: [WinError 10061] 由于目标计算机积极拒绝，无法连接。')': /wd/hub/session
2025-08-17 02:23:16,459 - ERROR - test_app_1.py - 94 - HTTPConnectionPool(host='127.0.0.1', port=4723): Max retries exceeded with url: /wd/hub/session (Caused by NewConnectionError('<urllib3.connection.HTTPConnection object at 0x000002097EA35480>: Failed to establish a new connection: [WinError 10061] 由于目标计算机积极拒绝，无法连接。'))
Traceback (most recent call last):
  File "D:\Python313\Lib\site-packages\urllib3\connection.py", line 198, in _new_conn
    sock = connection.create_connection(
        (self._dns_host, self.port),
    ...<2 lines>...
        socket_options=self.socket_options,
    )
  File "D:\Python313\Lib\site-packages\urllib3\util\connection.py", line 85, in create_connection
    raise err
  File "D:\Python313\Lib\site-packages\urllib3\util\connection.py", line 73, in create_connection
    sock.connect(sa)
    ~~~~~~~~~~~~^^^^
ConnectionRefusedError: [WinError 10061] 由于目标计算机积极拒绝，无法连接。

The above exception was the direct cause of the following exception:

Traceback (most recent call last):
  File "D:\Python313\Lib\site-packages\urllib3\connectionpool.py", line 787, in urlopen
    response = self._make_request(
        conn,
    ...<10 lines>...
        **response_kw,
    )
  File "D:\Python313\Lib\site-packages\urllib3\connectionpool.py", line 493, in _make_request
    conn.request(
    ~~~~~~~~~~~~^
        method,
        ^^^^^^^
    ...<6 lines>...
        enforce_content_length=enforce_content_length,
        ^^^^^^^^^^^^^^^^^^^^^^^^^^^^^^^^^^^^^^^^^^^^^^
    )
    ^
  File "D:\Python313\Lib\site-packages\urllib3\connection.py", line 494, in request
    self.endheaders()
    ~~~~~~~~~~~~~~~^^
  File "D:\Python313\Lib\http\client.py", line 1333, in endheaders
    self._send_output(message_body, encode_chunked=encode_chunked)
    ~~~~~~~~~~~~~~~~~^^^^^^^^^^^^^^^^^^^^^^^^^^^^^^^^^^^^^^^^^^^^^
  File "D:\Python313\Lib\http\client.py", line 1093, in _send_output
    self.send(msg)
    ~~~~~~~~~^^^^^
  File "D:\Python313\Lib\http\client.py", line 1037, in send
    self.connect()
    ~~~~~~~~~~~~^^
  File "D:\Python313\Lib\site-packages\urllib3\connection.py", line 325, in connect
    self.sock = self._new_conn()
                ~~~~~~~~~~~~~~^^
  File "D:\Python313\Lib\site-packages\urllib3\connection.py", line 213, in _new_conn
    raise NewConnectionError(
        self, f"Failed to establish a new connection: {e}"
    ) from e
urllib3.exceptions.NewConnectionError: <urllib3.connection.HTTPConnection object at 0x000002097EA35480>: Failed to establish a new connection: [WinError 10061] 由于目标计算机积极拒绝，无法连接。

The above exception was the direct cause of the following exception:

Traceback (most recent call last):
  File "D:\PythonStoreHouse\auto_test_quiz\ddt\test_app_1.py", line 74, in test_suite
    res = self.run_step(params)
  File "D:\Python313\Lib\site-packages\allure_commons\_allure.py", line 202, in impl
    return func(*a, **kw)
  File "D:\PythonStoreHouse\auto_test_quiz\ddt\test_app_1.py", line 30, in run_step
    return func(*args[1:])
  File "D:\PythonStoreHouse\auto_test_quiz\keywords\appkeys.py", line 90, in run_app
    self.driver = webdriver.Remote(
                  ~~~~~~~~~~~~~~~~^
        f"http://127.0.0.1:{self.port}/wd/hub",
        ^^^^^^^^^^^^^^^^^^^^^^^^^^^^^^^^^^^^^^^
        options=options
        ^^^^^^^^^^^^^^^
    )
    ^
  File "D:\Python313\Lib\site-packages\appium\webdriver\webdriver.py", line 238, in __init__
    super().__init__(
    ~~~~~~~~~~~~~~~~^
        command_executor=command_executor,
        ^^^^^^^^^^^^^^^^^^^^^^^^^^^^^^^^^^
    ...<3 lines>...
        client_config=client_config,
        ^^^^^^^^^^^^^^^^^^^^^^^^^^^^
    )
    ^
  File "D:\Python313\Lib\site-packages\selenium\webdriver\remote\webdriver.py", line 263, in __init__
    self.start_session(capabilities)
    ~~~~~~~~~~~~~~~~~~^^^^^^^^^^^^^^
  File "D:\Python313\Lib\site-packages\appium\webdriver\webdriver.py", line 329, in start_session
    response = self.execute(RemoteCommand.NEW_SESSION, w3c_caps)
  File "D:\Python313\Lib\site-packages\selenium\webdriver\remote\webdriver.py", line 455, in execute
    response = cast(RemoteConnection, self.command_executor).execute(driver_command, params)
  File "D:\Python313\Lib\site-packages\selenium\webdriver\remote\remote_connection.py", line 406, in execute
    return self._request(command_info[0], url, body=data)
           ~~~~~~~~~~~~~^^^^^^^^^^^^^^^^^^^^^^^^^^^^^^^^^
  File "D:\Python313\Lib\site-packages\selenium\webdriver\remote\remote_connection.py", line 430, in _request
    response = self._conn.request(method, url, body=body, headers=headers, timeout=self._client_config.timeout)
  File "D:\Python313\Lib\site-packages\urllib3\_request_methods.py", line 143, in request
    return self.request_encode_body(
           ~~~~~~~~~~~~~~~~~~~~~~~~^
        method, url, fields=fields, headers=headers, **urlopen_kw
        ^^^^^^^^^^^^^^^^^^^^^^^^^^^^^^^^^^^^^^^^^^^^^^^^^^^^^^^^^
    )
    ^
  File "D:\Python313\Lib\site-packages\urllib3\_request_methods.py", line 278, in request_encode_body
    return self.urlopen(method, url, **extra_kw)
           ~~~~~~~~~~~~^^^^^^^^^^^^^^^^^^^^^^^^^
  File "D:\Python313\Lib\site-packages\urllib3\poolmanager.py", line 459, in urlopen
    response = conn.urlopen(method, u.request_uri, **kw)
  File "D:\Python313\Lib\site-packages\urllib3\connectionpool.py", line 871, in urlopen
    return self.urlopen(
           ~~~~~~~~~~~~^
        method,
        ^^^^^^^
    ...<13 lines>...
        **response_kw,
        ^^^^^^^^^^^^^^
    )
    ^
  File "D:\Python313\Lib\site-packages\urllib3\connectionpool.py", line 871, in urlopen
    return self.urlopen(
           ~~~~~~~~~~~~^
        method,
        ^^^^^^^
    ...<13 lines>...
        **response_kw,
        ^^^^^^^^^^^^^^
    )
    ^
  File "D:\Python313\Lib\site-packages\urllib3\connectionpool.py", line 871, in urlopen
    return self.urlopen(
           ~~~~~~~~~~~~^
        method,
        ^^^^^^^
    ...<13 lines>...
        **response_kw,
        ^^^^^^^^^^^^^^
    )
    ^
  File "D:\Python313\Lib\site-packages\urllib3\connectionpool.py", line 841, in urlopen
    retries = retries.increment(
        method, url, error=new_e, _pool=self, _stacktrace=sys.exc_info()[2]
    )
  File "D:\Python313\Lib\site-packages\urllib3\util\retry.py", line 519, in increment
    raise MaxRetryError(_pool, url, reason) from reason  # type: ignore[arg-type]
    ^^^^^^^^^^^^^^^^^^^^^^^^^^^^^^^^^^^^^^^^^^^^^^^^^^^
urllib3.exceptions.MaxRetryError: HTTPConnectionPool(host='127.0.0.1', port=4723): Max retries exceeded with url: /wd/hub/session (Caused by NewConnectionError('<urllib3.connection.HTTPConnection object at 0x000002097EA35480>: Failed to establish a new connection: [WinError 10061] 由于目标计算机积极拒绝，无法连接。'))
2025-08-17 02:23:33,325 - INFO - appkeys.py - 47 - 已经结束appium进程
2025-08-17 02:23:33,326 - INFO - appkeys.py - 70 - appium服务正在启动...
2025-08-17 02:23:55,567 - WARNING - connectionpool.py - 868 - Retrying (Retry(total=2, connect=None, read=None, redirect=None, status=None)) after connection broken by 'NewConnectionError('<urllib3.connection.HTTPConnection object at 0x0000024BFF3BA510>: Failed to establish a new connection: [WinError 10061] 由于目标计算机积极拒绝，无法连接。')': /wd/hub/session
2025-08-17 02:23:57,621 - WARNING - connectionpool.py - 868 - Retrying (Retry(total=1, connect=None, read=None, redirect=None, status=None)) after connection broken by 'NewConnectionError('<urllib3.connection.HTTPConnection object at 0x0000024BFF3E0050>: Failed to establish a new connection: [WinError 10061] 由于目标计算机积极拒绝，无法连接。')': /wd/hub/session
2025-08-17 02:23:59,673 - WARNING - connectionpool.py - 868 - Retrying (Retry(total=0, connect=None, read=None, redirect=None, status=None)) after connection broken by 'NewConnectionError('<urllib3.connection.HTTPConnection object at 0x0000024BFF3E1090>: Failed to establish a new connection: [WinError 10061] 由于目标计算机积极拒绝，无法连接。')': /wd/hub/session
2025-08-17 02:24:01,723 - ERROR - test_app_1.py - 94 - HTTPConnectionPool(host='127.0.0.1', port=4723): Max retries exceeded with url: /wd/hub/session (Caused by NewConnectionError('<urllib3.connection.HTTPConnection object at 0x0000024BFF3E55B0>: Failed to establish a new connection: [WinError 10061] 由于目标计算机积极拒绝，无法连接。'))
Traceback (most recent call last):
  File "D:\Python313\Lib\site-packages\urllib3\connection.py", line 198, in _new_conn
    sock = connection.create_connection(
        (self._dns_host, self.port),
    ...<2 lines>...
        socket_options=self.socket_options,
    )
  File "D:\Python313\Lib\site-packages\urllib3\util\connection.py", line 85, in create_connection
    raise err
  File "D:\Python313\Lib\site-packages\urllib3\util\connection.py", line 73, in create_connection
    sock.connect(sa)
    ~~~~~~~~~~~~^^^^
ConnectionRefusedError: [WinError 10061] 由于目标计算机积极拒绝，无法连接。

The above exception was the direct cause of the following exception:

Traceback (most recent call last):
  File "D:\Python313\Lib\site-packages\urllib3\connectionpool.py", line 787, in urlopen
    response = self._make_request(
        conn,
    ...<10 lines>...
        **response_kw,
    )
  File "D:\Python313\Lib\site-packages\urllib3\connectionpool.py", line 493, in _make_request
    conn.request(
    ~~~~~~~~~~~~^
        method,
        ^^^^^^^
    ...<6 lines>...
        enforce_content_length=enforce_content_length,
        ^^^^^^^^^^^^^^^^^^^^^^^^^^^^^^^^^^^^^^^^^^^^^^
    )
    ^
  File "D:\Python313\Lib\site-packages\urllib3\connection.py", line 494, in request
    self.endheaders()
    ~~~~~~~~~~~~~~~^^
  File "D:\Python313\Lib\http\client.py", line 1333, in endheaders
    self._send_output(message_body, encode_chunked=encode_chunked)
    ~~~~~~~~~~~~~~~~~^^^^^^^^^^^^^^^^^^^^^^^^^^^^^^^^^^^^^^^^^^^^^
  File "D:\Python313\Lib\http\client.py", line 1093, in _send_output
    self.send(msg)
    ~~~~~~~~~^^^^^
  File "D:\Python313\Lib\http\client.py", line 1037, in send
    self.connect()
    ~~~~~~~~~~~~^^
  File "D:\Python313\Lib\site-packages\urllib3\connection.py", line 325, in connect
    self.sock = self._new_conn()
                ~~~~~~~~~~~~~~^^
  File "D:\Python313\Lib\site-packages\urllib3\connection.py", line 213, in _new_conn
    raise NewConnectionError(
        self, f"Failed to establish a new connection: {e}"
    ) from e
urllib3.exceptions.NewConnectionError: <urllib3.connection.HTTPConnection object at 0x0000024BFF3E55B0>: Failed to establish a new connection: [WinError 10061] 由于目标计算机积极拒绝，无法连接。

The above exception was the direct cause of the following exception:

Traceback (most recent call last):
  File "D:\PythonStoreHouse\auto_test_quiz\ddt\test_app_1.py", line 74, in test_suite
    res = self.run_step(params)
  File "D:\Python313\Lib\site-packages\allure_commons\_allure.py", line 202, in impl
    return func(*a, **kw)
  File "D:\PythonStoreHouse\auto_test_quiz\ddt\test_app_1.py", line 30, in run_step
    return func(*args[1:])
  File "D:\PythonStoreHouse\auto_test_quiz\keywords\appkeys.py", line 90, in run_app
    self.driver = webdriver.Remote(
                  ~~~~~~~~~~~~~~~~^
        f"http://127.0.0.1:{self.port}/wd/hub",
        ^^^^^^^^^^^^^^^^^^^^^^^^^^^^^^^^^^^^^^^
        options=options
        ^^^^^^^^^^^^^^^
    )
    ^
  File "D:\Python313\Lib\site-packages\appium\webdriver\webdriver.py", line 238, in __init__
    super().__init__(
    ~~~~~~~~~~~~~~~~^
        command_executor=command_executor,
        ^^^^^^^^^^^^^^^^^^^^^^^^^^^^^^^^^^
    ...<3 lines>...
        client_config=client_config,
        ^^^^^^^^^^^^^^^^^^^^^^^^^^^^
    )
    ^
  File "D:\Python313\Lib\site-packages\selenium\webdriver\remote\webdriver.py", line 263, in __init__
    self.start_session(capabilities)
    ~~~~~~~~~~~~~~~~~~^^^^^^^^^^^^^^
  File "D:\Python313\Lib\site-packages\appium\webdriver\webdriver.py", line 329, in start_session
    response = self.execute(RemoteCommand.NEW_SESSION, w3c_caps)
  File "D:\Python313\Lib\site-packages\selenium\webdriver\remote\webdriver.py", line 455, in execute
    response = cast(RemoteConnection, self.command_executor).execute(driver_command, params)
  File "D:\Python313\Lib\site-packages\selenium\webdriver\remote\remote_connection.py", line 406, in execute
    return self._request(command_info[0], url, body=data)
           ~~~~~~~~~~~~~^^^^^^^^^^^^^^^^^^^^^^^^^^^^^^^^^
  File "D:\Python313\Lib\site-packages\selenium\webdriver\remote\remote_connection.py", line 430, in _request
    response = self._conn.request(method, url, body=body, headers=headers, timeout=self._client_config.timeout)
  File "D:\Python313\Lib\site-packages\urllib3\_request_methods.py", line 143, in request
    return self.request_encode_body(
           ~~~~~~~~~~~~~~~~~~~~~~~~^
        method, url, fields=fields, headers=headers, **urlopen_kw
        ^^^^^^^^^^^^^^^^^^^^^^^^^^^^^^^^^^^^^^^^^^^^^^^^^^^^^^^^^
    )
    ^
  File "D:\Python313\Lib\site-packages\urllib3\_request_methods.py", line 278, in request_encode_body
    return self.urlopen(method, url, **extra_kw)
           ~~~~~~~~~~~~^^^^^^^^^^^^^^^^^^^^^^^^^
  File "D:\Python313\Lib\site-packages\urllib3\poolmanager.py", line 459, in urlopen
    response = conn.urlopen(method, u.request_uri, **kw)
  File "D:\Python313\Lib\site-packages\urllib3\connectionpool.py", line 871, in urlopen
    return self.urlopen(
           ~~~~~~~~~~~~^
        method,
        ^^^^^^^
    ...<13 lines>...
        **response_kw,
        ^^^^^^^^^^^^^^
    )
    ^
  File "D:\Python313\Lib\site-packages\urllib3\connectionpool.py", line 871, in urlopen
    return self.urlopen(
           ~~~~~~~~~~~~^
        method,
        ^^^^^^^
    ...<13 lines>...
        **response_kw,
        ^^^^^^^^^^^^^^
    )
    ^
  File "D:\Python313\Lib\site-packages\urllib3\connectionpool.py", line 871, in urlopen
    return self.urlopen(
           ~~~~~~~~~~~~^
        method,
        ^^^^^^^
    ...<13 lines>...
        **response_kw,
        ^^^^^^^^^^^^^^
    )
    ^
  File "D:\Python313\Lib\site-packages\urllib3\connectionpool.py", line 841, in urlopen
    retries = retries.increment(
        method, url, error=new_e, _pool=self, _stacktrace=sys.exc_info()[2]
    )
  File "D:\Python313\Lib\site-packages\urllib3\util\retry.py", line 519, in increment
    raise MaxRetryError(_pool, url, reason) from reason  # type: ignore[arg-type]
    ^^^^^^^^^^^^^^^^^^^^^^^^^^^^^^^^^^^^^^^^^^^^^^^^^^^
urllib3.exceptions.MaxRetryError: HTTPConnectionPool(host='127.0.0.1', port=4723): Max retries exceeded with url: /wd/hub/session (Caused by NewConnectionError('<urllib3.connection.HTTPConnection object at 0x0000024BFF3E55B0>: Failed to establish a new connection: [WinError 10061] 由于目标计算机积极拒绝，无法连接。'))
2025-08-17 02:25:51,704 - WARNING - appkeys.py - 49 - 没有找到appium进程
2025-08-17 02:25:51,704 - INFO - appkeys.py - 70 - appium服务正在启动...
2025-08-17 02:26:23,946 - WARNING - connectionpool.py - 868 - Retrying (Retry(total=2, connect=None, read=None, redirect=None, status=None)) after connection broken by 'NewConnectionError('<urllib3.connection.HTTPConnection object at 0x000001F10F2F6510>: Failed to establish a new connection: [WinError 10061] 由于目标计算机积极拒绝，无法连接。')': /wd/hub/session
2025-08-17 02:26:25,993 - WARNING - connectionpool.py - 868 - Retrying (Retry(total=1, connect=None, read=None, redirect=None, status=None)) after connection broken by 'NewConnectionError('<urllib3.connection.HTTPConnection object at 0x000001F10F320050>: Failed to establish a new connection: [WinError 10061] 由于目标计算机积极拒绝，无法连接。')': /wd/hub/session
2025-08-17 02:26:28,037 - WARNING - connectionpool.py - 868 - Retrying (Retry(total=0, connect=None, read=None, redirect=None, status=None)) after connection broken by 'NewConnectionError('<urllib3.connection.HTTPConnection object at 0x000001F10F320F50>: Failed to establish a new connection: [WinError 10061] 由于目标计算机积极拒绝，无法连接。')': /wd/hub/session
2025-08-17 02:26:30,077 - ERROR - test_app_1.py - 94 - HTTPConnectionPool(host='127.0.0.1', port=4723): Max retries exceeded with url: /wd/hub/session (Caused by NewConnectionError('<urllib3.connection.HTTPConnection object at 0x000001F10F325480>: Failed to establish a new connection: [WinError 10061] 由于目标计算机积极拒绝，无法连接。'))
Traceback (most recent call last):
  File "D:\Python313\Lib\site-packages\urllib3\connection.py", line 198, in _new_conn
    sock = connection.create_connection(
        (self._dns_host, self.port),
    ...<2 lines>...
        socket_options=self.socket_options,
    )
  File "D:\Python313\Lib\site-packages\urllib3\util\connection.py", line 85, in create_connection
    raise err
  File "D:\Python313\Lib\site-packages\urllib3\util\connection.py", line 73, in create_connection
    sock.connect(sa)
    ~~~~~~~~~~~~^^^^
ConnectionRefusedError: [WinError 10061] 由于目标计算机积极拒绝，无法连接。

The above exception was the direct cause of the following exception:

Traceback (most recent call last):
  File "D:\Python313\Lib\site-packages\urllib3\connectionpool.py", line 787, in urlopen
    response = self._make_request(
        conn,
    ...<10 lines>...
        **response_kw,
    )
  File "D:\Python313\Lib\site-packages\urllib3\connectionpool.py", line 493, in _make_request
    conn.request(
    ~~~~~~~~~~~~^
        method,
        ^^^^^^^
    ...<6 lines>...
        enforce_content_length=enforce_content_length,
        ^^^^^^^^^^^^^^^^^^^^^^^^^^^^^^^^^^^^^^^^^^^^^^
    )
    ^
  File "D:\Python313\Lib\site-packages\urllib3\connection.py", line 494, in request
    self.endheaders()
    ~~~~~~~~~~~~~~~^^
  File "D:\Python313\Lib\http\client.py", line 1333, in endheaders
    self._send_output(message_body, encode_chunked=encode_chunked)
    ~~~~~~~~~~~~~~~~~^^^^^^^^^^^^^^^^^^^^^^^^^^^^^^^^^^^^^^^^^^^^^
  File "D:\Python313\Lib\http\client.py", line 1093, in _send_output
    self.send(msg)
    ~~~~~~~~~^^^^^
  File "D:\Python313\Lib\http\client.py", line 1037, in send
    self.connect()
    ~~~~~~~~~~~~^^
  File "D:\Python313\Lib\site-packages\urllib3\connection.py", line 325, in connect
    self.sock = self._new_conn()
                ~~~~~~~~~~~~~~^^
  File "D:\Python313\Lib\site-packages\urllib3\connection.py", line 213, in _new_conn
    raise NewConnectionError(
        self, f"Failed to establish a new connection: {e}"
    ) from e
urllib3.exceptions.NewConnectionError: <urllib3.connection.HTTPConnection object at 0x000001F10F325480>: Failed to establish a new connection: [WinError 10061] 由于目标计算机积极拒绝，无法连接。

The above exception was the direct cause of the following exception:

Traceback (most recent call last):
  File "D:\PythonStoreHouse\auto_test_quiz\ddt\test_app_1.py", line 74, in test_suite
    res = self.run_step(params)
  File "D:\Python313\Lib\site-packages\allure_commons\_allure.py", line 202, in impl
    return func(*a, **kw)
  File "D:\PythonStoreHouse\auto_test_quiz\ddt\test_app_1.py", line 30, in run_step
    return func(*args[1:])
  File "D:\PythonStoreHouse\auto_test_quiz\keywords\appkeys.py", line 90, in run_app
    self.driver = webdriver.Remote(
                  ~~~~~~~~~~~~~~~~^
        f"http://127.0.0.1:{self.port}/wd/hub",
        ^^^^^^^^^^^^^^^^^^^^^^^^^^^^^^^^^^^^^^^
        options=options
        ^^^^^^^^^^^^^^^
    )
    ^
  File "D:\Python313\Lib\site-packages\appium\webdriver\webdriver.py", line 238, in __init__
    super().__init__(
    ~~~~~~~~~~~~~~~~^
        command_executor=command_executor,
        ^^^^^^^^^^^^^^^^^^^^^^^^^^^^^^^^^^
    ...<3 lines>...
        client_config=client_config,
        ^^^^^^^^^^^^^^^^^^^^^^^^^^^^
    )
    ^
  File "D:\Python313\Lib\site-packages\selenium\webdriver\remote\webdriver.py", line 263, in __init__
    self.start_session(capabilities)
    ~~~~~~~~~~~~~~~~~~^^^^^^^^^^^^^^
  File "D:\Python313\Lib\site-packages\appium\webdriver\webdriver.py", line 329, in start_session
    response = self.execute(RemoteCommand.NEW_SESSION, w3c_caps)
  File "D:\Python313\Lib\site-packages\selenium\webdriver\remote\webdriver.py", line 455, in execute
    response = cast(RemoteConnection, self.command_executor).execute(driver_command, params)
  File "D:\Python313\Lib\site-packages\selenium\webdriver\remote\remote_connection.py", line 406, in execute
    return self._request(command_info[0], url, body=data)
           ~~~~~~~~~~~~~^^^^^^^^^^^^^^^^^^^^^^^^^^^^^^^^^
  File "D:\Python313\Lib\site-packages\selenium\webdriver\remote\remote_connection.py", line 430, in _request
    response = self._conn.request(method, url, body=body, headers=headers, timeout=self._client_config.timeout)
  File "D:\Python313\Lib\site-packages\urllib3\_request_methods.py", line 143, in request
    return self.request_encode_body(
           ~~~~~~~~~~~~~~~~~~~~~~~~^
        method, url, fields=fields, headers=headers, **urlopen_kw
        ^^^^^^^^^^^^^^^^^^^^^^^^^^^^^^^^^^^^^^^^^^^^^^^^^^^^^^^^^
    )
    ^
  File "D:\Python313\Lib\site-packages\urllib3\_request_methods.py", line 278, in request_encode_body
    return self.urlopen(method, url, **extra_kw)
           ~~~~~~~~~~~~^^^^^^^^^^^^^^^^^^^^^^^^^
  File "D:\Python313\Lib\site-packages\urllib3\poolmanager.py", line 459, in urlopen
    response = conn.urlopen(method, u.request_uri, **kw)
  File "D:\Python313\Lib\site-packages\urllib3\connectionpool.py", line 871, in urlopen
    return self.urlopen(
           ~~~~~~~~~~~~^
        method,
        ^^^^^^^
    ...<13 lines>...
        **response_kw,
        ^^^^^^^^^^^^^^
    )
    ^
  File "D:\Python313\Lib\site-packages\urllib3\connectionpool.py", line 871, in urlopen
    return self.urlopen(
           ~~~~~~~~~~~~^
        method,
        ^^^^^^^
    ...<13 lines>...
        **response_kw,
        ^^^^^^^^^^^^^^
    )
    ^
  File "D:\Python313\Lib\site-packages\urllib3\connectionpool.py", line 871, in urlopen
    return self.urlopen(
           ~~~~~~~~~~~~^
        method,
        ^^^^^^^
    ...<13 lines>...
        **response_kw,
        ^^^^^^^^^^^^^^
    )
    ^
  File "D:\Python313\Lib\site-packages\urllib3\connectionpool.py", line 841, in urlopen
    retries = retries.increment(
        method, url, error=new_e, _pool=self, _stacktrace=sys.exc_info()[2]
    )
  File "D:\Python313\Lib\site-packages\urllib3\util\retry.py", line 519, in increment
    raise MaxRetryError(_pool, url, reason) from reason  # type: ignore[arg-type]
    ^^^^^^^^^^^^^^^^^^^^^^^^^^^^^^^^^^^^^^^^^^^^^^^^^^^
urllib3.exceptions.MaxRetryError: HTTPConnectionPool(host='127.0.0.1', port=4723): Max retries exceeded with url: /wd/hub/session (Caused by NewConnectionError('<urllib3.connection.HTTPConnection object at 0x000001F10F325480>: Failed to establish a new connection: [WinError 10061] 由于目标计算机积极拒绝，无法连接。'))
2025-08-17 02:26:38,786 - WARNING - appkeys.py - 49 - 没有找到appium进程
2025-08-17 02:26:38,786 - INFO - appkeys.py - 70 - appium服务正在启动...
2025-08-17 02:27:10,992 - WARNING - connectionpool.py - 868 - Retrying (Retry(total=2, connect=None, read=None, redirect=None, status=None)) after connection broken by 'NewConnectionError('<urllib3.connection.HTTPConnection object at 0x000001563DB8A510>: Failed to establish a new connection: [WinError 10061] 由于目标计算机积极拒绝，无法连接。')': /wd/hub/session
2025-08-17 02:27:13,042 - WARNING - connectionpool.py - 868 - Retrying (Retry(total=1, connect=None, read=None, redirect=None, status=None)) after connection broken by 'NewConnectionError('<urllib3.connection.HTTPConnection object at 0x000001563DBB0050>: Failed to establish a new connection: [WinError 10061] 由于目标计算机积极拒绝，无法连接。')': /wd/hub/session
2025-08-17 02:27:15,068 - WARNING - connectionpool.py - 868 - Retrying (Retry(total=0, connect=None, read=None, redirect=None, status=None)) after connection broken by 'NewConnectionError('<urllib3.connection.HTTPConnection object at 0x000001563DBB0F50>: Failed to establish a new connection: [WinError 10061] 由于目标计算机积极拒绝，无法连接。')': /wd/hub/session
2025-08-17 02:27:17,123 - ERROR - test_app_1.py - 94 - HTTPConnectionPool(host='127.0.0.1', port=4723): Max retries exceeded with url: /wd/hub/session (Caused by NewConnectionError('<urllib3.connection.HTTPConnection object at 0x000001563DBB5480>: Failed to establish a new connection: [WinError 10061] 由于目标计算机积极拒绝，无法连接。'))
Traceback (most recent call last):
  File "D:\Python313\Lib\site-packages\urllib3\connection.py", line 198, in _new_conn
    sock = connection.create_connection(
        (self._dns_host, self.port),
    ...<2 lines>...
        socket_options=self.socket_options,
    )
  File "D:\Python313\Lib\site-packages\urllib3\util\connection.py", line 85, in create_connection
    raise err
  File "D:\Python313\Lib\site-packages\urllib3\util\connection.py", line 73, in create_connection
    sock.connect(sa)
    ~~~~~~~~~~~~^^^^
ConnectionRefusedError: [WinError 10061] 由于目标计算机积极拒绝，无法连接。

The above exception was the direct cause of the following exception:

Traceback (most recent call last):
  File "D:\Python313\Lib\site-packages\urllib3\connectionpool.py", line 787, in urlopen
    response = self._make_request(
        conn,
    ...<10 lines>...
        **response_kw,
    )
  File "D:\Python313\Lib\site-packages\urllib3\connectionpool.py", line 493, in _make_request
    conn.request(
    ~~~~~~~~~~~~^
        method,
        ^^^^^^^
    ...<6 lines>...
        enforce_content_length=enforce_content_length,
        ^^^^^^^^^^^^^^^^^^^^^^^^^^^^^^^^^^^^^^^^^^^^^^
    )
    ^
  File "D:\Python313\Lib\site-packages\urllib3\connection.py", line 494, in request
    self.endheaders()
    ~~~~~~~~~~~~~~~^^
  File "D:\Python313\Lib\http\client.py", line 1333, in endheaders
    self._send_output(message_body, encode_chunked=encode_chunked)
    ~~~~~~~~~~~~~~~~~^^^^^^^^^^^^^^^^^^^^^^^^^^^^^^^^^^^^^^^^^^^^^
  File "D:\Python313\Lib\http\client.py", line 1093, in _send_output
    self.send(msg)
    ~~~~~~~~~^^^^^
  File "D:\Python313\Lib\http\client.py", line 1037, in send
    self.connect()
    ~~~~~~~~~~~~^^
  File "D:\Python313\Lib\site-packages\urllib3\connection.py", line 325, in connect
    self.sock = self._new_conn()
                ~~~~~~~~~~~~~~^^
  File "D:\Python313\Lib\site-packages\urllib3\connection.py", line 213, in _new_conn
    raise NewConnectionError(
        self, f"Failed to establish a new connection: {e}"
    ) from e
urllib3.exceptions.NewConnectionError: <urllib3.connection.HTTPConnection object at 0x000001563DBB5480>: Failed to establish a new connection: [WinError 10061] 由于目标计算机积极拒绝，无法连接。

The above exception was the direct cause of the following exception:

Traceback (most recent call last):
  File "D:\PythonStoreHouse\auto_test_quiz\ddt\test_app_1.py", line 74, in test_suite
    res = self.run_step(params)
  File "D:\Python313\Lib\site-packages\allure_commons\_allure.py", line 202, in impl
    return func(*a, **kw)
  File "D:\PythonStoreHouse\auto_test_quiz\ddt\test_app_1.py", line 30, in run_step
    return func(*args[1:])
  File "D:\PythonStoreHouse\auto_test_quiz\keywords\appkeys.py", line 90, in run_app
    self.driver = webdriver.Remote(
                  ~~~~~~~~~~~~~~~~^
        f"http://127.0.0.1:{self.port}/wd/hub",
        ^^^^^^^^^^^^^^^^^^^^^^^^^^^^^^^^^^^^^^^
        options=options
        ^^^^^^^^^^^^^^^
    )
    ^
  File "D:\Python313\Lib\site-packages\appium\webdriver\webdriver.py", line 238, in __init__
    super().__init__(
    ~~~~~~~~~~~~~~~~^
        command_executor=command_executor,
        ^^^^^^^^^^^^^^^^^^^^^^^^^^^^^^^^^^
    ...<3 lines>...
        client_config=client_config,
        ^^^^^^^^^^^^^^^^^^^^^^^^^^^^
    )
    ^
  File "D:\Python313\Lib\site-packages\selenium\webdriver\remote\webdriver.py", line 263, in __init__
    self.start_session(capabilities)
    ~~~~~~~~~~~~~~~~~~^^^^^^^^^^^^^^
  File "D:\Python313\Lib\site-packages\appium\webdriver\webdriver.py", line 329, in start_session
    response = self.execute(RemoteCommand.NEW_SESSION, w3c_caps)
  File "D:\Python313\Lib\site-packages\selenium\webdriver\remote\webdriver.py", line 455, in execute
    response = cast(RemoteConnection, self.command_executor).execute(driver_command, params)
  File "D:\Python313\Lib\site-packages\selenium\webdriver\remote\remote_connection.py", line 406, in execute
    return self._request(command_info[0], url, body=data)
           ~~~~~~~~~~~~~^^^^^^^^^^^^^^^^^^^^^^^^^^^^^^^^^
  File "D:\Python313\Lib\site-packages\selenium\webdriver\remote\remote_connection.py", line 430, in _request
    response = self._conn.request(method, url, body=body, headers=headers, timeout=self._client_config.timeout)
  File "D:\Python313\Lib\site-packages\urllib3\_request_methods.py", line 143, in request
    return self.request_encode_body(
           ~~~~~~~~~~~~~~~~~~~~~~~~^
        method, url, fields=fields, headers=headers, **urlopen_kw
        ^^^^^^^^^^^^^^^^^^^^^^^^^^^^^^^^^^^^^^^^^^^^^^^^^^^^^^^^^
    )
    ^
  File "D:\Python313\Lib\site-packages\urllib3\_request_methods.py", line 278, in request_encode_body
    return self.urlopen(method, url, **extra_kw)
           ~~~~~~~~~~~~^^^^^^^^^^^^^^^^^^^^^^^^^
  File "D:\Python313\Lib\site-packages\urllib3\poolmanager.py", line 459, in urlopen
    response = conn.urlopen(method, u.request_uri, **kw)
  File "D:\Python313\Lib\site-packages\urllib3\connectionpool.py", line 871, in urlopen
    return self.urlopen(
           ~~~~~~~~~~~~^
        method,
        ^^^^^^^
    ...<13 lines>...
        **response_kw,
        ^^^^^^^^^^^^^^
    )
    ^
  File "D:\Python313\Lib\site-packages\urllib3\connectionpool.py", line 871, in urlopen
    return self.urlopen(
           ~~~~~~~~~~~~^
        method,
        ^^^^^^^
    ...<13 lines>...
        **response_kw,
        ^^^^^^^^^^^^^^
    )
    ^
  File "D:\Python313\Lib\site-packages\urllib3\connectionpool.py", line 871, in urlopen
    return self.urlopen(
           ~~~~~~~~~~~~^
        method,
        ^^^^^^^
    ...<13 lines>...
        **response_kw,
        ^^^^^^^^^^^^^^
    )
    ^
  File "D:\Python313\Lib\site-packages\urllib3\connectionpool.py", line 841, in urlopen
    retries = retries.increment(
        method, url, error=new_e, _pool=self, _stacktrace=sys.exc_info()[2]
    )
  File "D:\Python313\Lib\site-packages\urllib3\util\retry.py", line 519, in increment
    raise MaxRetryError(_pool, url, reason) from reason  # type: ignore[arg-type]
    ^^^^^^^^^^^^^^^^^^^^^^^^^^^^^^^^^^^^^^^^^^^^^^^^^^^
urllib3.exceptions.MaxRetryError: HTTPConnectionPool(host='127.0.0.1', port=4723): Max retries exceeded with url: /wd/hub/session (Caused by NewConnectionError('<urllib3.connection.HTTPConnection object at 0x000001563DBB5480>: Failed to establish a new connection: [WinError 10061] 由于目标计算机积极拒绝，无法连接。'))
2025-08-17 02:37:19,189 - ERROR - test_app_1.py - 94 - maximum recursion depth exceeded
Traceback (most recent call last):
  File "D:\PythonStoreHouse\auto_test_quiz\ddt\test_app_1.py", line 74, in test_suite
    res = self.run_step(params)
  File "D:\Python313\Lib\site-packages\allure_commons\_allure.py", line 202, in impl
    return func(*a, **kw)
  File "D:\PythonStoreHouse\auto_test_quiz\ddt\test_app_1.py", line 30, in run_step
    return func(*args[1:])
  File "D:\PythonStoreHouse\auto_test_quiz\keywords\appkeys.py", line 70, in run_appium
    self.stop_appium(port)
    ~~~~~~~~~~~~~~~~^^^^^^
  File "D:\PythonStoreHouse\auto_test_quiz\keywords\appkeys.py", line 30, in stop_appium
    self.stop_appium(port)
    ~~~~~~~~~~~~~~~~^^^^^^
  File "D:\PythonStoreHouse\auto_test_quiz\keywords\appkeys.py", line 30, in stop_appium
    self.stop_appium(port)
    ~~~~~~~~~~~~~~~~^^^^^^
  File "D:\PythonStoreHouse\auto_test_quiz\keywords\appkeys.py", line 30, in stop_appium
    self.stop_appium(port)
    ~~~~~~~~~~~~~~~~^^^^^^
  [Previous line repeated 962 more times]
RecursionError: maximum recursion depth exceeded
2025-08-17 02:39:04,471 - ERROR - test_app_1.py - 94 - maximum recursion depth exceeded
Traceback (most recent call last):
  File "D:\PythonStoreHouse\auto_test_quiz\ddt\test_app_1.py", line 74, in test_suite
    res = self.run_step(params)
  File "D:\Python313\Lib\site-packages\allure_commons\_allure.py", line 202, in impl
    return func(*a, **kw)
  File "D:\PythonStoreHouse\auto_test_quiz\ddt\test_app_1.py", line 30, in run_step
    return func(*args[1:])
  File "D:\PythonStoreHouse\auto_test_quiz\keywords\appkeys.py", line 70, in run_appium
    self.stop_appium(port)
    ~~~~~~~~~~~~~~~~^^^^^^
  File "D:\PythonStoreHouse\auto_test_quiz\keywords\appkeys.py", line 30, in stop_appium
    self.stop_appium(port)
    ~~~~~~~~~~~~~~~~^^^^^^
  File "D:\PythonStoreHouse\auto_test_quiz\keywords\appkeys.py", line 30, in stop_appium
    self.stop_appium(port)
    ~~~~~~~~~~~~~~~~^^^^^^
  File "D:\PythonStoreHouse\auto_test_quiz\keywords\appkeys.py", line 30, in stop_appium
    self.stop_appium(port)
    ~~~~~~~~~~~~~~~~^^^^^^
  [Previous line repeated 962 more times]
RecursionError: maximum recursion depth exceeded
2025-08-17 02:40:36,961 - ERROR - test_app_1.py - 94 - maximum recursion depth exceeded
Traceback (most recent call last):
  File "D:\PythonStoreHouse\auto_test_quiz\ddt\test_app_1.py", line 74, in test_suite
    res = self.run_step(params)
  File "D:\Python313\Lib\site-packages\allure_commons\_allure.py", line 202, in impl
    return func(*a, **kw)
  File "D:\PythonStoreHouse\auto_test_quiz\ddt\test_app_1.py", line 30, in run_step
    return func(*args[1:])
  File "D:\PythonStoreHouse\auto_test_quiz\keywords\appkeys.py", line 71, in run_appium
    self.stop_appium(port)
    ~~~~~~~~~~~~~~~~^^^^^^
  File "D:\PythonStoreHouse\auto_test_quiz\keywords\appkeys.py", line 31, in stop_appium
    self.stop_appium(port)
    ~~~~~~~~~~~~~~~~^^^^^^
  File "D:\PythonStoreHouse\auto_test_quiz\keywords\appkeys.py", line 31, in stop_appium
    self.stop_appium(port)
    ~~~~~~~~~~~~~~~~^^^^^^
  File "D:\PythonStoreHouse\auto_test_quiz\keywords\appkeys.py", line 31, in stop_appium
    self.stop_appium(port)
    ~~~~~~~~~~~~~~~~^^^^^^
  [Previous line repeated 9962 more times]
RecursionError: maximum recursion depth exceeded
2025-08-17 02:42:16,729 - ERROR - test_app_1.py - 94 - maximum recursion depth exceeded
Traceback (most recent call last):
  File "D:\PythonStoreHouse\auto_test_quiz\ddt\test_app_1.py", line 74, in test_suite
    res = self.run_step(params)
  File "D:\Python313\Lib\site-packages\allure_commons\_allure.py", line 202, in impl
    return func(*a, **kw)
  File "D:\PythonStoreHouse\auto_test_quiz\ddt\test_app_1.py", line 30, in run_step
    return func(*args[1:])
  File "D:\PythonStoreHouse\auto_test_quiz\keywords\appkeys.py", line 70, in run_appium
    self.stop_appium(port)
    ~~~~~~~~~~~~~~~~^^^^^^
  File "D:\PythonStoreHouse\auto_test_quiz\keywords\appkeys.py", line 30, in stop_appium
    self.stop_appium(port)
    ~~~~~~~~~~~~~~~~^^^^^^
  File "D:\PythonStoreHouse\auto_test_quiz\keywords\appkeys.py", line 30, in stop_appium
    self.stop_appium(port)
    ~~~~~~~~~~~~~~~~^^^^^^
  File "D:\PythonStoreHouse\auto_test_quiz\keywords\appkeys.py", line 30, in stop_appium
    self.stop_appium(port)
    ~~~~~~~~~~~~~~~~^^^^^^
  [Previous line repeated 9962 more times]
RecursionError: maximum recursion depth exceeded
2025-08-17 02:47:50,528 - WARNING - appkeys.py - 49 - 没有找到appium进程
2025-08-17 02:47:50,529 - INFO - appkeys.py - 64 - 启动Appium命令：node "D:\Program Files\Appium\resources\app\node_modules\appium\build\lib\main.js" --port 4723
2025-08-17 02:47:50,533 - INFO - appkeys.py - 74 - appium服务正在启动...
2025-08-17 02:48:00,568 - ERROR - appkeys.py - 83 - Appium服务启动失败，命令：node "D:\Program Files\Appium\resources\app\node_modules\appium\build\lib\main.js" --port 4723
2025-08-17 02:48:00,569 - ERROR - appkeys.py - 86 - 启动错误信息：'node' 不是内部或外部命令，也不是可运行的程序
或批处理文件。

2025-08-17 02:48:02,800 - WARNING - connectionpool.py - 868 - Retrying (Retry(total=2, connect=None, read=None, redirect=None, status=None)) after connection broken by 'NewConnectionError('<urllib3.connection.HTTPConnection object at 0x000001FDDA83A510>: Failed to establish a new connection: [WinError 10061] 由于目标计算机积极拒绝，无法连接。')': /wd/hub/session
2025-08-17 02:48:04,849 - WARNING - connectionpool.py - 868 - Retrying (Retry(total=1, connect=None, read=None, redirect=None, status=None)) after connection broken by 'NewConnectionError('<urllib3.connection.HTTPConnection object at 0x000001FDDA865090>: Failed to establish a new connection: [WinError 10061] 由于目标计算机积极拒绝，无法连接。')': /wd/hub/session
2025-08-17 02:48:06,895 - WARNING - connectionpool.py - 868 - Retrying (Retry(total=0, connect=None, read=None, redirect=None, status=None)) after connection broken by 'NewConnectionError('<urllib3.connection.HTTPConnection object at 0x000001FDDA865310>: Failed to establish a new connection: [WinError 10061] 由于目标计算机积极拒绝，无法连接。')': /wd/hub/session
2025-08-17 02:48:08,950 - ERROR - test_app_1.py - 94 - HTTPConnectionPool(host='127.0.0.1', port=4723): Max retries exceeded with url: /wd/hub/session (Caused by NewConnectionError('<urllib3.connection.HTTPConnection object at 0x000001FDDA8610F0>: Failed to establish a new connection: [WinError 10061] 由于目标计算机积极拒绝，无法连接。'))
Traceback (most recent call last):
  File "D:\Python313\Lib\site-packages\urllib3\connection.py", line 198, in _new_conn
    sock = connection.create_connection(
        (self._dns_host, self.port),
    ...<2 lines>...
        socket_options=self.socket_options,
    )
  File "D:\Python313\Lib\site-packages\urllib3\util\connection.py", line 85, in create_connection
    raise err
  File "D:\Python313\Lib\site-packages\urllib3\util\connection.py", line 73, in create_connection
    sock.connect(sa)
    ~~~~~~~~~~~~^^^^
ConnectionRefusedError: [WinError 10061] 由于目标计算机积极拒绝，无法连接。

The above exception was the direct cause of the following exception:

Traceback (most recent call last):
  File "D:\Python313\Lib\site-packages\urllib3\connectionpool.py", line 787, in urlopen
    response = self._make_request(
        conn,
    ...<10 lines>...
        **response_kw,
    )
  File "D:\Python313\Lib\site-packages\urllib3\connectionpool.py", line 493, in _make_request
    conn.request(
    ~~~~~~~~~~~~^
        method,
        ^^^^^^^
    ...<6 lines>...
        enforce_content_length=enforce_content_length,
        ^^^^^^^^^^^^^^^^^^^^^^^^^^^^^^^^^^^^^^^^^^^^^^
    )
    ^
  File "D:\Python313\Lib\site-packages\urllib3\connection.py", line 494, in request
    self.endheaders()
    ~~~~~~~~~~~~~~~^^
  File "D:\Python313\Lib\http\client.py", line 1333, in endheaders
    self._send_output(message_body, encode_chunked=encode_chunked)
    ~~~~~~~~~~~~~~~~~^^^^^^^^^^^^^^^^^^^^^^^^^^^^^^^^^^^^^^^^^^^^^
  File "D:\Python313\Lib\http\client.py", line 1093, in _send_output
    self.send(msg)
    ~~~~~~~~~^^^^^
  File "D:\Python313\Lib\http\client.py", line 1037, in send
    self.connect()
    ~~~~~~~~~~~~^^
  File "D:\Python313\Lib\site-packages\urllib3\connection.py", line 325, in connect
    self.sock = self._new_conn()
                ~~~~~~~~~~~~~~^^
  File "D:\Python313\Lib\site-packages\urllib3\connection.py", line 213, in _new_conn
    raise NewConnectionError(
        self, f"Failed to establish a new connection: {e}"
    ) from e
urllib3.exceptions.NewConnectionError: <urllib3.connection.HTTPConnection object at 0x000001FDDA8610F0>: Failed to establish a new connection: [WinError 10061] 由于目标计算机积极拒绝，无法连接。

The above exception was the direct cause of the following exception:

Traceback (most recent call last):
  File "D:\PythonStoreHouse\auto_test_quiz\ddt\test_app_1.py", line 74, in test_suite
    res = self.run_step(params)
  File "D:\Python313\Lib\site-packages\allure_commons\_allure.py", line 202, in impl
    return func(*a, **kw)
  File "D:\PythonStoreHouse\auto_test_quiz\ddt\test_app_1.py", line 30, in run_step
    return func(*args[1:])
  File "D:\PythonStoreHouse\auto_test_quiz\keywords\appkeys.py", line 106, in run_app
    self.driver = webdriver.Remote(
                  ~~~~~~~~~~~~~~~~^
        f"http://127.0.0.1:{self.port}/wd/hub",
        ^^^^^^^^^^^^^^^^^^^^^^^^^^^^^^^^^^^^^^^
        options=options
        ^^^^^^^^^^^^^^^
    )
    ^
  File "D:\Python313\Lib\site-packages\appium\webdriver\webdriver.py", line 238, in __init__
    super().__init__(
    ~~~~~~~~~~~~~~~~^
        command_executor=command_executor,
        ^^^^^^^^^^^^^^^^^^^^^^^^^^^^^^^^^^
    ...<3 lines>...
        client_config=client_config,
        ^^^^^^^^^^^^^^^^^^^^^^^^^^^^
    )
    ^
  File "D:\Python313\Lib\site-packages\selenium\webdriver\remote\webdriver.py", line 263, in __init__
    self.start_session(capabilities)
    ~~~~~~~~~~~~~~~~~~^^^^^^^^^^^^^^
  File "D:\Python313\Lib\site-packages\appium\webdriver\webdriver.py", line 329, in start_session
    response = self.execute(RemoteCommand.NEW_SESSION, w3c_caps)
  File "D:\Python313\Lib\site-packages\selenium\webdriver\remote\webdriver.py", line 455, in execute
    response = cast(RemoteConnection, self.command_executor).execute(driver_command, params)
  File "D:\Python313\Lib\site-packages\selenium\webdriver\remote\remote_connection.py", line 406, in execute
    return self._request(command_info[0], url, body=data)
           ~~~~~~~~~~~~~^^^^^^^^^^^^^^^^^^^^^^^^^^^^^^^^^
  File "D:\Python313\Lib\site-packages\selenium\webdriver\remote\remote_connection.py", line 430, in _request
    response = self._conn.request(method, url, body=body, headers=headers, timeout=self._client_config.timeout)
  File "D:\Python313\Lib\site-packages\urllib3\_request_methods.py", line 143, in request
    return self.request_encode_body(
           ~~~~~~~~~~~~~~~~~~~~~~~~^
        method, url, fields=fields, headers=headers, **urlopen_kw
        ^^^^^^^^^^^^^^^^^^^^^^^^^^^^^^^^^^^^^^^^^^^^^^^^^^^^^^^^^
    )
    ^
  File "D:\Python313\Lib\site-packages\urllib3\_request_methods.py", line 278, in request_encode_body
    return self.urlopen(method, url, **extra_kw)
           ~~~~~~~~~~~~^^^^^^^^^^^^^^^^^^^^^^^^^
  File "D:\Python313\Lib\site-packages\urllib3\poolmanager.py", line 459, in urlopen
    response = conn.urlopen(method, u.request_uri, **kw)
  File "D:\Python313\Lib\site-packages\urllib3\connectionpool.py", line 871, in urlopen
    return self.urlopen(
           ~~~~~~~~~~~~^
        method,
        ^^^^^^^
    ...<13 lines>...
        **response_kw,
        ^^^^^^^^^^^^^^
    )
    ^
  File "D:\Python313\Lib\site-packages\urllib3\connectionpool.py", line 871, in urlopen
    return self.urlopen(
           ~~~~~~~~~~~~^
        method,
        ^^^^^^^
    ...<13 lines>...
        **response_kw,
        ^^^^^^^^^^^^^^
    )
    ^
  File "D:\Python313\Lib\site-packages\urllib3\connectionpool.py", line 871, in urlopen
    return self.urlopen(
           ~~~~~~~~~~~~^
        method,
        ^^^^^^^
    ...<13 lines>...
        **response_kw,
        ^^^^^^^^^^^^^^
    )
    ^
  File "D:\Python313\Lib\site-packages\urllib3\connectionpool.py", line 841, in urlopen
    retries = retries.increment(
        method, url, error=new_e, _pool=self, _stacktrace=sys.exc_info()[2]
    )
  File "D:\Python313\Lib\site-packages\urllib3\util\retry.py", line 519, in increment
    raise MaxRetryError(_pool, url, reason) from reason  # type: ignore[arg-type]
    ^^^^^^^^^^^^^^^^^^^^^^^^^^^^^^^^^^^^^^^^^^^^^^^^^^^
urllib3.exceptions.MaxRetryError: HTTPConnectionPool(host='127.0.0.1', port=4723): Max retries exceeded with url: /wd/hub/session (Caused by NewConnectionError('<urllib3.connection.HTTPConnection object at 0x000001FDDA8610F0>: Failed to establish a new connection: [WinError 10061] 由于目标计算机积极拒绝，无法连接。'))
2025-08-17 02:51:21,521 - WARNING - appkeys.py - 49 - 没有找到appium进程
2025-08-17 02:51:21,521 - INFO - appkeys.py - 64 - 启动Appium命令：node "D:\Program Files\Appium\resources\app\node_modules\appium\build\lib\main.js" --port 4723
2025-08-17 02:51:21,526 - INFO - appkeys.py - 74 - appium服务正在启动...
2025-08-17 02:51:31,559 - INFO - appkeys.py - 81 - Appium服务已在端口 4723 启动成功
2025-08-17 02:55:02,360 - WARNING - appkeys.py - 49 - 没有找到appium进程
2025-08-17 02:55:02,360 - INFO - appkeys.py - 64 - 启动Appium命令：node "D:\Program Files\Appium\resources\app\node_modules\appium\build\lib\main.js" --port 4723
2025-08-17 02:55:02,364 - INFO - appkeys.py - 74 - appium服务正在启动...
2025-08-17 02:55:12,400 - INFO - appkeys.py - 81 - Appium服务已在端口 4723 启动成功
2025-08-17 02:57:36,732 - WARNING - appkeys.py - 49 - 没有找到appium进程
2025-08-17 02:57:36,732 - INFO - appkeys.py - 64 - 启动Appium命令：node "D:\Program Files\Appium\resources\app\node_modules\appium\build\lib\main.js" --port 4723
2025-08-17 02:57:36,737 - INFO - appkeys.py - 74 - appium服务正在启动...
2025-08-17 02:57:46,771 - INFO - appkeys.py - 81 - Appium服务已在端口 4723 启动成功
2025-08-17 13:18:33,405 - WARNING - appkeys.py - 49 - 没有找到appium进程
2025-08-17 13:18:33,406 - INFO - appkeys.py - 64 - 启动Appium命令：node "D:\Program Files\Appium\resources\app\node_modules\appium\build\lib\main.js" --port 4723
2025-08-17 13:18:33,411 - INFO - appkeys.py - 74 - appium服务正在启动...
2025-08-17 13:18:43,441 - INFO - appkeys.py - 81 - Appium服务已在端口 4723 启动成功
2025-08-17 13:27:01,915 - WARNING - appkeys.py - 50 - 没有找到appium进程
2025-08-17 13:27:01,922 - INFO - appkeys.py - 70 - appium服务正在启动...
2025-08-17 13:27:21,598 - INFO - appkeys.py - 176 - 文本断言成功！预期: Hello Ian, 实际: Hello Ian
2025-08-17 13:49:56,735 - ERROR - excel_ddt.py - 266 - 步骤8截图失败: 'App' object has no attribute 'screenshot'
2025-08-17 13:49:56,875 - WARNING - appkeys.py - 50 - 没有找到appium进程
2025-08-17 13:49:56,875 - INFO - appkeys.py - 70 - appium服务正在启动...
2025-08-17 13:50:15,240 - INFO - appkeys.py - 176 - 文本断言成功！预期: Hello Ian, 实际: Hello Ian
2025-08-17 13:50:15,713 - INFO - appkeys.py - 48 - 已经结束appium进程
2025-08-17 13:50:17,760 - WARNING - connectionpool.py - 868 - Retrying (Retry(total=2, connect=None, read=None, redirect=None, status=None)) after connection broken by 'NewConnectionError('<urllib3.connection.HTTPConnection object at 0x0000015555CF2510>: Failed to establish a new connection: [WinError 10061] 由于目标计算机积极拒绝，无法连接。')': /wd/hub/session/12883022-9655-4ff4-beed-dfa31216a4eb/screenshot
2025-08-17 13:50:19,787 - WARNING - connectionpool.py - 868 - Retrying (Retry(total=1, connect=None, read=None, redirect=None, status=None)) after connection broken by 'NewConnectionError('<urllib3.connection.HTTPConnection object at 0x0000015555C67D90>: Failed to establish a new connection: [WinError 10061] 由于目标计算机积极拒绝，无法连接。')': /wd/hub/session/12883022-9655-4ff4-beed-dfa31216a4eb/screenshot
2025-08-17 13:50:21,825 - WARNING - connectionpool.py - 868 - Retrying (Retry(total=0, connect=None, read=None, redirect=None, status=None)) after connection broken by 'NewConnectionError('<urllib3.connection.HTTPConnection object at 0x0000015555D14550>: Failed to establish a new connection: [WinError 10061] 由于目标计算机积极拒绝，无法连接。')': /wd/hub/session/12883022-9655-4ff4-beed-dfa31216a4eb/screenshot
2025-08-17 13:50:23,877 - ERROR - test_app_1.py - 94 - HTTPConnectionPool(host='127.0.0.1', port=4723): Max retries exceeded with url: /wd/hub/session/12883022-9655-4ff4-beed-dfa31216a4eb/screenshot (Caused by NewConnectionError('<urllib3.connection.HTTPConnection object at 0x0000015555D188A0>: Failed to establish a new connection: [WinError 10061] 由于目标计算机积极拒绝，无法连接。'))
Traceback (most recent call last):
  File "D:\Python313\Lib\site-packages\urllib3\connection.py", line 198, in _new_conn
    sock = connection.create_connection(
        (self._dns_host, self.port),
    ...<2 lines>...
        socket_options=self.socket_options,
    )
  File "D:\Python313\Lib\site-packages\urllib3\util\connection.py", line 85, in create_connection
    raise err
  File "D:\Python313\Lib\site-packages\urllib3\util\connection.py", line 73, in create_connection
    sock.connect(sa)
    ~~~~~~~~~~~~^^^^
ConnectionRefusedError: [WinError 10061] 由于目标计算机积极拒绝，无法连接。

The above exception was the direct cause of the following exception:

Traceback (most recent call last):
  File "D:\Python313\Lib\site-packages\urllib3\connectionpool.py", line 787, in urlopen
    response = self._make_request(
        conn,
    ...<10 lines>...
        **response_kw,
    )
  File "D:\Python313\Lib\site-packages\urllib3\connectionpool.py", line 493, in _make_request
    conn.request(
    ~~~~~~~~~~~~^
        method,
        ^^^^^^^
    ...<6 lines>...
        enforce_content_length=enforce_content_length,
        ^^^^^^^^^^^^^^^^^^^^^^^^^^^^^^^^^^^^^^^^^^^^^^
    )
    ^
  File "D:\Python313\Lib\site-packages\urllib3\connection.py", line 494, in request
    self.endheaders()
    ~~~~~~~~~~~~~~~^^
  File "D:\Python313\Lib\http\client.py", line 1333, in endheaders
    self._send_output(message_body, encode_chunked=encode_chunked)
    ~~~~~~~~~~~~~~~~~^^^^^^^^^^^^^^^^^^^^^^^^^^^^^^^^^^^^^^^^^^^^^
  File "D:\Python313\Lib\http\client.py", line 1093, in _send_output
    self.send(msg)
    ~~~~~~~~~^^^^^
  File "D:\Python313\Lib\http\client.py", line 1037, in send
    self.connect()
    ~~~~~~~~~~~~^^
  File "D:\Python313\Lib\site-packages\urllib3\connection.py", line 325, in connect
    self.sock = self._new_conn()
                ~~~~~~~~~~~~~~^^
  File "D:\Python313\Lib\site-packages\urllib3\connection.py", line 213, in _new_conn
    raise NewConnectionError(
        self, f"Failed to establish a new connection: {e}"
    ) from e
urllib3.exceptions.NewConnectionError: <urllib3.connection.HTTPConnection object at 0x0000015555D188A0>: Failed to establish a new connection: [WinError 10061] 由于目标计算机积极拒绝，无法连接。

The above exception was the direct cause of the following exception:

Traceback (most recent call last):
  File "D:\PythonStoreHouse\auto_test_quiz\ddt\test_app_1.py", line 82, in test_suite
    allure.attach(ddt.obj.driver.get_screenshot_as_png(), '成功截图', allure.attachment_type.PNG)
                  ~~~~~~~~~~~~~~~~~~~~~~~~~~~~~~~~~~~~^^
  File "D:\Python313\Lib\site-packages\selenium\webdriver\remote\webdriver.py", line 1034, in get_screenshot_as_png
    return b64decode(self.get_screenshot_as_base64().encode("ascii"))
                     ~~~~~~~~~~~~~~~~~~~~~~~~~~~~~^^
  File "D:\Python313\Lib\site-packages\selenium\webdriver\remote\webdriver.py", line 1044, in get_screenshot_as_base64
    return self.execute(Command.SCREENSHOT)["value"]
           ~~~~~~~~~~~~^^^^^^^^^^^^^^^^^^^^
  File "D:\Python313\Lib\site-packages\selenium\webdriver\remote\webdriver.py", line 455, in execute
    response = cast(RemoteConnection, self.command_executor).execute(driver_command, params)
  File "D:\Python313\Lib\site-packages\selenium\webdriver\remote\remote_connection.py", line 406, in execute
    return self._request(command_info[0], url, body=data)
           ~~~~~~~~~~~~~^^^^^^^^^^^^^^^^^^^^^^^^^^^^^^^^^
  File "D:\Python313\Lib\site-packages\selenium\webdriver\remote\remote_connection.py", line 430, in _request
    response = self._conn.request(method, url, body=body, headers=headers, timeout=self._client_config.timeout)
  File "D:\Python313\Lib\site-packages\urllib3\_request_methods.py", line 135, in request
    return self.request_encode_url(
           ~~~~~~~~~~~~~~~~~~~~~~~^
        method,
        ^^^^^^^
    ...<3 lines>...
        **urlopen_kw,
        ^^^^^^^^^^^^^
    )
    ^
  File "D:\Python313\Lib\site-packages\urllib3\_request_methods.py", line 182, in request_encode_url
    return self.urlopen(method, url, **extra_kw)
           ~~~~~~~~~~~~^^^^^^^^^^^^^^^^^^^^^^^^^
  File "D:\Python313\Lib\site-packages\urllib3\poolmanager.py", line 459, in urlopen
    response = conn.urlopen(method, u.request_uri, **kw)
  File "D:\Python313\Lib\site-packages\urllib3\connectionpool.py", line 871, in urlopen
    return self.urlopen(
           ~~~~~~~~~~~~^
        method,
        ^^^^^^^
    ...<13 lines>...
        **response_kw,
        ^^^^^^^^^^^^^^
    )
    ^
  File "D:\Python313\Lib\site-packages\urllib3\connectionpool.py", line 871, in urlopen
    return self.urlopen(
           ~~~~~~~~~~~~^
        method,
        ^^^^^^^
    ...<13 lines>...
        **response_kw,
        ^^^^^^^^^^^^^^
    )
    ^
  File "D:\Python313\Lib\site-packages\urllib3\connectionpool.py", line 871, in urlopen
    return self.urlopen(
           ~~~~~~~~~~~~^
        method,
        ^^^^^^^
    ...<13 lines>...
        **response_kw,
        ^^^^^^^^^^^^^^
    )
    ^
  File "D:\Python313\Lib\site-packages\urllib3\connectionpool.py", line 841, in urlopen
    retries = retries.increment(
        method, url, error=new_e, _pool=self, _stacktrace=sys.exc_info()[2]
    )
  File "D:\Python313\Lib\site-packages\urllib3\util\retry.py", line 519, in increment
    raise MaxRetryError(_pool, url, reason) from reason  # type: ignore[arg-type]
    ^^^^^^^^^^^^^^^^^^^^^^^^^^^^^^^^^^^^^^^^^^^^^^^^^^^
urllib3.exceptions.MaxRetryError: HTTPConnectionPool(host='127.0.0.1', port=4723): Max retries exceeded with url: /wd/hub/session/12883022-9655-4ff4-beed-dfa31216a4eb/screenshot (Caused by NewConnectionError('<urllib3.connection.HTTPConnection object at 0x0000015555D188A0>: Failed to establish a new connection: [WinError 10061] 由于目标计算机积极拒绝，无法连接。'))
2025-08-17 13:50:25,936 - WARNING - connectionpool.py - 868 - Retrying (Retry(total=2, connect=None, read=None, redirect=None, status=None)) after connection broken by 'NewConnectionError('<urllib3.connection.HTTPConnection object at 0x0000015555D18E90>: Failed to establish a new connection: [WinError 10061] 由于目标计算机积极拒绝，无法连接。')': /wd/hub/session/12883022-9655-4ff4-beed-dfa31216a4eb/screenshot
2025-08-17 13:50:27,980 - WARNING - connectionpool.py - 868 - Retrying (Retry(total=1, connect=None, read=None, redirect=None, status=None)) after connection broken by 'NewConnectionError('<urllib3.connection.HTTPConnection object at 0x0000015555C4BAD0>: Failed to establish a new connection: [WinError 10061] 由于目标计算机积极拒绝，无法连接。')': /wd/hub/session/12883022-9655-4ff4-beed-dfa31216a4eb/screenshot
2025-08-17 13:50:30,010 - WARNING - connectionpool.py - 868 - Retrying (Retry(total=0, connect=None, read=None, redirect=None, status=None)) after connection broken by 'NewConnectionError('<urllib3.connection.HTTPConnection object at 0x0000015555CD2030>: Failed to establish a new connection: [WinError 10061] 由于目标计算机积极拒绝，无法连接。')': /wd/hub/session/12883022-9655-4ff4-beed-dfa31216a4eb/screenshot
2025-08-17 14:17:03,994 - WARNING - appkeys.py - 50 - 没有找到appium进程
2025-08-17 14:17:03,994 - INFO - appkeys.py - 70 - appium服务正在启动...
2025-08-17 14:17:22,576 - INFO - appkeys.py - 176 - 文本断言成功！预期: Hello Ian, 实际: Hello Ian
2025-08-17 14:17:23,501 - INFO - appkeys.py - 48 - 已经结束appium进程
2025-08-17 14:22:43,712 - WARNING - appkeys.py - 50 - 没有找到appium进程
2025-08-17 14:22:43,713 - INFO - appkeys.py - 70 - appium服务正在启动...
2025-08-17 14:23:00,170 - ERROR - test_app_1.py - 119 - type object 'datetime.time' has no attribute 'sleep'
Traceback (most recent call last):
  File "D:\PythonStoreHouse\auto_test_quiz\ddt\test_app_1.py", line 83, in test_suite
    res = self.run_step(params)
  File "D:\Python313\Lib\site-packages\allure_commons\_allure.py", line 202, in impl
    return func(*a, **kw)
  File "D:\PythonStoreHouse\auto_test_quiz\ddt\test_app_1.py", line 31, in run_step
    time.sleep(1)
    ^^^^^^^^^^
AttributeError: type object 'datetime.time' has no attribute 'sleep'
2025-08-17 14:23:59,571 - INFO - appkeys.py - 48 - 已经结束appium进程
2025-08-17 14:23:59,571 - INFO - appkeys.py - 70 - appium服务正在启动...
2025-08-17 14:24:19,154 - INFO - appkeys.py - 176 - 文本断言成功！预期: Hello Ian, 实际: Hello Ian
2025-08-17 14:24:20,745 - INFO - appkeys.py - 48 - 已经结束appium进程
2025-08-17 14:44:37,137 - INFO - appkeys.py - 48 - 已经结束appium进程
2025-08-17 14:44:37,138 - INFO - appkeys.py - 70 - appium服务正在启动...
2025-08-17 14:44:57,980 - INFO - appkeys.py - 176 - 文本断言成功！预期: Hello Ian, 实际: Hello Ian
2025-08-17 14:45:01,136 - INFO - appkeys.py - 176 - 文本断言成功！预期: This is a demo for Appium Inspector, 实际: This is a demo for Appium Inspector
2025-08-17 14:45:02,708 - INFO - appkeys.py - 48 - 已经结束appium进程
2025-08-17 14:48:22,772 - WARNING - appkeys.py - 50 - 没有找到appium进程
2025-08-17 14:48:22,772 - INFO - appkeys.py - 70 - appium服务正在启动...
2025-08-17 14:48:44,096 - INFO - appkeys.py - 176 - 文本断言成功！预期: Hello Ian, 实际: Hello Ian
2025-08-17 14:48:47,266 - INFO - appkeys.py - 176 - 文本断言成功！预期: This is a demo for Appium Inspector, 实际: This is a demo for Appium Inspector
2025-08-17 14:48:51,021 - ERROR - appkeys.py - 178 - 文本断言出错: 文本断言失败！预期: hello Word, 实际: This is a demo for Appium Inspector
2025-08-17 14:48:51,024 - ERROR - test_app_2.py - 101 - 文本断言失败！预期: hello Word, 实际: This is a demo for Appium Inspector
Traceback (most recent call last):
  File "D:\PythonStoreHouse\auto_test_quiz\ddt\test_app_2.py", line 82, in test_suite
    res = self.run_step(params)
  File "D:\Python313\Lib\site-packages\allure_commons\_allure.py", line 202, in impl
    return func(*a, **kw)
  File "D:\PythonStoreHouse\auto_test_quiz\ddt\test_app_2.py", line 37, in run_step
    return func(*args[1:])
  File "D:\PythonStoreHouse\auto_test_quiz\keywords\appkeys.py", line 174, in assert_text
    assert actual_text == expected_text, \
           ^^^^^^^^^^^^^^^^^^^^^^^^^^^^
AssertionError: 文本断言失败！预期: hello Word, 实际: This is a demo for Appium Inspector
2025-08-17 15:10:56,962 - WARNING - selenium_manager.py - 137 - There was an error managing msedgedriver (error sending request for url (https://msedgedriver.microsoft.com/LATEST_RELEASE_139_WINDOWS)); using driver found in the cache
2025-08-17 15:16:15,555 - WARNING - appkeys.py - 49 - 没有找到appium进程
2025-08-17 15:16:15,556 - INFO - appkeys.py - 69 - appium服务正在启动...
2025-08-17 15:16:35,958 - INFO - appkeys.py - 175 - 文本断言成功！预期: Hello Ian, 实际: Hello Ian
2025-08-17 15:16:39,109 - INFO - appkeys.py - 175 - 文本断言成功！预期: This is a demo for Appium Inspector, 实际: This is a demo for Appium Inspector
2025-08-17 15:19:39,998 - INFO - appkeys.py - 47 - 已经结束appium进程
2025-08-17 15:19:39,999 - INFO - appkeys.py - 69 - appium服务正在启动...
2025-08-17 15:20:01,702 - INFO - appkeys.py - 175 - 文本断言成功！预期: Hello Ian, 实际: Hello Ian
2025-08-17 15:20:04,828 - INFO - appkeys.py - 175 - 文本断言成功！预期: This is a demo for Appium Inspector, 实际: This is a demo for Appium Inspector
2025-08-17 15:22:10,559 - INFO - appkeys.py - 47 - 已经结束appium进程
2025-08-17 15:22:10,559 - INFO - appkeys.py - 69 - appium服务正在启动...
2025-08-17 15:22:30,707 - INFO - appkeys.py - 175 - 文本断言成功！预期: Hello Ian, 实际: Hello Ian
2025-08-17 15:22:33,831 - INFO - appkeys.py - 175 - 文本断言成功！预期: This is a demo for Appium Inspector, 实际: This is a demo for Appium Inspector
2025-08-17 15:22:37,566 - ERROR - appkeys.py - 177 - 文本断言出错: 文本断言失败！预期: hello Word, 实际: This is a demo for Appium Inspector
2025-08-17 15:22:37,574 - ERROR - test_app_2.py - 101 - 文本断言失败！预期: hello Word, 实际: This is a demo for Appium Inspector
Traceback (most recent call last):
  File "D:\PythonStoreHouse\auto_test_quiz\ddt\test_app_2.py", line 82, in test_suite
    res = self.run_step(params)
  File "D:\Python313\Lib\site-packages\allure_commons\_allure.py", line 202, in impl
    return func(*a, **kw)
  File "D:\PythonStoreHouse\auto_test_quiz\ddt\test_app_2.py", line 37, in run_step
    return func(*args[1:])
  File "D:\PythonStoreHouse\auto_test_quiz\keywords\appkeys.py", line 173, in assert_text
    assert actual_text == expected_text, \
           ^^^^^^^^^^^^^^^^^^^^^^^^^^^^
AssertionError: 文本断言失败！预期: hello Word, 实际: This is a demo for Appium Inspector
2025-08-17 15:33:55,126 - WARNING - appkeys.py - 49 - 没有找到appium进程
2025-08-17 15:33:55,126 - INFO - appkeys.py - 69 - appium服务正在启动...
2025-08-17 15:34:16,104 - INFO - appkeys.py - 175 - 文本断言成功！预期: Hello Ian, 实际: Hello Ian
2025-08-17 15:34:19,352 - INFO - appkeys.py - 175 - 文本断言成功！预期: This is a demo for Appium Inspector, 实际: This is a demo for Appium Inspector
2025-08-17 15:34:23,078 - ERROR - appkeys.py - 177 - 文本断言出错: 文本断言失败！预期: hello Word, 实际: This is a demo for Appium Inspector
2025-08-17 15:34:23,081 - ERROR - test_app_2.py - 101 - 文本断言失败！预期: hello Word, 实际: This is a demo for Appium Inspector
Traceback (most recent call last):
  File "D:\PythonStoreHouse\auto_test_quiz\ddt\test_app_2.py", line 82, in test_suite
    res = self.run_step(params)
  File "D:\Python313\Lib\site-packages\allure_commons\_allure.py", line 202, in impl
    return func(*a, **kw)
  File "D:\PythonStoreHouse\auto_test_quiz\ddt\test_app_2.py", line 37, in run_step
    return func(*args[1:])
  File "D:\PythonStoreHouse\auto_test_quiz\keywords\appkeys.py", line 173, in assert_text
    assert actual_text == expected_text, \
           ^^^^^^^^^^^^^^^^^^^^^^^^^^^^
AssertionError: 文本断言失败！预期: hello Word, 实际: This is a demo for Appium Inspector
2025-08-17 15:37:52,404 - INFO - appkeys.py - 47 - 已经结束appium进程
2025-08-17 15:37:52,404 - INFO - appkeys.py - 69 - appium服务正在启动...
2025-08-17 15:38:13,614 - INFO - appkeys.py - 175 - 文本断言成功！预期: Hello Ian, 实际: Hello Ian
2025-08-17 15:38:17,079 - INFO - appkeys.py - 175 - 文本断言成功！预期: This is a demo for Appium Inspector, 实际: This is a demo for Appium Inspector
2025-08-17 15:38:20,853 - ERROR - appkeys.py - 177 - 文本断言出错: 文本断言失败！预期: hello Word, 实际: This is a demo for Appium Inspector
2025-08-17 15:38:20,856 - ERROR - test_app_2.py - 101 - 文本断言失败！预期: hello Word, 实际: This is a demo for Appium Inspector
Traceback (most recent call last):
  File "D:\PythonStoreHouse\auto_test_quiz\ddt\test_app_2.py", line 82, in test_suite
    res = self.run_step(params)
  File "D:\Python313\Lib\site-packages\allure_commons\_allure.py", line 202, in impl
    return func(*a, **kw)
  File "D:\PythonStoreHouse\auto_test_quiz\ddt\test_app_2.py", line 37, in run_step
    return func(*args[1:])
  File "D:\PythonStoreHouse\auto_test_quiz\keywords\appkeys.py", line 173, in assert_text
    assert actual_text == expected_text, \
           ^^^^^^^^^^^^^^^^^^^^^^^^^^^^
AssertionError: 文本断言失败！预期: hello Word, 实际: This is a demo for Appium Inspector
2025-08-17 15:43:25,321 - INFO - appkeys.py - 47 - 已经结束appium进程
2025-08-17 15:43:25,321 - INFO - appkeys.py - 69 - appium服务正在启动...
2025-08-17 15:43:46,677 - INFO - appkeys.py - 175 - 文本断言成功！预期: Hello Ian, 实际: Hello Ian
2025-08-17 15:43:49,860 - INFO - appkeys.py - 175 - 文本断言成功！预期: This is a demo for Appium Inspector, 实际: This is a demo for Appium Inspector
2025-08-17 15:43:53,618 - ERROR - appkeys.py - 177 - 文本断言出错: 文本断言失败！预期: hello Word, 实际: This is a demo for Appium Inspector
2025-08-17 15:43:53,621 - ERROR - test_app_2.py - 101 - 文本断言失败！预期: hello Word, 实际: This is a demo for Appium Inspector
Traceback (most recent call last):
  File "D:\PythonStoreHouse\auto_test_quiz\ddt\test_app_2.py", line 82, in test_suite
    res = self.run_step(params)
  File "D:\Python313\Lib\site-packages\allure_commons\_allure.py", line 202, in impl
    return func(*a, **kw)
  File "D:\PythonStoreHouse\auto_test_quiz\ddt\test_app_2.py", line 37, in run_step
    return func(*args[1:])
  File "D:\PythonStoreHouse\auto_test_quiz\keywords\appkeys.py", line 173, in assert_text
    assert actual_text == expected_text, \
           ^^^^^^^^^^^^^^^^^^^^^^^^^^^^
AssertionError: 文本断言失败！预期: hello Word, 实际: This is a demo for Appium Inspector
2025-08-17 15:46:18,886 - INFO - appkeys.py - 47 - 已经结束appium进程
2025-08-17 15:46:18,886 - INFO - appkeys.py - 69 - appium服务正在启动...
2025-08-17 15:46:40,446 - INFO - appkeys.py - 175 - 文本断言成功！预期: Hello Ian, 实际: Hello Ian
2025-08-17 15:46:43,634 - INFO - appkeys.py - 175 - 文本断言成功！预期: This is a demo for Appium Inspector, 实际: This is a demo for Appium Inspector
2025-08-17 15:46:47,338 - ERROR - appkeys.py - 177 - 文本断言出错: 文本断言失败！预期: hello Word, 实际: This is a demo for Appium Inspector
2025-08-17 15:46:47,343 - ERROR - test_app_2.py - 101 - 文本断言失败！预期: hello Word, 实际: This is a demo for Appium Inspector
Traceback (most recent call last):
  File "D:\PythonStoreHouse\auto_test_quiz\ddt\test_app_2.py", line 82, in test_suite
    res = self.run_step(params)
  File "D:\Python313\Lib\site-packages\allure_commons\_allure.py", line 202, in impl
    return func(*a, **kw)
  File "D:\PythonStoreHouse\auto_test_quiz\ddt\test_app_2.py", line 37, in run_step
    return func(*args[1:])
  File "D:\PythonStoreHouse\auto_test_quiz\keywords\appkeys.py", line 173, in assert_text
    assert actual_text == expected_text, \
           ^^^^^^^^^^^^^^^^^^^^^^^^^^^^
AssertionError: 文本断言失败！预期: hello Word, 实际: This is a demo for Appium Inspector
2025-08-17 15:48:57,394 - INFO - webkeys.py - 180 - 断言，实际结果：https://practicetestautomation.com/logged-in-successfully/   --- 期望值：practicetestautomation.com/logged-in-successfully/
2025-08-17 15:49:11,696 - INFO - webkeys.py - 265 - 页面已成功刷新
2025-08-17 15:49:27,184 - ERROR - test_web_2.py - 96 - [ElementNotInteractable] 元素不可交互: $Save
Traceback (most recent call last):
  File "D:\PythonStoreHouse\auto_test_quiz\keywords\webkeys.py", line 143, in click
    ele.click()
    ~~~~~~~~~^^
  File "D:\Python313\Lib\site-packages\selenium\webdriver\remote\webelement.py", line 120, in click
    self._execute(Command.CLICK_ELEMENT)
    ~~~~~~~~~~~~~^^^^^^^^^^^^^^^^^^^^^^^
  File "D:\Python313\Lib\site-packages\selenium\webdriver\remote\webelement.py", line 573, in _execute
    return self._parent.execute(command, params)
           ~~~~~~~~~~~~~~~~~~~~^^^^^^^^^^^^^^^^^
  File "D:\Python313\Lib\site-packages\selenium\webdriver\remote\webdriver.py", line 458, in execute
    self.error_handler.check_response(response)
    ~~~~~~~~~~~~~~~~~~~~~~~~~~~~~~~~~^^^^^^^^^^
  File "D:\Python313\Lib\site-packages\selenium\webdriver\remote\errorhandler.py", line 232, in check_response
    raise exception_class(message, screen, stacktrace)
selenium.common.exceptions.ElementNotInteractableException: Message: element not interactable
  (Session info: MicrosoftEdge=139.0.3405.86); For documentation on this error, please visit: https://www.selenium.dev/documentation/webdriver/troubleshooting/errors#elementnotinteractableexception
Stacktrace:
	GetHandleVerifier [0x0x7ff702e9e785+22117]
	(No symbol) [0x0x7ff702deee00]
	(No symbol) [0x0x7ff702bbcdb0]
	(No symbol) [0x0x7ff702c0a745]
	(No symbol) [0x0x7ff702bffcfe]
	(No symbol) [0x0x7ff702c2a7ea]
	(No symbol) [0x0x7ff702bff68d]
	(No symbol) [0x0x7ff702bff54d]
	(No symbol) [0x0x7ff702c2aab0]
	(No symbol) [0x0x7ff702bff68d]
	(No symbol) [0x0x7ff702c4762f]
	(No symbol) [0x0x7ff702c2a553]
	(No symbol) [0x0x7ff702bfeb86]
	(No symbol) [0x0x7ff702bfde11]
	(No symbol) [0x0x7ff702bfe9b3]
	(No symbol) [0x0x7ff702cf907d]
	(No symbol) [0x0x7ff702d05fe8]
	GetHandleVerifier [0x0x7ff702f7f277+942423]
	GetHandleVerifier [0x0x7ff702f88221+979201]
	(No symbol) [0x0x7ff702dfc3b1]
	(No symbol) [0x0x7ff702df4d64]
	(No symbol) [0x0x7ff702df4eb3]
	(No symbol) [0x0x7ff702de7016]
	BaseThreadInitThunk [0x0x7fff1474259d+29]
	RtlUserThreadStart [0x0x7fff14b4af38+40]


The above exception was the direct cause of the following exception:

Traceback (most recent call last):
  File "D:\PythonStoreHouse\auto_test_quiz\ddt\test_web_2.py", line 81, in test_suite
    res = self.run_step(params)
  File "D:\Python313\Lib\site-packages\allure_commons\_allure.py", line 202, in impl
    return func(*a, **kw)
  File "D:\PythonStoreHouse\auto_test_quiz\ddt\test_web_2.py", line 34, in run_step
    return func(*args[1:])
  File "D:\PythonStoreHouse\auto_test_quiz\keywords\webkeys.py", line 145, in click
    raise AssertionError(f"[ElementNotInteractable] 元素不可交互: {lo}") from e
AssertionError: [ElementNotInteractable] 元素不可交互: $Save
2025-08-17 15:49:28,700 - INFO - webkeys.py - 265 - 页面已成功刷新
2025-08-17 15:49:28,924 - ERROR - test_web_2.py - 116 - Message: invalid element state: Element is not currently interactable and may not be manipulated
  (Session info: MicrosoftEdge=139.0.3405.86)
Stacktrace:
	GetHandleVerifier [0x0x7ff702e9e785+22117]
	(No symbol) [0x0x7ff702deee00]
	GetHandleVerifier [0x0x7ff703124c2c+2669324]
	(No symbol) [0x0x7ff702bc3794]
	(No symbol) [0x0x7ff702bc602c]
	(No symbol) [0x0x7ff702bc60ff]
	(No symbol) [0x0x7ff702c020a4]
	(No symbol) [0x0x7ff702c2a7ea]
	(No symbol) [0x0x7ff702bff68d]
	(No symbol) [0x0x7ff702bff54d]
	(No symbol) [0x0x7ff702c2aab0]
	(No symbol) [0x0x7ff702bff68d]
	(No symbol) [0x0x7ff702c4762f]
	(No symbol) [0x0x7ff702c2a553]
	(No symbol) [0x0x7ff702bfeb86]
	(No symbol) [0x0x7ff702bfde11]
	(No symbol) [0x0x7ff702bfe9b3]
	(No symbol) [0x0x7ff702cf907d]
	(No symbol) [0x0x7ff702d05fe8]
	GetHandleVerifier [0x0x7ff702f7f277+942423]
	GetHandleVerifier [0x0x7ff702f88221+979201]
	(No symbol) [0x0x7ff702dfc3b1]
	(No symbol) [0x0x7ff702df4d64]
	(No symbol) [0x0x7ff702df4eb3]
	(No symbol) [0x0x7ff702de7016]
	BaseThreadInitThunk [0x0x7fff1474259d+29]
	RtlUserThreadStart [0x0x7fff14b4af38+40]
Traceback (most recent call last):
  File "D:\PythonStoreHouse\auto_test_quiz\ddt\test_web_2.py", line 81, in test_suite
    res = self.run_step(params)
  File "D:\Python313\Lib\site-packages\allure_commons\_allure.py", line 202, in impl
    return func(*a, **kw)
  File "D:\PythonStoreHouse\auto_test_quiz\ddt\test_web_2.py", line 34, in run_step
    return func(*args[1:])
  File "D:\PythonStoreHouse\auto_test_quiz\keywords\webkeys.py", line 133, in clear
    ele.clear()
    ~~~~~~~~~^^
  File "D:\Python313\Lib\site-packages\selenium\webdriver\remote\webelement.py", line 155, in clear
    self._execute(Command.CLEAR_ELEMENT)
    ~~~~~~~~~~~~~^^^^^^^^^^^^^^^^^^^^^^^
  File "D:\Python313\Lib\site-packages\selenium\webdriver\remote\webelement.py", line 573, in _execute
    return self._parent.execute(command, params)
           ~~~~~~~~~~~~~~~~~~~~^^^^^^^^^^^^^^^^^
  File "D:\Python313\Lib\site-packages\selenium\webdriver\remote\webdriver.py", line 458, in execute
    self.error_handler.check_response(response)
    ~~~~~~~~~~~~~~~~~~~~~~~~~~~~~~~~~^^^^^^^^^^
  File "D:\Python313\Lib\site-packages\selenium\webdriver\remote\errorhandler.py", line 232, in check_response
    raise exception_class(message, screen, stacktrace)
selenium.common.exceptions.InvalidElementStateException: Message: invalid element state: Element is not currently interactable and may not be manipulated
  (Session info: MicrosoftEdge=139.0.3405.86)
Stacktrace:
	GetHandleVerifier [0x0x7ff702e9e785+22117]
	(No symbol) [0x0x7ff702deee00]
	GetHandleVerifier [0x0x7ff703124c2c+2669324]
	(No symbol) [0x0x7ff702bc3794]
	(No symbol) [0x0x7ff702bc602c]
	(No symbol) [0x0x7ff702bc60ff]
	(No symbol) [0x0x7ff702c020a4]
	(No symbol) [0x0x7ff702c2a7ea]
	(No symbol) [0x0x7ff702bff68d]
	(No symbol) [0x0x7ff702bff54d]
	(No symbol) [0x0x7ff702c2aab0]
	(No symbol) [0x0x7ff702bff68d]
	(No symbol) [0x0x7ff702c4762f]
	(No symbol) [0x0x7ff702c2a553]
	(No symbol) [0x0x7ff702bfeb86]
	(No symbol) [0x0x7ff702bfde11]
	(No symbol) [0x0x7ff702bfe9b3]
	(No symbol) [0x0x7ff702cf907d]
	(No symbol) [0x0x7ff702d05fe8]
	GetHandleVerifier [0x0x7ff702f7f277+942423]
	GetHandleVerifier [0x0x7ff702f88221+979201]
	(No symbol) [0x0x7ff702dfc3b1]
	(No symbol) [0x0x7ff702df4d64]
	(No symbol) [0x0x7ff702df4eb3]
	(No symbol) [0x0x7ff702de7016]
	BaseThreadInitThunk [0x0x7fff1474259d+29]
	RtlUserThreadStart [0x0x7fff14b4af38+40]

2025-08-17 15:49:29,724 - INFO - webkeys.py - 265 - 页面已成功刷新
2025-08-17 15:49:30,359 - ERROR - test_web_2.py - 116 - Message: stale element reference: stale element not found in the current frame
  (Session info: MicrosoftEdge=139.0.3405.86); For documentation on this error, please visit: https://www.selenium.dev/documentation/webdriver/troubleshooting/errors#staleelementreferenceexception
Stacktrace:
	GetHandleVerifier [0x0x7ff702e9e785+22117]
	(No symbol) [0x0x7ff702deee00]
	GetHandleVerifier [0x0x7ff703124c2c+2669324]
	(No symbol) [0x0x7ff702bc3794]
	(No symbol) [0x0x7ff702bc602c]
	(No symbol) [0x0x7ff702bc60ff]
	(No symbol) [0x0x7ff702c0b0a1]
	(No symbol) [0x0x7ff702bffc66]
	(No symbol) [0x0x7ff702c2a7ea]
	(No symbol) [0x0x7ff702bff68d]
	(No symbol) [0x0x7ff702bff54d]
	(No symbol) [0x0x7ff702c2aab0]
	(No symbol) [0x0x7ff702bff68d]
	(No symbol) [0x0x7ff702c4762f]
	(No symbol) [0x0x7ff702c2a553]
	(No symbol) [0x0x7ff702bfeb86]
	(No symbol) [0x0x7ff702bfde11]
	(No symbol) [0x0x7ff702bfe9b3]
	(No symbol) [0x0x7ff702cf907d]
	(No symbol) [0x0x7ff702d05fe8]
	GetHandleVerifier [0x0x7ff702f7f277+942423]
	GetHandleVerifier [0x0x7ff702f88221+979201]
	(No symbol) [0x0x7ff702dfc3b1]
	(No symbol) [0x0x7ff702df4d64]
	(No symbol) [0x0x7ff702df4eb3]
	(No symbol) [0x0x7ff702de7016]
	BaseThreadInitThunk [0x0x7fff1474259d+29]
	RtlUserThreadStart [0x0x7fff14b4af38+40]
Traceback (most recent call last):
  File "D:\PythonStoreHouse\auto_test_quiz\ddt\test_web_2.py", line 81, in test_suite
    res = self.run_step(params)
  File "D:\Python313\Lib\site-packages\allure_commons\_allure.py", line 202, in impl
    return func(*a, **kw)
  File "D:\PythonStoreHouse\auto_test_quiz\ddt\test_web_2.py", line 34, in run_step
    return func(*args[1:])
  File "D:\PythonStoreHouse\auto_test_quiz\keywords\webkeys.py", line 290, in use_element
    target_element.click()
    ~~~~~~~~~~~~~~~~~~~~^^
  File "D:\Python313\Lib\site-packages\selenium\webdriver\remote\webelement.py", line 120, in click
    self._execute(Command.CLICK_ELEMENT)
    ~~~~~~~~~~~~~^^^^^^^^^^^^^^^^^^^^^^^
  File "D:\Python313\Lib\site-packages\selenium\webdriver\remote\webelement.py", line 573, in _execute
    return self._parent.execute(command, params)
           ~~~~~~~~~~~~~~~~~~~~^^^^^^^^^^^^^^^^^
  File "D:\Python313\Lib\site-packages\selenium\webdriver\remote\webdriver.py", line 458, in execute
    self.error_handler.check_response(response)
    ~~~~~~~~~~~~~~~~~~~~~~~~~~~~~~~~~^^^^^^^^^^
  File "D:\Python313\Lib\site-packages\selenium\webdriver\remote\errorhandler.py", line 232, in check_response
    raise exception_class(message, screen, stacktrace)
selenium.common.exceptions.StaleElementReferenceException: Message: stale element reference: stale element not found in the current frame
  (Session info: MicrosoftEdge=139.0.3405.86); For documentation on this error, please visit: https://www.selenium.dev/documentation/webdriver/troubleshooting/errors#staleelementreferenceexception
Stacktrace:
	GetHandleVerifier [0x0x7ff702e9e785+22117]
	(No symbol) [0x0x7ff702deee00]
	GetHandleVerifier [0x0x7ff703124c2c+2669324]
	(No symbol) [0x0x7ff702bc3794]
	(No symbol) [0x0x7ff702bc602c]
	(No symbol) [0x0x7ff702bc60ff]
	(No symbol) [0x0x7ff702c0b0a1]
	(No symbol) [0x0x7ff702bffc66]
	(No symbol) [0x0x7ff702c2a7ea]
	(No symbol) [0x0x7ff702bff68d]
	(No symbol) [0x0x7ff702bff54d]
	(No symbol) [0x0x7ff702c2aab0]
	(No symbol) [0x0x7ff702bff68d]
	(No symbol) [0x0x7ff702c4762f]
	(No symbol) [0x0x7ff702c2a553]
	(No symbol) [0x0x7ff702bfeb86]
	(No symbol) [0x0x7ff702bfde11]
	(No symbol) [0x0x7ff702bfe9b3]
	(No symbol) [0x0x7ff702cf907d]
	(No symbol) [0x0x7ff702d05fe8]
	GetHandleVerifier [0x0x7ff702f7f277+942423]
	GetHandleVerifier [0x0x7ff702f88221+979201]
	(No symbol) [0x0x7ff702dfc3b1]
	(No symbol) [0x0x7ff702df4d64]
	(No symbol) [0x0x7ff702df4eb3]
	(No symbol) [0x0x7ff702de7016]
	BaseThreadInitThunk [0x0x7fff1474259d+29]
	RtlUserThreadStart [0x0x7fff14b4af38+40]

2025-08-17 15:49:31,178 - INFO - webkeys.py - 265 - 页面已成功刷新
2025-08-17 15:52:44,215 - INFO - webkeys.py - 180 - 断言，实际结果：https://practicetestautomation.com/logged-in-successfully/   --- 期望值：practicetestautomation.com/logged-in-successfully/
2025-08-17 15:52:58,310 - INFO - webkeys.py - 265 - 页面已成功刷新
2025-08-17 15:53:13,845 - ERROR - test_web_2.py - 96 - [ElementNotInteractable] 元素不可交互: $Save
Traceback (most recent call last):
  File "D:\PythonStoreHouse\auto_test_quiz\keywords\webkeys.py", line 143, in click
    ele.click()
    ~~~~~~~~~^^
  File "D:\Python313\Lib\site-packages\selenium\webdriver\remote\webelement.py", line 120, in click
    self._execute(Command.CLICK_ELEMENT)
    ~~~~~~~~~~~~~^^^^^^^^^^^^^^^^^^^^^^^
  File "D:\Python313\Lib\site-packages\selenium\webdriver\remote\webelement.py", line 573, in _execute
    return self._parent.execute(command, params)
           ~~~~~~~~~~~~~~~~~~~~^^^^^^^^^^^^^^^^^
  File "D:\Python313\Lib\site-packages\selenium\webdriver\remote\webdriver.py", line 458, in execute
    self.error_handler.check_response(response)
    ~~~~~~~~~~~~~~~~~~~~~~~~~~~~~~~~~^^^^^^^^^^
  File "D:\Python313\Lib\site-packages\selenium\webdriver\remote\errorhandler.py", line 232, in check_response
    raise exception_class(message, screen, stacktrace)
selenium.common.exceptions.ElementNotInteractableException: Message: element not interactable
  (Session info: MicrosoftEdge=139.0.3405.86); For documentation on this error, please visit: https://www.selenium.dev/documentation/webdriver/troubleshooting/errors#elementnotinteractableexception
Stacktrace:
	GetHandleVerifier [0x0x7ff702e9e785+22117]
	(No symbol) [0x0x7ff702deee00]
	(No symbol) [0x0x7ff702bbcdb0]
	(No symbol) [0x0x7ff702c0a745]
	(No symbol) [0x0x7ff702bffcfe]
	(No symbol) [0x0x7ff702c2a7ea]
	(No symbol) [0x0x7ff702bff68d]
	(No symbol) [0x0x7ff702bff54d]
	(No symbol) [0x0x7ff702c2aab0]
	(No symbol) [0x0x7ff702bff68d]
	(No symbol) [0x0x7ff702c4762f]
	(No symbol) [0x0x7ff702c2a553]
	(No symbol) [0x0x7ff702bfeb86]
	(No symbol) [0x0x7ff702bfde11]
	(No symbol) [0x0x7ff702bfe9b3]
	(No symbol) [0x0x7ff702cf907d]
	(No symbol) [0x0x7ff702d05fe8]
	GetHandleVerifier [0x0x7ff702f7f277+942423]
	GetHandleVerifier [0x0x7ff702f88221+979201]
	(No symbol) [0x0x7ff702dfc3b1]
	(No symbol) [0x0x7ff702df4d64]
	(No symbol) [0x0x7ff702df4eb3]
	(No symbol) [0x0x7ff702de7016]
	BaseThreadInitThunk [0x0x7fff1474259d+29]
	RtlUserThreadStart [0x0x7fff14b4af38+40]


The above exception was the direct cause of the following exception:

Traceback (most recent call last):
  File "D:\PythonStoreHouse\auto_test_quiz\ddt\test_web_2.py", line 81, in test_suite
    res = self.run_step(params)
  File "D:\Python313\Lib\site-packages\allure_commons\_allure.py", line 202, in impl
    return func(*a, **kw)
  File "D:\PythonStoreHouse\auto_test_quiz\ddt\test_web_2.py", line 34, in run_step
    return func(*args[1:])
  File "D:\PythonStoreHouse\auto_test_quiz\keywords\webkeys.py", line 145, in click
    raise AssertionError(f"[ElementNotInteractable] 元素不可交互: {lo}") from e
AssertionError: [ElementNotInteractable] 元素不可交互: $Save
2025-08-17 15:53:15,607 - INFO - webkeys.py - 265 - 页面已成功刷新
2025-08-17 15:53:15,828 - ERROR - test_web_2.py - 116 - Message: invalid element state: Element is not currently interactable and may not be manipulated
  (Session info: MicrosoftEdge=139.0.3405.86)
Stacktrace:
	GetHandleVerifier [0x0x7ff702e9e785+22117]
	(No symbol) [0x0x7ff702deee00]
	GetHandleVerifier [0x0x7ff703124c2c+2669324]
	(No symbol) [0x0x7ff702bc3794]
	(No symbol) [0x0x7ff702bc602c]
	(No symbol) [0x0x7ff702bc60ff]
	(No symbol) [0x0x7ff702c020a4]
	(No symbol) [0x0x7ff702c2a7ea]
	(No symbol) [0x0x7ff702bff68d]
	(No symbol) [0x0x7ff702bff54d]
	(No symbol) [0x0x7ff702c2aab0]
	(No symbol) [0x0x7ff702bff68d]
	(No symbol) [0x0x7ff702c4762f]
	(No symbol) [0x0x7ff702c2a553]
	(No symbol) [0x0x7ff702bfeb86]
	(No symbol) [0x0x7ff702bfde11]
	(No symbol) [0x0x7ff702bfe9b3]
	(No symbol) [0x0x7ff702cf907d]
	(No symbol) [0x0x7ff702d05fe8]
	GetHandleVerifier [0x0x7ff702f7f277+942423]
	GetHandleVerifier [0x0x7ff702f88221+979201]
	(No symbol) [0x0x7ff702dfc3b1]
	(No symbol) [0x0x7ff702df4d64]
	(No symbol) [0x0x7ff702df4eb3]
	(No symbol) [0x0x7ff702de7016]
	BaseThreadInitThunk [0x0x7fff1474259d+29]
	RtlUserThreadStart [0x0x7fff14b4af38+40]
Traceback (most recent call last):
  File "D:\PythonStoreHouse\auto_test_quiz\ddt\test_web_2.py", line 81, in test_suite
    res = self.run_step(params)
  File "D:\Python313\Lib\site-packages\allure_commons\_allure.py", line 202, in impl
    return func(*a, **kw)
  File "D:\PythonStoreHouse\auto_test_quiz\ddt\test_web_2.py", line 34, in run_step
    return func(*args[1:])
  File "D:\PythonStoreHouse\auto_test_quiz\keywords\webkeys.py", line 133, in clear
    ele.clear()
    ~~~~~~~~~^^
  File "D:\Python313\Lib\site-packages\selenium\webdriver\remote\webelement.py", line 155, in clear
    self._execute(Command.CLEAR_ELEMENT)
    ~~~~~~~~~~~~~^^^^^^^^^^^^^^^^^^^^^^^
  File "D:\Python313\Lib\site-packages\selenium\webdriver\remote\webelement.py", line 573, in _execute
    return self._parent.execute(command, params)
           ~~~~~~~~~~~~~~~~~~~~^^^^^^^^^^^^^^^^^
  File "D:\Python313\Lib\site-packages\selenium\webdriver\remote\webdriver.py", line 458, in execute
    self.error_handler.check_response(response)
    ~~~~~~~~~~~~~~~~~~~~~~~~~~~~~~~~~^^^^^^^^^^
  File "D:\Python313\Lib\site-packages\selenium\webdriver\remote\errorhandler.py", line 232, in check_response
    raise exception_class(message, screen, stacktrace)
selenium.common.exceptions.InvalidElementStateException: Message: invalid element state: Element is not currently interactable and may not be manipulated
  (Session info: MicrosoftEdge=139.0.3405.86)
Stacktrace:
	GetHandleVerifier [0x0x7ff702e9e785+22117]
	(No symbol) [0x0x7ff702deee00]
	GetHandleVerifier [0x0x7ff703124c2c+2669324]
	(No symbol) [0x0x7ff702bc3794]
	(No symbol) [0x0x7ff702bc602c]
	(No symbol) [0x0x7ff702bc60ff]
	(No symbol) [0x0x7ff702c020a4]
	(No symbol) [0x0x7ff702c2a7ea]
	(No symbol) [0x0x7ff702bff68d]
	(No symbol) [0x0x7ff702bff54d]
	(No symbol) [0x0x7ff702c2aab0]
	(No symbol) [0x0x7ff702bff68d]
	(No symbol) [0x0x7ff702c4762f]
	(No symbol) [0x0x7ff702c2a553]
	(No symbol) [0x0x7ff702bfeb86]
	(No symbol) [0x0x7ff702bfde11]
	(No symbol) [0x0x7ff702bfe9b3]
	(No symbol) [0x0x7ff702cf907d]
	(No symbol) [0x0x7ff702d05fe8]
	GetHandleVerifier [0x0x7ff702f7f277+942423]
	GetHandleVerifier [0x0x7ff702f88221+979201]
	(No symbol) [0x0x7ff702dfc3b1]
	(No symbol) [0x0x7ff702df4d64]
	(No symbol) [0x0x7ff702df4eb3]
	(No symbol) [0x0x7ff702de7016]
	BaseThreadInitThunk [0x0x7fff1474259d+29]
	RtlUserThreadStart [0x0x7fff14b4af38+40]

2025-08-17 15:53:16,573 - INFO - webkeys.py - 265 - 页面已成功刷新
2025-08-17 15:53:17,188 - ERROR - test_web_2.py - 116 - Message: stale element reference: stale element not found in the current frame
  (Session info: MicrosoftEdge=139.0.3405.86); For documentation on this error, please visit: https://www.selenium.dev/documentation/webdriver/troubleshooting/errors#staleelementreferenceexception
Stacktrace:
	GetHandleVerifier [0x0x7ff702e9e785+22117]
	(No symbol) [0x0x7ff702deee00]
	GetHandleVerifier [0x0x7ff703124c2c+2669324]
	(No symbol) [0x0x7ff702bc3794]
	(No symbol) [0x0x7ff702bc602c]
	(No symbol) [0x0x7ff702bc60ff]
	(No symbol) [0x0x7ff702c0b0a1]
	(No symbol) [0x0x7ff702bffc66]
	(No symbol) [0x0x7ff702c2a7ea]
	(No symbol) [0x0x7ff702bff68d]
	(No symbol) [0x0x7ff702bff54d]
	(No symbol) [0x0x7ff702c2aab0]
	(No symbol) [0x0x7ff702bff68d]
	(No symbol) [0x0x7ff702c4762f]
	(No symbol) [0x0x7ff702c2a553]
	(No symbol) [0x0x7ff702bfeb86]
	(No symbol) [0x0x7ff702bfde11]
	(No symbol) [0x0x7ff702bfe9b3]
	(No symbol) [0x0x7ff702cf907d]
	(No symbol) [0x0x7ff702d05fe8]
	GetHandleVerifier [0x0x7ff702f7f277+942423]
	GetHandleVerifier [0x0x7ff702f88221+979201]
	(No symbol) [0x0x7ff702dfc3b1]
	(No symbol) [0x0x7ff702df4d64]
	(No symbol) [0x0x7ff702df4eb3]
	(No symbol) [0x0x7ff702de7016]
	BaseThreadInitThunk [0x0x7fff1474259d+29]
	RtlUserThreadStart [0x0x7fff14b4af38+40]
Traceback (most recent call last):
  File "D:\PythonStoreHouse\auto_test_quiz\ddt\test_web_2.py", line 81, in test_suite
    res = self.run_step(params)
  File "D:\Python313\Lib\site-packages\allure_commons\_allure.py", line 202, in impl
    return func(*a, **kw)
  File "D:\PythonStoreHouse\auto_test_quiz\ddt\test_web_2.py", line 34, in run_step
    return func(*args[1:])
  File "D:\PythonStoreHouse\auto_test_quiz\keywords\webkeys.py", line 290, in use_element
    target_element.click()
    ~~~~~~~~~~~~~~~~~~~~^^
  File "D:\Python313\Lib\site-packages\selenium\webdriver\remote\webelement.py", line 120, in click
    self._execute(Command.CLICK_ELEMENT)
    ~~~~~~~~~~~~~^^^^^^^^^^^^^^^^^^^^^^^
  File "D:\Python313\Lib\site-packages\selenium\webdriver\remote\webelement.py", line 573, in _execute
    return self._parent.execute(command, params)
           ~~~~~~~~~~~~~~~~~~~~^^^^^^^^^^^^^^^^^
  File "D:\Python313\Lib\site-packages\selenium\webdriver\remote\webdriver.py", line 458, in execute
    self.error_handler.check_response(response)
    ~~~~~~~~~~~~~~~~~~~~~~~~~~~~~~~~~^^^^^^^^^^
  File "D:\Python313\Lib\site-packages\selenium\webdriver\remote\errorhandler.py", line 232, in check_response
    raise exception_class(message, screen, stacktrace)
selenium.common.exceptions.StaleElementReferenceException: Message: stale element reference: stale element not found in the current frame
  (Session info: MicrosoftEdge=139.0.3405.86); For documentation on this error, please visit: https://www.selenium.dev/documentation/webdriver/troubleshooting/errors#staleelementreferenceexception
Stacktrace:
	GetHandleVerifier [0x0x7ff702e9e785+22117]
	(No symbol) [0x0x7ff702deee00]
	GetHandleVerifier [0x0x7ff703124c2c+2669324]
	(No symbol) [0x0x7ff702bc3794]
	(No symbol) [0x0x7ff702bc602c]
	(No symbol) [0x0x7ff702bc60ff]
	(No symbol) [0x0x7ff702c0b0a1]
	(No symbol) [0x0x7ff702bffc66]
	(No symbol) [0x0x7ff702c2a7ea]
	(No symbol) [0x0x7ff702bff68d]
	(No symbol) [0x0x7ff702bff54d]
	(No symbol) [0x0x7ff702c2aab0]
	(No symbol) [0x0x7ff702bff68d]
	(No symbol) [0x0x7ff702c4762f]
	(No symbol) [0x0x7ff702c2a553]
	(No symbol) [0x0x7ff702bfeb86]
	(No symbol) [0x0x7ff702bfde11]
	(No symbol) [0x0x7ff702bfe9b3]
	(No symbol) [0x0x7ff702cf907d]
	(No symbol) [0x0x7ff702d05fe8]
	GetHandleVerifier [0x0x7ff702f7f277+942423]
	GetHandleVerifier [0x0x7ff702f88221+979201]
	(No symbol) [0x0x7ff702dfc3b1]
	(No symbol) [0x0x7ff702df4d64]
	(No symbol) [0x0x7ff702df4eb3]
	(No symbol) [0x0x7ff702de7016]
	BaseThreadInitThunk [0x0x7fff1474259d+29]
	RtlUserThreadStart [0x0x7fff14b4af38+40]

2025-08-17 15:53:17,995 - INFO - webkeys.py - 265 - 页面已成功刷新
2025-08-17 16:02:02,389 - INFO - webkeys.py - 180 - 断言，实际结果：https://practicetestautomation.com/logged-in-successfully/   --- 期望值：practicetestautomation.com/logged-in-successfully/
2025-08-17 16:02:16,029 - INFO - webkeys.py - 265 - 页面已成功刷新
2025-08-17 16:02:31,601 - ERROR - test_web_2.py - 96 - [ElementNotInteractable] 元素不可交互: $Save
Traceback (most recent call last):
  File "D:\PythonStoreHouse\auto_test_quiz\keywords\webkeys.py", line 143, in click
    ele.click()
    ~~~~~~~~~^^
  File "D:\Python313\Lib\site-packages\selenium\webdriver\remote\webelement.py", line 120, in click
    self._execute(Command.CLICK_ELEMENT)
    ~~~~~~~~~~~~~^^^^^^^^^^^^^^^^^^^^^^^
  File "D:\Python313\Lib\site-packages\selenium\webdriver\remote\webelement.py", line 573, in _execute
    return self._parent.execute(command, params)
           ~~~~~~~~~~~~~~~~~~~~^^^^^^^^^^^^^^^^^
  File "D:\Python313\Lib\site-packages\selenium\webdriver\remote\webdriver.py", line 458, in execute
    self.error_handler.check_response(response)
    ~~~~~~~~~~~~~~~~~~~~~~~~~~~~~~~~~^^^^^^^^^^
  File "D:\Python313\Lib\site-packages\selenium\webdriver\remote\errorhandler.py", line 232, in check_response
    raise exception_class(message, screen, stacktrace)
selenium.common.exceptions.ElementNotInteractableException: Message: element not interactable
  (Session info: MicrosoftEdge=139.0.3405.86); For documentation on this error, please visit: https://www.selenium.dev/documentation/webdriver/troubleshooting/errors#elementnotinteractableexception
Stacktrace:
	GetHandleVerifier [0x0x7ff702e9e785+22117]
	(No symbol) [0x0x7ff702deee00]
	(No symbol) [0x0x7ff702bbcdb0]
	(No symbol) [0x0x7ff702c0a745]
	(No symbol) [0x0x7ff702bffcfe]
	(No symbol) [0x0x7ff702c2a7ea]
	(No symbol) [0x0x7ff702bff68d]
	(No symbol) [0x0x7ff702bff54d]
	(No symbol) [0x0x7ff702c2aab0]
	(No symbol) [0x0x7ff702bff68d]
	(No symbol) [0x0x7ff702c4762f]
	(No symbol) [0x0x7ff702c2a553]
	(No symbol) [0x0x7ff702bfeb86]
	(No symbol) [0x0x7ff702bfde11]
	(No symbol) [0x0x7ff702bfe9b3]
	(No symbol) [0x0x7ff702cf907d]
	(No symbol) [0x0x7ff702d05fe8]
	GetHandleVerifier [0x0x7ff702f7f277+942423]
	GetHandleVerifier [0x0x7ff702f88221+979201]
	(No symbol) [0x0x7ff702dfc3b1]
	(No symbol) [0x0x7ff702df4d64]
	(No symbol) [0x0x7ff702df4eb3]
	(No symbol) [0x0x7ff702de7016]
	BaseThreadInitThunk [0x0x7fff1474259d+29]
	RtlUserThreadStart [0x0x7fff14b4af38+40]


The above exception was the direct cause of the following exception:

Traceback (most recent call last):
  File "D:\PythonStoreHouse\auto_test_quiz\ddt\test_web_2.py", line 81, in test_suite
    res = self.run_step(params)
  File "D:\Python313\Lib\site-packages\allure_commons\_allure.py", line 202, in impl
    return func(*a, **kw)
  File "D:\PythonStoreHouse\auto_test_quiz\ddt\test_web_2.py", line 34, in run_step
    return func(*args[1:])
  File "D:\PythonStoreHouse\auto_test_quiz\keywords\webkeys.py", line 145, in click
    raise AssertionError(f"[ElementNotInteractable] 元素不可交互: {lo}") from e
AssertionError: [ElementNotInteractable] 元素不可交互: $Save
2025-08-17 16:02:33,451 - INFO - webkeys.py - 265 - 页面已成功刷新
2025-08-17 16:02:33,678 - ERROR - test_web_2.py - 116 - Message: invalid element state: Element is not currently interactable and may not be manipulated
  (Session info: MicrosoftEdge=139.0.3405.86)
Stacktrace:
	GetHandleVerifier [0x0x7ff702e9e785+22117]
	(No symbol) [0x0x7ff702deee00]
	GetHandleVerifier [0x0x7ff703124c2c+2669324]
	(No symbol) [0x0x7ff702bc3794]
	(No symbol) [0x0x7ff702bc602c]
	(No symbol) [0x0x7ff702bc60ff]
	(No symbol) [0x0x7ff702c020a4]
	(No symbol) [0x0x7ff702c2a7ea]
	(No symbol) [0x0x7ff702bff68d]
	(No symbol) [0x0x7ff702bff54d]
	(No symbol) [0x0x7ff702c2aab0]
	(No symbol) [0x0x7ff702bff68d]
	(No symbol) [0x0x7ff702c4762f]
	(No symbol) [0x0x7ff702c2a553]
	(No symbol) [0x0x7ff702bfeb86]
	(No symbol) [0x0x7ff702bfde11]
	(No symbol) [0x0x7ff702bfe9b3]
	(No symbol) [0x0x7ff702cf907d]
	(No symbol) [0x0x7ff702d05fe8]
	GetHandleVerifier [0x0x7ff702f7f277+942423]
	GetHandleVerifier [0x0x7ff702f88221+979201]
	(No symbol) [0x0x7ff702dfc3b1]
	(No symbol) [0x0x7ff702df4d64]
	(No symbol) [0x0x7ff702df4eb3]
	(No symbol) [0x0x7ff702de7016]
	BaseThreadInitThunk [0x0x7fff1474259d+29]
	RtlUserThreadStart [0x0x7fff14b4af38+40]
Traceback (most recent call last):
  File "D:\PythonStoreHouse\auto_test_quiz\ddt\test_web_2.py", line 81, in test_suite
    res = self.run_step(params)
  File "D:\Python313\Lib\site-packages\allure_commons\_allure.py", line 202, in impl
    return func(*a, **kw)
  File "D:\PythonStoreHouse\auto_test_quiz\ddt\test_web_2.py", line 34, in run_step
    return func(*args[1:])
  File "D:\PythonStoreHouse\auto_test_quiz\keywords\webkeys.py", line 133, in clear
    ele.clear()
    ~~~~~~~~~^^
  File "D:\Python313\Lib\site-packages\selenium\webdriver\remote\webelement.py", line 155, in clear
    self._execute(Command.CLEAR_ELEMENT)
    ~~~~~~~~~~~~~^^^^^^^^^^^^^^^^^^^^^^^
  File "D:\Python313\Lib\site-packages\selenium\webdriver\remote\webelement.py", line 573, in _execute
    return self._parent.execute(command, params)
           ~~~~~~~~~~~~~~~~~~~~^^^^^^^^^^^^^^^^^
  File "D:\Python313\Lib\site-packages\selenium\webdriver\remote\webdriver.py", line 458, in execute
    self.error_handler.check_response(response)
    ~~~~~~~~~~~~~~~~~~~~~~~~~~~~~~~~~^^^^^^^^^^
  File "D:\Python313\Lib\site-packages\selenium\webdriver\remote\errorhandler.py", line 232, in check_response
    raise exception_class(message, screen, stacktrace)
selenium.common.exceptions.InvalidElementStateException: Message: invalid element state: Element is not currently interactable and may not be manipulated
  (Session info: MicrosoftEdge=139.0.3405.86)
Stacktrace:
	GetHandleVerifier [0x0x7ff702e9e785+22117]
	(No symbol) [0x0x7ff702deee00]
	GetHandleVerifier [0x0x7ff703124c2c+2669324]
	(No symbol) [0x0x7ff702bc3794]
	(No symbol) [0x0x7ff702bc602c]
	(No symbol) [0x0x7ff702bc60ff]
	(No symbol) [0x0x7ff702c020a4]
	(No symbol) [0x0x7ff702c2a7ea]
	(No symbol) [0x0x7ff702bff68d]
	(No symbol) [0x0x7ff702bff54d]
	(No symbol) [0x0x7ff702c2aab0]
	(No symbol) [0x0x7ff702bff68d]
	(No symbol) [0x0x7ff702c4762f]
	(No symbol) [0x0x7ff702c2a553]
	(No symbol) [0x0x7ff702bfeb86]
	(No symbol) [0x0x7ff702bfde11]
	(No symbol) [0x0x7ff702bfe9b3]
	(No symbol) [0x0x7ff702cf907d]
	(No symbol) [0x0x7ff702d05fe8]
	GetHandleVerifier [0x0x7ff702f7f277+942423]
	GetHandleVerifier [0x0x7ff702f88221+979201]
	(No symbol) [0x0x7ff702dfc3b1]
	(No symbol) [0x0x7ff702df4d64]
	(No symbol) [0x0x7ff702df4eb3]
	(No symbol) [0x0x7ff702de7016]
	BaseThreadInitThunk [0x0x7fff1474259d+29]
	RtlUserThreadStart [0x0x7fff14b4af38+40]

2025-08-17 16:02:34,455 - INFO - webkeys.py - 265 - 页面已成功刷新
2025-08-17 16:02:35,066 - ERROR - test_web_2.py - 116 - Message: stale element reference: stale element not found in the current frame
  (Session info: MicrosoftEdge=139.0.3405.86); For documentation on this error, please visit: https://www.selenium.dev/documentation/webdriver/troubleshooting/errors#staleelementreferenceexception
Stacktrace:
	GetHandleVerifier [0x0x7ff702e9e785+22117]
	(No symbol) [0x0x7ff702deee00]
	GetHandleVerifier [0x0x7ff703124c2c+2669324]
	(No symbol) [0x0x7ff702bc3794]
	(No symbol) [0x0x7ff702bc602c]
	(No symbol) [0x0x7ff702bc60ff]
	(No symbol) [0x0x7ff702c0b0a1]
	(No symbol) [0x0x7ff702bffc66]
	(No symbol) [0x0x7ff702c2a7ea]
	(No symbol) [0x0x7ff702bff68d]
	(No symbol) [0x0x7ff702bff54d]
	(No symbol) [0x0x7ff702c2aab0]
	(No symbol) [0x0x7ff702bff68d]
	(No symbol) [0x0x7ff702c4762f]
	(No symbol) [0x0x7ff702c2a553]
	(No symbol) [0x0x7ff702bfeb86]
	(No symbol) [0x0x7ff702bfde11]
	(No symbol) [0x0x7ff702bfe9b3]
	(No symbol) [0x0x7ff702cf907d]
	(No symbol) [0x0x7ff702d05fe8]
	GetHandleVerifier [0x0x7ff702f7f277+942423]
	GetHandleVerifier [0x0x7ff702f88221+979201]
	(No symbol) [0x0x7ff702dfc3b1]
	(No symbol) [0x0x7ff702df4d64]
	(No symbol) [0x0x7ff702df4eb3]
	(No symbol) [0x0x7ff702de7016]
	BaseThreadInitThunk [0x0x7fff1474259d+29]
	RtlUserThreadStart [0x0x7fff14b4af38+40]
Traceback (most recent call last):
  File "D:\PythonStoreHouse\auto_test_quiz\ddt\test_web_2.py", line 81, in test_suite
    res = self.run_step(params)
  File "D:\Python313\Lib\site-packages\allure_commons\_allure.py", line 202, in impl
    return func(*a, **kw)
  File "D:\PythonStoreHouse\auto_test_quiz\ddt\test_web_2.py", line 34, in run_step
    return func(*args[1:])
  File "D:\PythonStoreHouse\auto_test_quiz\keywords\webkeys.py", line 290, in use_element
    target_element.click()
    ~~~~~~~~~~~~~~~~~~~~^^
  File "D:\Python313\Lib\site-packages\selenium\webdriver\remote\webelement.py", line 120, in click
    self._execute(Command.CLICK_ELEMENT)
    ~~~~~~~~~~~~~^^^^^^^^^^^^^^^^^^^^^^^
  File "D:\Python313\Lib\site-packages\selenium\webdriver\remote\webelement.py", line 573, in _execute
    return self._parent.execute(command, params)
           ~~~~~~~~~~~~~~~~~~~~^^^^^^^^^^^^^^^^^
  File "D:\Python313\Lib\site-packages\selenium\webdriver\remote\webdriver.py", line 458, in execute
    self.error_handler.check_response(response)
    ~~~~~~~~~~~~~~~~~~~~~~~~~~~~~~~~~^^^^^^^^^^
  File "D:\Python313\Lib\site-packages\selenium\webdriver\remote\errorhandler.py", line 232, in check_response
    raise exception_class(message, screen, stacktrace)
selenium.common.exceptions.StaleElementReferenceException: Message: stale element reference: stale element not found in the current frame
  (Session info: MicrosoftEdge=139.0.3405.86); For documentation on this error, please visit: https://www.selenium.dev/documentation/webdriver/troubleshooting/errors#staleelementreferenceexception
Stacktrace:
	GetHandleVerifier [0x0x7ff702e9e785+22117]
	(No symbol) [0x0x7ff702deee00]
	GetHandleVerifier [0x0x7ff703124c2c+2669324]
	(No symbol) [0x0x7ff702bc3794]
	(No symbol) [0x0x7ff702bc602c]
	(No symbol) [0x0x7ff702bc60ff]
	(No symbol) [0x0x7ff702c0b0a1]
	(No symbol) [0x0x7ff702bffc66]
	(No symbol) [0x0x7ff702c2a7ea]
	(No symbol) [0x0x7ff702bff68d]
	(No symbol) [0x0x7ff702bff54d]
	(No symbol) [0x0x7ff702c2aab0]
	(No symbol) [0x0x7ff702bff68d]
	(No symbol) [0x0x7ff702c4762f]
	(No symbol) [0x0x7ff702c2a553]
	(No symbol) [0x0x7ff702bfeb86]
	(No symbol) [0x0x7ff702bfde11]
	(No symbol) [0x0x7ff702bfe9b3]
	(No symbol) [0x0x7ff702cf907d]
	(No symbol) [0x0x7ff702d05fe8]
	GetHandleVerifier [0x0x7ff702f7f277+942423]
	GetHandleVerifier [0x0x7ff702f88221+979201]
	(No symbol) [0x0x7ff702dfc3b1]
	(No symbol) [0x0x7ff702df4d64]
	(No symbol) [0x0x7ff702df4eb3]
	(No symbol) [0x0x7ff702de7016]
	BaseThreadInitThunk [0x0x7fff1474259d+29]
	RtlUserThreadStart [0x0x7fff14b4af38+40]

2025-08-17 16:02:35,868 - INFO - webkeys.py - 265 - 页面已成功刷新
2025-08-17 16:18:19,165 - WARNING - selenium_manager.py - 137 - There was an error managing msedgedriver (error sending request for url (https://msedgedriver.microsoft.com/LATEST_RELEASE_139_WINDOWS)); using driver found in the cache
2025-08-17 16:18:34,735 - INFO - webkeys.py - 180 - 断言，实际结果：https://practicetestautomation.com/logged-in-successfully/   --- 期望值：practicetestautomation.com/logged-in-successfully/
2025-08-17 16:18:49,161 - INFO - webkeys.py - 265 - 页面已成功刷新
2025-08-17 16:19:04,719 - ERROR - test_web_2.py - 96 - [ElementNotInteractable] 元素不可交互: $Save
Traceback (most recent call last):
  File "D:\PythonStoreHouse\auto_test_quiz\keywords\webkeys.py", line 143, in click
    ele.click()
    ~~~~~~~~~^^
  File "D:\Python313\Lib\site-packages\selenium\webdriver\remote\webelement.py", line 120, in click
    self._execute(Command.CLICK_ELEMENT)
    ~~~~~~~~~~~~~^^^^^^^^^^^^^^^^^^^^^^^
  File "D:\Python313\Lib\site-packages\selenium\webdriver\remote\webelement.py", line 573, in _execute
    return self._parent.execute(command, params)
           ~~~~~~~~~~~~~~~~~~~~^^^^^^^^^^^^^^^^^
  File "D:\Python313\Lib\site-packages\selenium\webdriver\remote\webdriver.py", line 458, in execute
    self.error_handler.check_response(response)
    ~~~~~~~~~~~~~~~~~~~~~~~~~~~~~~~~~^^^^^^^^^^
  File "D:\Python313\Lib\site-packages\selenium\webdriver\remote\errorhandler.py", line 232, in check_response
    raise exception_class(message, screen, stacktrace)
selenium.common.exceptions.ElementNotInteractableException: Message: element not interactable
  (Session info: MicrosoftEdge=139.0.3405.86); For documentation on this error, please visit: https://www.selenium.dev/documentation/webdriver/troubleshooting/errors#elementnotinteractableexception
Stacktrace:
	GetHandleVerifier [0x0x7ff702e9e785+22117]
	(No symbol) [0x0x7ff702deee00]
	(No symbol) [0x0x7ff702bbcdb0]
	(No symbol) [0x0x7ff702c0a745]
	(No symbol) [0x0x7ff702bffcfe]
	(No symbol) [0x0x7ff702c2a7ea]
	(No symbol) [0x0x7ff702bff68d]
	(No symbol) [0x0x7ff702bff54d]
	(No symbol) [0x0x7ff702c2aab0]
	(No symbol) [0x0x7ff702bff68d]
	(No symbol) [0x0x7ff702c4762f]
	(No symbol) [0x0x7ff702c2a553]
	(No symbol) [0x0x7ff702bfeb86]
	(No symbol) [0x0x7ff702bfde11]
	(No symbol) [0x0x7ff702bfe9b3]
	(No symbol) [0x0x7ff702cf907d]
	(No symbol) [0x0x7ff702d05fe8]
	GetHandleVerifier [0x0x7ff702f7f277+942423]
	GetHandleVerifier [0x0x7ff702f88221+979201]
	(No symbol) [0x0x7ff702dfc3b1]
	(No symbol) [0x0x7ff702df4d64]
	(No symbol) [0x0x7ff702df4eb3]
	(No symbol) [0x0x7ff702de7016]
	BaseThreadInitThunk [0x0x7fff1474259d+29]
	RtlUserThreadStart [0x0x7fff14b4af38+40]


The above exception was the direct cause of the following exception:

Traceback (most recent call last):
  File "D:\PythonStoreHouse\auto_test_quiz\ddt\test_web_2.py", line 81, in test_suite
    res = self.run_step(params)
  File "D:\Python313\Lib\site-packages\allure_commons\_allure.py", line 202, in impl
    return func(*a, **kw)
  File "D:\PythonStoreHouse\auto_test_quiz\ddt\test_web_2.py", line 34, in run_step
    return func(*args[1:])
  File "D:\PythonStoreHouse\auto_test_quiz\keywords\webkeys.py", line 145, in click
    raise AssertionError(f"[ElementNotInteractable] 元素不可交互: {lo}") from e
AssertionError: [ElementNotInteractable] 元素不可交互: $Save
2025-08-17 16:19:21,992 - INFO - webkeys.py - 265 - 页面已成功刷新
2025-08-17 16:19:22,463 - ERROR - test_web_2.py - 116 - Message: invalid element state: Element is not currently interactable and may not be manipulated
  (Session info: MicrosoftEdge=139.0.3405.86)
Stacktrace:
	GetHandleVerifier [0x0x7ff702e9e785+22117]
	(No symbol) [0x0x7ff702deee00]
	GetHandleVerifier [0x0x7ff703124c2c+2669324]
	(No symbol) [0x0x7ff702bc3794]
	(No symbol) [0x0x7ff702bc602c]
	(No symbol) [0x0x7ff702bc60ff]
	(No symbol) [0x0x7ff702c020a4]
	(No symbol) [0x0x7ff702c2a7ea]
	(No symbol) [0x0x7ff702bff68d]
	(No symbol) [0x0x7ff702bff54d]
	(No symbol) [0x0x7ff702c2aab0]
	(No symbol) [0x0x7ff702bff68d]
	(No symbol) [0x0x7ff702c4762f]
	(No symbol) [0x0x7ff702c2a553]
	(No symbol) [0x0x7ff702bfeb86]
	(No symbol) [0x0x7ff702bfde11]
	(No symbol) [0x0x7ff702bfe9b3]
	(No symbol) [0x0x7ff702cf907d]
	(No symbol) [0x0x7ff702d05fe8]
	GetHandleVerifier [0x0x7ff702f7f277+942423]
	GetHandleVerifier [0x0x7ff702f88221+979201]
	(No symbol) [0x0x7ff702dfc3b1]
	(No symbol) [0x0x7ff702df4d64]
	(No symbol) [0x0x7ff702df4eb3]
	(No symbol) [0x0x7ff702de7016]
	BaseThreadInitThunk [0x0x7fff1474259d+29]
	RtlUserThreadStart [0x0x7fff14b4af38+40]
Traceback (most recent call last):
  File "D:\PythonStoreHouse\auto_test_quiz\ddt\test_web_2.py", line 81, in test_suite
    res = self.run_step(params)
  File "D:\Python313\Lib\site-packages\allure_commons\_allure.py", line 202, in impl
    return func(*a, **kw)
  File "D:\PythonStoreHouse\auto_test_quiz\ddt\test_web_2.py", line 34, in run_step
    return func(*args[1:])
  File "D:\PythonStoreHouse\auto_test_quiz\keywords\webkeys.py", line 133, in clear
    ele.clear()
    ~~~~~~~~~^^
  File "D:\Python313\Lib\site-packages\selenium\webdriver\remote\webelement.py", line 155, in clear
    self._execute(Command.CLEAR_ELEMENT)
    ~~~~~~~~~~~~~^^^^^^^^^^^^^^^^^^^^^^^
  File "D:\Python313\Lib\site-packages\selenium\webdriver\remote\webelement.py", line 573, in _execute
    return self._parent.execute(command, params)
           ~~~~~~~~~~~~~~~~~~~~^^^^^^^^^^^^^^^^^
  File "D:\Python313\Lib\site-packages\selenium\webdriver\remote\webdriver.py", line 458, in execute
    self.error_handler.check_response(response)
    ~~~~~~~~~~~~~~~~~~~~~~~~~~~~~~~~~^^^^^^^^^^
  File "D:\Python313\Lib\site-packages\selenium\webdriver\remote\errorhandler.py", line 232, in check_response
    raise exception_class(message, screen, stacktrace)
selenium.common.exceptions.InvalidElementStateException: Message: invalid element state: Element is not currently interactable and may not be manipulated
  (Session info: MicrosoftEdge=139.0.3405.86)
Stacktrace:
	GetHandleVerifier [0x0x7ff702e9e785+22117]
	(No symbol) [0x0x7ff702deee00]
	GetHandleVerifier [0x0x7ff703124c2c+2669324]
	(No symbol) [0x0x7ff702bc3794]
	(No symbol) [0x0x7ff702bc602c]
	(No symbol) [0x0x7ff702bc60ff]
	(No symbol) [0x0x7ff702c020a4]
	(No symbol) [0x0x7ff702c2a7ea]
	(No symbol) [0x0x7ff702bff68d]
	(No symbol) [0x0x7ff702bff54d]
	(No symbol) [0x0x7ff702c2aab0]
	(No symbol) [0x0x7ff702bff68d]
	(No symbol) [0x0x7ff702c4762f]
	(No symbol) [0x0x7ff702c2a553]
	(No symbol) [0x0x7ff702bfeb86]
	(No symbol) [0x0x7ff702bfde11]
	(No symbol) [0x0x7ff702bfe9b3]
	(No symbol) [0x0x7ff702cf907d]
	(No symbol) [0x0x7ff702d05fe8]
	GetHandleVerifier [0x0x7ff702f7f277+942423]
	GetHandleVerifier [0x0x7ff702f88221+979201]
	(No symbol) [0x0x7ff702dfc3b1]
	(No symbol) [0x0x7ff702df4d64]
	(No symbol) [0x0x7ff702df4eb3]
	(No symbol) [0x0x7ff702de7016]
	BaseThreadInitThunk [0x0x7fff1474259d+29]
	RtlUserThreadStart [0x0x7fff14b4af38+40]

2025-08-17 16:19:24,116 - INFO - webkeys.py - 265 - 页面已成功刷新
2025-08-17 16:19:24,735 - ERROR - test_web_2.py - 116 - Message: stale element reference: stale element not found in the current frame
  (Session info: MicrosoftEdge=139.0.3405.86); For documentation on this error, please visit: https://www.selenium.dev/documentation/webdriver/troubleshooting/errors#staleelementreferenceexception
Stacktrace:
	GetHandleVerifier [0x0x7ff702e9e785+22117]
	(No symbol) [0x0x7ff702deee00]
	GetHandleVerifier [0x0x7ff703124c2c+2669324]
	(No symbol) [0x0x7ff702bc3794]
	(No symbol) [0x0x7ff702bc602c]
	(No symbol) [0x0x7ff702bc60ff]
	(No symbol) [0x0x7ff702c0b0a1]
	(No symbol) [0x0x7ff702bffc66]
	(No symbol) [0x0x7ff702c2a7ea]
	(No symbol) [0x0x7ff702bff68d]
	(No symbol) [0x0x7ff702bff54d]
	(No symbol) [0x0x7ff702c2aab0]
	(No symbol) [0x0x7ff702bff68d]
	(No symbol) [0x0x7ff702c4762f]
	(No symbol) [0x0x7ff702c2a553]
	(No symbol) [0x0x7ff702bfeb86]
	(No symbol) [0x0x7ff702bfde11]
	(No symbol) [0x0x7ff702bfe9b3]
	(No symbol) [0x0x7ff702cf907d]
	(No symbol) [0x0x7ff702d05fe8]
	GetHandleVerifier [0x0x7ff702f7f277+942423]
	GetHandleVerifier [0x0x7ff702f88221+979201]
	(No symbol) [0x0x7ff702dfc3b1]
	(No symbol) [0x0x7ff702df4d64]
	(No symbol) [0x0x7ff702df4eb3]
	(No symbol) [0x0x7ff702de7016]
	BaseThreadInitThunk [0x0x7fff1474259d+29]
	RtlUserThreadStart [0x0x7fff14b4af38+40]
Traceback (most recent call last):
  File "D:\PythonStoreHouse\auto_test_quiz\ddt\test_web_2.py", line 81, in test_suite
    res = self.run_step(params)
  File "D:\Python313\Lib\site-packages\allure_commons\_allure.py", line 202, in impl
    return func(*a, **kw)
  File "D:\PythonStoreHouse\auto_test_quiz\ddt\test_web_2.py", line 34, in run_step
    return func(*args[1:])
  File "D:\PythonStoreHouse\auto_test_quiz\keywords\webkeys.py", line 290, in use_element
    target_element.click()
    ~~~~~~~~~~~~~~~~~~~~^^
  File "D:\Python313\Lib\site-packages\selenium\webdriver\remote\webelement.py", line 120, in click
    self._execute(Command.CLICK_ELEMENT)
    ~~~~~~~~~~~~~^^^^^^^^^^^^^^^^^^^^^^^
  File "D:\Python313\Lib\site-packages\selenium\webdriver\remote\webelement.py", line 573, in _execute
    return self._parent.execute(command, params)
           ~~~~~~~~~~~~~~~~~~~~^^^^^^^^^^^^^^^^^
  File "D:\Python313\Lib\site-packages\selenium\webdriver\remote\webdriver.py", line 458, in execute
    self.error_handler.check_response(response)
    ~~~~~~~~~~~~~~~~~~~~~~~~~~~~~~~~~^^^^^^^^^^
  File "D:\Python313\Lib\site-packages\selenium\webdriver\remote\errorhandler.py", line 232, in check_response
    raise exception_class(message, screen, stacktrace)
selenium.common.exceptions.StaleElementReferenceException: Message: stale element reference: stale element not found in the current frame
  (Session info: MicrosoftEdge=139.0.3405.86); For documentation on this error, please visit: https://www.selenium.dev/documentation/webdriver/troubleshooting/errors#staleelementreferenceexception
Stacktrace:
	GetHandleVerifier [0x0x7ff702e9e785+22117]
	(No symbol) [0x0x7ff702deee00]
	GetHandleVerifier [0x0x7ff703124c2c+2669324]
	(No symbol) [0x0x7ff702bc3794]
	(No symbol) [0x0x7ff702bc602c]
	(No symbol) [0x0x7ff702bc60ff]
	(No symbol) [0x0x7ff702c0b0a1]
	(No symbol) [0x0x7ff702bffc66]
	(No symbol) [0x0x7ff702c2a7ea]
	(No symbol) [0x0x7ff702bff68d]
	(No symbol) [0x0x7ff702bff54d]
	(No symbol) [0x0x7ff702c2aab0]
	(No symbol) [0x0x7ff702bff68d]
	(No symbol) [0x0x7ff702c4762f]
	(No symbol) [0x0x7ff702c2a553]
	(No symbol) [0x0x7ff702bfeb86]
	(No symbol) [0x0x7ff702bfde11]
	(No symbol) [0x0x7ff702bfe9b3]
	(No symbol) [0x0x7ff702cf907d]
	(No symbol) [0x0x7ff702d05fe8]
	GetHandleVerifier [0x0x7ff702f7f277+942423]
	GetHandleVerifier [0x0x7ff702f88221+979201]
	(No symbol) [0x0x7ff702dfc3b1]
	(No symbol) [0x0x7ff702df4d64]
	(No symbol) [0x0x7ff702df4eb3]
	(No symbol) [0x0x7ff702de7016]
	BaseThreadInitThunk [0x0x7fff1474259d+29]
	RtlUserThreadStart [0x0x7fff14b4af38+40]

2025-08-17 16:19:25,567 - INFO - webkeys.py - 265 - 页面已成功刷新
2025-08-17 16:20:19,968 - WARNING - selenium_manager.py - 137 - There was an error managing msedgedriver (error sending request for url (https://msedgedriver.microsoft.com/LATEST_RELEASE_139_WINDOWS)); using driver found in the cache
2025-08-17 16:20:22,427 - ERROR - test_web_1.py - 116 - Message: no such window: target window already closed
from unknown error: web view not found
  (Session info: MicrosoftEdge=139.0.3405.86)
Stacktrace:
	GetHandleVerifier [0x0x7ff702e9e785+22117]
	(No symbol) [0x0x7ff702deee00]
	GetHandleVerifier [0x0x7ff703124c2c+2669324]
	(No symbol) [0x0x7ff702b9d29f]
	(No symbol) [0x0x7ff702c2fbf4]
	(No symbol) [0x0x7ff702c46f3a]
	(No symbol) [0x0x7ff702c2a553]
	(No symbol) [0x0x7ff702bfeb86]
	(No symbol) [0x0x7ff702bfde11]
	(No symbol) [0x0x7ff702bfe9b3]
	(No symbol) [0x0x7ff702cf907d]
	(No symbol) [0x0x7ff702d05fe8]
	GetHandleVerifier [0x0x7ff702f7f277+942423]
	GetHandleVerifier [0x0x7ff702f88221+979201]
	(No symbol) [0x0x7ff702dfc3b1]
	(No symbol) [0x0x7ff702df4d64]
	(No symbol) [0x0x7ff702df4eb3]
	(No symbol) [0x0x7ff702de7016]
	BaseThreadInitThunk [0x0x7fff1474259d+29]
	RtlUserThreadStart [0x0x7fff14b4af38+40]
Traceback (most recent call last):
  File "D:\PythonStoreHouse\auto_test_quiz\ddt\test_web_1.py", line 81, in test_suite
    res = self.run_step(params)
  File "D:\Python313\Lib\site-packages\allure_commons\_allure.py", line 202, in impl
    return func(*a, **kw)
  File "D:\PythonStoreHouse\auto_test_quiz\ddt\test_web_1.py", line 30, in run_step
    ddt.obj.driver.get_screenshot_as_png(),
    ~~~~~~~~~~~~~~~~~~~~~~~~~~~~~~~~~~~~^^
  File "D:\Python313\Lib\site-packages\selenium\webdriver\remote\webdriver.py", line 1034, in get_screenshot_as_png
    return b64decode(self.get_screenshot_as_base64().encode("ascii"))
                     ~~~~~~~~~~~~~~~~~~~~~~~~~~~~~^^
  File "D:\Python313\Lib\site-packages\selenium\webdriver\remote\webdriver.py", line 1044, in get_screenshot_as_base64
    return self.execute(Command.SCREENSHOT)["value"]
           ~~~~~~~~~~~~^^^^^^^^^^^^^^^^^^^^
  File "D:\Python313\Lib\site-packages\selenium\webdriver\remote\webdriver.py", line 458, in execute
    self.error_handler.check_response(response)
    ~~~~~~~~~~~~~~~~~~~~~~~~~~~~~~~~~^^^^^^^^^^
  File "D:\Python313\Lib\site-packages\selenium\webdriver\remote\errorhandler.py", line 232, in check_response
    raise exception_class(message, screen, stacktrace)
selenium.common.exceptions.NoSuchWindowException: Message: no such window: target window already closed
from unknown error: web view not found
  (Session info: MicrosoftEdge=139.0.3405.86)
Stacktrace:
	GetHandleVerifier [0x0x7ff702e9e785+22117]
	(No symbol) [0x0x7ff702deee00]
	GetHandleVerifier [0x0x7ff703124c2c+2669324]
	(No symbol) [0x0x7ff702b9d29f]
	(No symbol) [0x0x7ff702c2fbf4]
	(No symbol) [0x0x7ff702c46f3a]
	(No symbol) [0x0x7ff702c2a553]
	(No symbol) [0x0x7ff702bfeb86]
	(No symbol) [0x0x7ff702bfde11]
	(No symbol) [0x0x7ff702bfe9b3]
	(No symbol) [0x0x7ff702cf907d]
	(No symbol) [0x0x7ff702d05fe8]
	GetHandleVerifier [0x0x7ff702f7f277+942423]
	GetHandleVerifier [0x0x7ff702f88221+979201]
	(No symbol) [0x0x7ff702dfc3b1]
	(No symbol) [0x0x7ff702df4d64]
	(No symbol) [0x0x7ff702df4eb3]
	(No symbol) [0x0x7ff702de7016]
	BaseThreadInitThunk [0x0x7fff1474259d+29]
	RtlUserThreadStart [0x0x7fff14b4af38+40]

2025-08-17 16:20:22,773 - ERROR - test_web_1.py - 116 - Message: no such window: target window already closed
from unknown error: web view not found
  (Session info: MicrosoftEdge=139.0.3405.86)
Stacktrace:
	GetHandleVerifier [0x0x7ff702e9e785+22117]
	(No symbol) [0x0x7ff702deee00]
	GetHandleVerifier [0x0x7ff703124c2c+2669324]
	(No symbol) [0x0x7ff702b9d29f]
	(No symbol) [0x0x7ff702c2fbf4]
	(No symbol) [0x0x7ff702c46f3a]
	(No symbol) [0x0x7ff702c2a553]
	(No symbol) [0x0x7ff702bfeb86]
	(No symbol) [0x0x7ff702bfde11]
	(No symbol) [0x0x7ff702bfe9b3]
	(No symbol) [0x0x7ff702cf907d]
	(No symbol) [0x0x7ff702d05fe8]
	GetHandleVerifier [0x0x7ff702f7f277+942423]
	GetHandleVerifier [0x0x7ff702f88221+979201]
	(No symbol) [0x0x7ff702dfc3b1]
	(No symbol) [0x0x7ff702df4d64]
	(No symbol) [0x0x7ff702df4eb3]
	(No symbol) [0x0x7ff702de7016]
	BaseThreadInitThunk [0x0x7fff1474259d+29]
	RtlUserThreadStart [0x0x7fff14b4af38+40]
Traceback (most recent call last):
  File "D:\PythonStoreHouse\auto_test_quiz\ddt\test_web_1.py", line 81, in test_suite
    res = self.run_step(params)
  File "D:\Python313\Lib\site-packages\allure_commons\_allure.py", line 202, in impl
    return func(*a, **kw)
  File "D:\PythonStoreHouse\auto_test_quiz\ddt\test_web_1.py", line 30, in run_step
    ddt.obj.driver.get_screenshot_as_png(),
    ~~~~~~~~~~~~~~~~~~~~~~~~~~~~~~~~~~~~^^
  File "D:\Python313\Lib\site-packages\selenium\webdriver\remote\webdriver.py", line 1034, in get_screenshot_as_png
    return b64decode(self.get_screenshot_as_base64().encode("ascii"))
                     ~~~~~~~~~~~~~~~~~~~~~~~~~~~~~^^
  File "D:\Python313\Lib\site-packages\selenium\webdriver\remote\webdriver.py", line 1044, in get_screenshot_as_base64
    return self.execute(Command.SCREENSHOT)["value"]
           ~~~~~~~~~~~~^^^^^^^^^^^^^^^^^^^^
  File "D:\Python313\Lib\site-packages\selenium\webdriver\remote\webdriver.py", line 458, in execute
    self.error_handler.check_response(response)
    ~~~~~~~~~~~~~~~~~~~~~~~~~~~~~~~~~^^^^^^^^^^
  File "D:\Python313\Lib\site-packages\selenium\webdriver\remote\errorhandler.py", line 232, in check_response
    raise exception_class(message, screen, stacktrace)
selenium.common.exceptions.NoSuchWindowException: Message: no such window: target window already closed
from unknown error: web view not found
  (Session info: MicrosoftEdge=139.0.3405.86)
Stacktrace:
	GetHandleVerifier [0x0x7ff702e9e785+22117]
	(No symbol) [0x0x7ff702deee00]
	GetHandleVerifier [0x0x7ff703124c2c+2669324]
	(No symbol) [0x0x7ff702b9d29f]
	(No symbol) [0x0x7ff702c2fbf4]
	(No symbol) [0x0x7ff702c46f3a]
	(No symbol) [0x0x7ff702c2a553]
	(No symbol) [0x0x7ff702bfeb86]
	(No symbol) [0x0x7ff702bfde11]
	(No symbol) [0x0x7ff702bfe9b3]
	(No symbol) [0x0x7ff702cf907d]
	(No symbol) [0x0x7ff702d05fe8]
	GetHandleVerifier [0x0x7ff702f7f277+942423]
	GetHandleVerifier [0x0x7ff702f88221+979201]
	(No symbol) [0x0x7ff702dfc3b1]
	(No symbol) [0x0x7ff702df4d64]
	(No symbol) [0x0x7ff702df4eb3]
	(No symbol) [0x0x7ff702de7016]
	BaseThreadInitThunk [0x0x7fff1474259d+29]
	RtlUserThreadStart [0x0x7fff14b4af38+40]

2025-08-17 16:20:22,838 - ERROR - test_web_1.py - 116 - Message: no such window: target window already closed
from unknown error: web view not found
  (Session info: MicrosoftEdge=139.0.3405.86)
Stacktrace:
	GetHandleVerifier [0x0x7ff702e9e785+22117]
	(No symbol) [0x0x7ff702deee00]
	GetHandleVerifier [0x0x7ff703124c2c+2669324]
	(No symbol) [0x0x7ff702b9d29f]
	(No symbol) [0x0x7ff702c2fbf4]
	(No symbol) [0x0x7ff702c46f3a]
	(No symbol) [0x0x7ff702c2a553]
	(No symbol) [0x0x7ff702bfeb86]
	(No symbol) [0x0x7ff702bfde11]
	(No symbol) [0x0x7ff702bfe9b3]
	(No symbol) [0x0x7ff702cf907d]
	(No symbol) [0x0x7ff702d05fe8]
	GetHandleVerifier [0x0x7ff702f7f277+942423]
	GetHandleVerifier [0x0x7ff702f88221+979201]
	(No symbol) [0x0x7ff702dfc3b1]
	(No symbol) [0x0x7ff702df4d64]
	(No symbol) [0x0x7ff702df4eb3]
	(No symbol) [0x0x7ff702de7016]
	BaseThreadInitThunk [0x0x7fff1474259d+29]
	RtlUserThreadStart [0x0x7fff14b4af38+40]
Traceback (most recent call last):
  File "D:\PythonStoreHouse\auto_test_quiz\ddt\test_web_1.py", line 81, in test_suite
    res = self.run_step(params)
  File "D:\Python313\Lib\site-packages\allure_commons\_allure.py", line 202, in impl
    return func(*a, **kw)
  File "D:\PythonStoreHouse\auto_test_quiz\ddt\test_web_1.py", line 30, in run_step
    ddt.obj.driver.get_screenshot_as_png(),
    ~~~~~~~~~~~~~~~~~~~~~~~~~~~~~~~~~~~~^^
  File "D:\Python313\Lib\site-packages\selenium\webdriver\remote\webdriver.py", line 1034, in get_screenshot_as_png
    return b64decode(self.get_screenshot_as_base64().encode("ascii"))
                     ~~~~~~~~~~~~~~~~~~~~~~~~~~~~~^^
  File "D:\Python313\Lib\site-packages\selenium\webdriver\remote\webdriver.py", line 1044, in get_screenshot_as_base64
    return self.execute(Command.SCREENSHOT)["value"]
           ~~~~~~~~~~~~^^^^^^^^^^^^^^^^^^^^
  File "D:\Python313\Lib\site-packages\selenium\webdriver\remote\webdriver.py", line 458, in execute
    self.error_handler.check_response(response)
    ~~~~~~~~~~~~~~~~~~~~~~~~~~~~~~~~~^^^^^^^^^^
  File "D:\Python313\Lib\site-packages\selenium\webdriver\remote\errorhandler.py", line 232, in check_response
    raise exception_class(message, screen, stacktrace)
selenium.common.exceptions.NoSuchWindowException: Message: no such window: target window already closed
from unknown error: web view not found
  (Session info: MicrosoftEdge=139.0.3405.86)
Stacktrace:
	GetHandleVerifier [0x0x7ff702e9e785+22117]
	(No symbol) [0x0x7ff702deee00]
	GetHandleVerifier [0x0x7ff703124c2c+2669324]
	(No symbol) [0x0x7ff702b9d29f]
	(No symbol) [0x0x7ff702c2fbf4]
	(No symbol) [0x0x7ff702c46f3a]
	(No symbol) [0x0x7ff702c2a553]
	(No symbol) [0x0x7ff702bfeb86]
	(No symbol) [0x0x7ff702bfde11]
	(No symbol) [0x0x7ff702bfe9b3]
	(No symbol) [0x0x7ff702cf907d]
	(No symbol) [0x0x7ff702d05fe8]
	GetHandleVerifier [0x0x7ff702f7f277+942423]
	GetHandleVerifier [0x0x7ff702f88221+979201]
	(No symbol) [0x0x7ff702dfc3b1]
	(No symbol) [0x0x7ff702df4d64]
	(No symbol) [0x0x7ff702df4eb3]
	(No symbol) [0x0x7ff702de7016]
	BaseThreadInitThunk [0x0x7fff1474259d+29]
	RtlUserThreadStart [0x0x7fff14b4af38+40]

2025-08-17 16:20:22,977 - ERROR - test_web_2.py - 116 - Message: no such window: target window already closed
from unknown error: web view not found
  (Session info: MicrosoftEdge=139.0.3405.86)
Stacktrace:
	GetHandleVerifier [0x0x7ff702e9e785+22117]
	(No symbol) [0x0x7ff702deee00]
	GetHandleVerifier [0x0x7ff703124c2c+2669324]
	(No symbol) [0x0x7ff702b9d29f]
	(No symbol) [0x0x7ff702c2fbf4]
	(No symbol) [0x0x7ff702c46f3a]
	(No symbol) [0x0x7ff702c2a553]
	(No symbol) [0x0x7ff702bfeb86]
	(No symbol) [0x0x7ff702bfde11]
	(No symbol) [0x0x7ff702bfe9b3]
	(No symbol) [0x0x7ff702cf907d]
	(No symbol) [0x0x7ff702d05fe8]
	GetHandleVerifier [0x0x7ff702f7f277+942423]
	GetHandleVerifier [0x0x7ff702f88221+979201]
	(No symbol) [0x0x7ff702dfc3b1]
	(No symbol) [0x0x7ff702df4d64]
	(No symbol) [0x0x7ff702df4eb3]
	(No symbol) [0x0x7ff702de7016]
	BaseThreadInitThunk [0x0x7fff1474259d+29]
	RtlUserThreadStart [0x0x7fff14b4af38+40]
Traceback (most recent call last):
  File "D:\PythonStoreHouse\auto_test_quiz\ddt\test_web_2.py", line 81, in test_suite
    res = self.run_step(params)
  File "D:\Python313\Lib\site-packages\allure_commons\_allure.py", line 202, in impl
    return func(*a, **kw)
  File "D:\PythonStoreHouse\auto_test_quiz\ddt\test_web_2.py", line 30, in run_step
    ddt.obj.driver.get_screenshot_as_png(),
    ~~~~~~~~~~~~~~~~~~~~~~~~~~~~~~~~~~~~^^
  File "D:\Python313\Lib\site-packages\selenium\webdriver\remote\webdriver.py", line 1034, in get_screenshot_as_png
    return b64decode(self.get_screenshot_as_base64().encode("ascii"))
                     ~~~~~~~~~~~~~~~~~~~~~~~~~~~~~^^
  File "D:\Python313\Lib\site-packages\selenium\webdriver\remote\webdriver.py", line 1044, in get_screenshot_as_base64
    return self.execute(Command.SCREENSHOT)["value"]
           ~~~~~~~~~~~~^^^^^^^^^^^^^^^^^^^^
  File "D:\Python313\Lib\site-packages\selenium\webdriver\remote\webdriver.py", line 458, in execute
    self.error_handler.check_response(response)
    ~~~~~~~~~~~~~~~~~~~~~~~~~~~~~~~~~^^^^^^^^^^
  File "D:\Python313\Lib\site-packages\selenium\webdriver\remote\errorhandler.py", line 232, in check_response
    raise exception_class(message, screen, stacktrace)
selenium.common.exceptions.NoSuchWindowException: Message: no such window: target window already closed
from unknown error: web view not found
  (Session info: MicrosoftEdge=139.0.3405.86)
Stacktrace:
	GetHandleVerifier [0x0x7ff702e9e785+22117]
	(No symbol) [0x0x7ff702deee00]
	GetHandleVerifier [0x0x7ff703124c2c+2669324]
	(No symbol) [0x0x7ff702b9d29f]
	(No symbol) [0x0x7ff702c2fbf4]
	(No symbol) [0x0x7ff702c46f3a]
	(No symbol) [0x0x7ff702c2a553]
	(No symbol) [0x0x7ff702bfeb86]
	(No symbol) [0x0x7ff702bfde11]
	(No symbol) [0x0x7ff702bfe9b3]
	(No symbol) [0x0x7ff702cf907d]
	(No symbol) [0x0x7ff702d05fe8]
	GetHandleVerifier [0x0x7ff702f7f277+942423]
	GetHandleVerifier [0x0x7ff702f88221+979201]
	(No symbol) [0x0x7ff702dfc3b1]
	(No symbol) [0x0x7ff702df4d64]
	(No symbol) [0x0x7ff702df4eb3]
	(No symbol) [0x0x7ff702de7016]
	BaseThreadInitThunk [0x0x7fff1474259d+29]
	RtlUserThreadStart [0x0x7fff14b4af38+40]

2025-08-17 16:20:23,040 - ERROR - test_web_2.py - 116 - Message: no such window: target window already closed
from unknown error: web view not found
  (Session info: MicrosoftEdge=139.0.3405.86)
Stacktrace:
	GetHandleVerifier [0x0x7ff702e9e785+22117]
	(No symbol) [0x0x7ff702deee00]
	GetHandleVerifier [0x0x7ff703124c2c+2669324]
	(No symbol) [0x0x7ff702b9d29f]
	(No symbol) [0x0x7ff702c2fbf4]
	(No symbol) [0x0x7ff702c46f3a]
	(No symbol) [0x0x7ff702c2a553]
	(No symbol) [0x0x7ff702bfeb86]
	(No symbol) [0x0x7ff702bfde11]
	(No symbol) [0x0x7ff702bfe9b3]
	(No symbol) [0x0x7ff702cf907d]
	(No symbol) [0x0x7ff702d05fe8]
	GetHandleVerifier [0x0x7ff702f7f277+942423]
	GetHandleVerifier [0x0x7ff702f88221+979201]
	(No symbol) [0x0x7ff702dfc3b1]
	(No symbol) [0x0x7ff702df4d64]
	(No symbol) [0x0x7ff702df4eb3]
	(No symbol) [0x0x7ff702de7016]
	BaseThreadInitThunk [0x0x7fff1474259d+29]
	RtlUserThreadStart [0x0x7fff14b4af38+40]
Traceback (most recent call last):
  File "D:\PythonStoreHouse\auto_test_quiz\ddt\test_web_2.py", line 81, in test_suite
    res = self.run_step(params)
  File "D:\Python313\Lib\site-packages\allure_commons\_allure.py", line 202, in impl
    return func(*a, **kw)
  File "D:\PythonStoreHouse\auto_test_quiz\ddt\test_web_2.py", line 30, in run_step
    ddt.obj.driver.get_screenshot_as_png(),
    ~~~~~~~~~~~~~~~~~~~~~~~~~~~~~~~~~~~~^^
  File "D:\Python313\Lib\site-packages\selenium\webdriver\remote\webdriver.py", line 1034, in get_screenshot_as_png
    return b64decode(self.get_screenshot_as_base64().encode("ascii"))
                     ~~~~~~~~~~~~~~~~~~~~~~~~~~~~~^^
  File "D:\Python313\Lib\site-packages\selenium\webdriver\remote\webdriver.py", line 1044, in get_screenshot_as_base64
    return self.execute(Command.SCREENSHOT)["value"]
           ~~~~~~~~~~~~^^^^^^^^^^^^^^^^^^^^
  File "D:\Python313\Lib\site-packages\selenium\webdriver\remote\webdriver.py", line 458, in execute
    self.error_handler.check_response(response)
    ~~~~~~~~~~~~~~~~~~~~~~~~~~~~~~~~~^^^^^^^^^^
  File "D:\Python313\Lib\site-packages\selenium\webdriver\remote\errorhandler.py", line 232, in check_response
    raise exception_class(message, screen, stacktrace)
selenium.common.exceptions.NoSuchWindowException: Message: no such window: target window already closed
from unknown error: web view not found
  (Session info: MicrosoftEdge=139.0.3405.86)
Stacktrace:
	GetHandleVerifier [0x0x7ff702e9e785+22117]
	(No symbol) [0x0x7ff702deee00]
	GetHandleVerifier [0x0x7ff703124c2c+2669324]
	(No symbol) [0x0x7ff702b9d29f]
	(No symbol) [0x0x7ff702c2fbf4]
	(No symbol) [0x0x7ff702c46f3a]
	(No symbol) [0x0x7ff702c2a553]
	(No symbol) [0x0x7ff702bfeb86]
	(No symbol) [0x0x7ff702bfde11]
	(No symbol) [0x0x7ff702bfe9b3]
	(No symbol) [0x0x7ff702cf907d]
	(No symbol) [0x0x7ff702d05fe8]
	GetHandleVerifier [0x0x7ff702f7f277+942423]
	GetHandleVerifier [0x0x7ff702f88221+979201]
	(No symbol) [0x0x7ff702dfc3b1]
	(No symbol) [0x0x7ff702df4d64]
	(No symbol) [0x0x7ff702df4eb3]
	(No symbol) [0x0x7ff702de7016]
	BaseThreadInitThunk [0x0x7fff1474259d+29]
	RtlUserThreadStart [0x0x7fff14b4af38+40]

2025-08-17 16:20:23,129 - ERROR - test_web_2.py - 116 - Message: no such window: target window already closed
from unknown error: web view not found
  (Session info: MicrosoftEdge=139.0.3405.86)
Stacktrace:
	GetHandleVerifier [0x0x7ff702e9e785+22117]
	(No symbol) [0x0x7ff702deee00]
	GetHandleVerifier [0x0x7ff703124c2c+2669324]
	(No symbol) [0x0x7ff702b9d29f]
	(No symbol) [0x0x7ff702c2fbf4]
	(No symbol) [0x0x7ff702c46f3a]
	(No symbol) [0x0x7ff702c2a553]
	(No symbol) [0x0x7ff702bfeb86]
	(No symbol) [0x0x7ff702bfde11]
	(No symbol) [0x0x7ff702bfe9b3]
	(No symbol) [0x0x7ff702cf907d]
	(No symbol) [0x0x7ff702d05fe8]
	GetHandleVerifier [0x0x7ff702f7f277+942423]
	GetHandleVerifier [0x0x7ff702f88221+979201]
	(No symbol) [0x0x7ff702dfc3b1]
	(No symbol) [0x0x7ff702df4d64]
	(No symbol) [0x0x7ff702df4eb3]
	(No symbol) [0x0x7ff702de7016]
	BaseThreadInitThunk [0x0x7fff1474259d+29]
	RtlUserThreadStart [0x0x7fff14b4af38+40]
Traceback (most recent call last):
  File "D:\PythonStoreHouse\auto_test_quiz\ddt\test_web_2.py", line 81, in test_suite
    res = self.run_step(params)
  File "D:\Python313\Lib\site-packages\allure_commons\_allure.py", line 202, in impl
    return func(*a, **kw)
  File "D:\PythonStoreHouse\auto_test_quiz\ddt\test_web_2.py", line 30, in run_step
    ddt.obj.driver.get_screenshot_as_png(),
    ~~~~~~~~~~~~~~~~~~~~~~~~~~~~~~~~~~~~^^
  File "D:\Python313\Lib\site-packages\selenium\webdriver\remote\webdriver.py", line 1034, in get_screenshot_as_png
    return b64decode(self.get_screenshot_as_base64().encode("ascii"))
                     ~~~~~~~~~~~~~~~~~~~~~~~~~~~~~^^
  File "D:\Python313\Lib\site-packages\selenium\webdriver\remote\webdriver.py", line 1044, in get_screenshot_as_base64
    return self.execute(Command.SCREENSHOT)["value"]
           ~~~~~~~~~~~~^^^^^^^^^^^^^^^^^^^^
  File "D:\Python313\Lib\site-packages\selenium\webdriver\remote\webdriver.py", line 458, in execute
    self.error_handler.check_response(response)
    ~~~~~~~~~~~~~~~~~~~~~~~~~~~~~~~~~^^^^^^^^^^
  File "D:\Python313\Lib\site-packages\selenium\webdriver\remote\errorhandler.py", line 232, in check_response
    raise exception_class(message, screen, stacktrace)
selenium.common.exceptions.NoSuchWindowException: Message: no such window: target window already closed
from unknown error: web view not found
  (Session info: MicrosoftEdge=139.0.3405.86)
Stacktrace:
	GetHandleVerifier [0x0x7ff702e9e785+22117]
	(No symbol) [0x0x7ff702deee00]
	GetHandleVerifier [0x0x7ff703124c2c+2669324]
	(No symbol) [0x0x7ff702b9d29f]
	(No symbol) [0x0x7ff702c2fbf4]
	(No symbol) [0x0x7ff702c46f3a]
	(No symbol) [0x0x7ff702c2a553]
	(No symbol) [0x0x7ff702bfeb86]
	(No symbol) [0x0x7ff702bfde11]
	(No symbol) [0x0x7ff702bfe9b3]
	(No symbol) [0x0x7ff702cf907d]
	(No symbol) [0x0x7ff702d05fe8]
	GetHandleVerifier [0x0x7ff702f7f277+942423]
	GetHandleVerifier [0x0x7ff702f88221+979201]
	(No symbol) [0x0x7ff702dfc3b1]
	(No symbol) [0x0x7ff702df4d64]
	(No symbol) [0x0x7ff702df4eb3]
	(No symbol) [0x0x7ff702de7016]
	BaseThreadInitThunk [0x0x7fff1474259d+29]
	RtlUserThreadStart [0x0x7fff14b4af38+40]

2025-08-17 16:20:23,189 - ERROR - test_web_2.py - 116 - Message: no such window: target window already closed
from unknown error: web view not found
  (Session info: MicrosoftEdge=139.0.3405.86)
Stacktrace:
	GetHandleVerifier [0x0x7ff702e9e785+22117]
	(No symbol) [0x0x7ff702deee00]
	GetHandleVerifier [0x0x7ff703124c2c+2669324]
	(No symbol) [0x0x7ff702b9d29f]
	(No symbol) [0x0x7ff702c2fbf4]
	(No symbol) [0x0x7ff702c46f3a]
	(No symbol) [0x0x7ff702c2a553]
	(No symbol) [0x0x7ff702bfeb86]
	(No symbol) [0x0x7ff702bfde11]
	(No symbol) [0x0x7ff702bfe9b3]
	(No symbol) [0x0x7ff702cf907d]
	(No symbol) [0x0x7ff702d05fe8]
	GetHandleVerifier [0x0x7ff702f7f277+942423]
	GetHandleVerifier [0x0x7ff702f88221+979201]
	(No symbol) [0x0x7ff702dfc3b1]
	(No symbol) [0x0x7ff702df4d64]
	(No symbol) [0x0x7ff702df4eb3]
	(No symbol) [0x0x7ff702de7016]
	BaseThreadInitThunk [0x0x7fff1474259d+29]
	RtlUserThreadStart [0x0x7fff14b4af38+40]
Traceback (most recent call last):
  File "D:\PythonStoreHouse\auto_test_quiz\ddt\test_web_2.py", line 81, in test_suite
    res = self.run_step(params)
  File "D:\Python313\Lib\site-packages\allure_commons\_allure.py", line 202, in impl
    return func(*a, **kw)
  File "D:\PythonStoreHouse\auto_test_quiz\ddt\test_web_2.py", line 30, in run_step
    ddt.obj.driver.get_screenshot_as_png(),
    ~~~~~~~~~~~~~~~~~~~~~~~~~~~~~~~~~~~~^^
  File "D:\Python313\Lib\site-packages\selenium\webdriver\remote\webdriver.py", line 1034, in get_screenshot_as_png
    return b64decode(self.get_screenshot_as_base64().encode("ascii"))
                     ~~~~~~~~~~~~~~~~~~~~~~~~~~~~~^^
  File "D:\Python313\Lib\site-packages\selenium\webdriver\remote\webdriver.py", line 1044, in get_screenshot_as_base64
    return self.execute(Command.SCREENSHOT)["value"]
           ~~~~~~~~~~~~^^^^^^^^^^^^^^^^^^^^
  File "D:\Python313\Lib\site-packages\selenium\webdriver\remote\webdriver.py", line 458, in execute
    self.error_handler.check_response(response)
    ~~~~~~~~~~~~~~~~~~~~~~~~~~~~~~~~~^^^^^^^^^^
  File "D:\Python313\Lib\site-packages\selenium\webdriver\remote\errorhandler.py", line 232, in check_response
    raise exception_class(message, screen, stacktrace)
selenium.common.exceptions.NoSuchWindowException: Message: no such window: target window already closed
from unknown error: web view not found
  (Session info: MicrosoftEdge=139.0.3405.86)
Stacktrace:
	GetHandleVerifier [0x0x7ff702e9e785+22117]
	(No symbol) [0x0x7ff702deee00]
	GetHandleVerifier [0x0x7ff703124c2c+2669324]
	(No symbol) [0x0x7ff702b9d29f]
	(No symbol) [0x0x7ff702c2fbf4]
	(No symbol) [0x0x7ff702c46f3a]
	(No symbol) [0x0x7ff702c2a553]
	(No symbol) [0x0x7ff702bfeb86]
	(No symbol) [0x0x7ff702bfde11]
	(No symbol) [0x0x7ff702bfe9b3]
	(No symbol) [0x0x7ff702cf907d]
	(No symbol) [0x0x7ff702d05fe8]
	GetHandleVerifier [0x0x7ff702f7f277+942423]
	GetHandleVerifier [0x0x7ff702f88221+979201]
	(No symbol) [0x0x7ff702dfc3b1]
	(No symbol) [0x0x7ff702df4d64]
	(No symbol) [0x0x7ff702df4eb3]
	(No symbol) [0x0x7ff702de7016]
	BaseThreadInitThunk [0x0x7fff1474259d+29]
	RtlUserThreadStart [0x0x7fff14b4af38+40]

2025-08-17 16:20:23,250 - ERROR - test_web_2.py - 116 - Message: no such window: target window already closed
from unknown error: web view not found
  (Session info: MicrosoftEdge=139.0.3405.86)
Stacktrace:
	GetHandleVerifier [0x0x7ff702e9e785+22117]
	(No symbol) [0x0x7ff702deee00]
	GetHandleVerifier [0x0x7ff703124c2c+2669324]
	(No symbol) [0x0x7ff702b9d29f]
	(No symbol) [0x0x7ff702c2fbf4]
	(No symbol) [0x0x7ff702c46f3a]
	(No symbol) [0x0x7ff702c2a553]
	(No symbol) [0x0x7ff702bfeb86]
	(No symbol) [0x0x7ff702bfde11]
	(No symbol) [0x0x7ff702bfe9b3]
	(No symbol) [0x0x7ff702cf907d]
	(No symbol) [0x0x7ff702d05fe8]
	GetHandleVerifier [0x0x7ff702f7f277+942423]
	GetHandleVerifier [0x0x7ff702f88221+979201]
	(No symbol) [0x0x7ff702dfc3b1]
	(No symbol) [0x0x7ff702df4d64]
	(No symbol) [0x0x7ff702df4eb3]
	(No symbol) [0x0x7ff702de7016]
	BaseThreadInitThunk [0x0x7fff1474259d+29]
	RtlUserThreadStart [0x0x7fff14b4af38+40]
Traceback (most recent call last):
  File "D:\PythonStoreHouse\auto_test_quiz\ddt\test_web_2.py", line 81, in test_suite
    res = self.run_step(params)
  File "D:\Python313\Lib\site-packages\allure_commons\_allure.py", line 202, in impl
    return func(*a, **kw)
  File "D:\PythonStoreHouse\auto_test_quiz\ddt\test_web_2.py", line 30, in run_step
    ddt.obj.driver.get_screenshot_as_png(),
    ~~~~~~~~~~~~~~~~~~~~~~~~~~~~~~~~~~~~^^
  File "D:\Python313\Lib\site-packages\selenium\webdriver\remote\webdriver.py", line 1034, in get_screenshot_as_png
    return b64decode(self.get_screenshot_as_base64().encode("ascii"))
                     ~~~~~~~~~~~~~~~~~~~~~~~~~~~~~^^
  File "D:\Python313\Lib\site-packages\selenium\webdriver\remote\webdriver.py", line 1044, in get_screenshot_as_base64
    return self.execute(Command.SCREENSHOT)["value"]
           ~~~~~~~~~~~~^^^^^^^^^^^^^^^^^^^^
  File "D:\Python313\Lib\site-packages\selenium\webdriver\remote\webdriver.py", line 458, in execute
    self.error_handler.check_response(response)
    ~~~~~~~~~~~~~~~~~~~~~~~~~~~~~~~~~^^^^^^^^^^
  File "D:\Python313\Lib\site-packages\selenium\webdriver\remote\errorhandler.py", line 232, in check_response
    raise exception_class(message, screen, stacktrace)
selenium.common.exceptions.NoSuchWindowException: Message: no such window: target window already closed
from unknown error: web view not found
  (Session info: MicrosoftEdge=139.0.3405.86)
Stacktrace:
	GetHandleVerifier [0x0x7ff702e9e785+22117]
	(No symbol) [0x0x7ff702deee00]
	GetHandleVerifier [0x0x7ff703124c2c+2669324]
	(No symbol) [0x0x7ff702b9d29f]
	(No symbol) [0x0x7ff702c2fbf4]
	(No symbol) [0x0x7ff702c46f3a]
	(No symbol) [0x0x7ff702c2a553]
	(No symbol) [0x0x7ff702bfeb86]
	(No symbol) [0x0x7ff702bfde11]
	(No symbol) [0x0x7ff702bfe9b3]
	(No symbol) [0x0x7ff702cf907d]
	(No symbol) [0x0x7ff702d05fe8]
	GetHandleVerifier [0x0x7ff702f7f277+942423]
	GetHandleVerifier [0x0x7ff702f88221+979201]
	(No symbol) [0x0x7ff702dfc3b1]
	(No symbol) [0x0x7ff702df4d64]
	(No symbol) [0x0x7ff702df4eb3]
	(No symbol) [0x0x7ff702de7016]
	BaseThreadInitThunk [0x0x7fff1474259d+29]
	RtlUserThreadStart [0x0x7fff14b4af38+40]

2025-08-17 16:20:23,389 - ERROR - test_web_3.py - 116 - Message: no such window: target window already closed
from unknown error: web view not found
  (Session info: MicrosoftEdge=139.0.3405.86)
Stacktrace:
	GetHandleVerifier [0x0x7ff702e9e785+22117]
	(No symbol) [0x0x7ff702deee00]
	GetHandleVerifier [0x0x7ff703124c2c+2669324]
	(No symbol) [0x0x7ff702b9d29f]
	(No symbol) [0x0x7ff702c2fbf4]
	(No symbol) [0x0x7ff702c46f3a]
	(No symbol) [0x0x7ff702c2a553]
	(No symbol) [0x0x7ff702bfeb86]
	(No symbol) [0x0x7ff702bfde11]
	(No symbol) [0x0x7ff702bfe9b3]
	(No symbol) [0x0x7ff702cf907d]
	(No symbol) [0x0x7ff702d05fe8]
	GetHandleVerifier [0x0x7ff702f7f277+942423]
	GetHandleVerifier [0x0x7ff702f88221+979201]
	(No symbol) [0x0x7ff702dfc3b1]
	(No symbol) [0x0x7ff702df4d64]
	(No symbol) [0x0x7ff702df4eb3]
	(No symbol) [0x0x7ff702de7016]
	BaseThreadInitThunk [0x0x7fff1474259d+29]
	RtlUserThreadStart [0x0x7fff14b4af38+40]
Traceback (most recent call last):
  File "D:\PythonStoreHouse\auto_test_quiz\ddt\test_web_3.py", line 81, in test_suite
    res = self.run_step(params)
  File "D:\Python313\Lib\site-packages\allure_commons\_allure.py", line 202, in impl
    return func(*a, **kw)
  File "D:\PythonStoreHouse\auto_test_quiz\ddt\test_web_3.py", line 30, in run_step
    ddt.obj.driver.get_screenshot_as_png(),
    ~~~~~~~~~~~~~~~~~~~~~~~~~~~~~~~~~~~~^^
  File "D:\Python313\Lib\site-packages\selenium\webdriver\remote\webdriver.py", line 1034, in get_screenshot_as_png
    return b64decode(self.get_screenshot_as_base64().encode("ascii"))
                     ~~~~~~~~~~~~~~~~~~~~~~~~~~~~~^^
  File "D:\Python313\Lib\site-packages\selenium\webdriver\remote\webdriver.py", line 1044, in get_screenshot_as_base64
    return self.execute(Command.SCREENSHOT)["value"]
           ~~~~~~~~~~~~^^^^^^^^^^^^^^^^^^^^
  File "D:\Python313\Lib\site-packages\selenium\webdriver\remote\webdriver.py", line 458, in execute
    self.error_handler.check_response(response)
    ~~~~~~~~~~~~~~~~~~~~~~~~~~~~~~~~~^^^^^^^^^^
  File "D:\Python313\Lib\site-packages\selenium\webdriver\remote\errorhandler.py", line 232, in check_response
    raise exception_class(message, screen, stacktrace)
selenium.common.exceptions.NoSuchWindowException: Message: no such window: target window already closed
from unknown error: web view not found
  (Session info: MicrosoftEdge=139.0.3405.86)
Stacktrace:
	GetHandleVerifier [0x0x7ff702e9e785+22117]
	(No symbol) [0x0x7ff702deee00]
	GetHandleVerifier [0x0x7ff703124c2c+2669324]
	(No symbol) [0x0x7ff702b9d29f]
	(No symbol) [0x0x7ff702c2fbf4]
	(No symbol) [0x0x7ff702c46f3a]
	(No symbol) [0x0x7ff702c2a553]
	(No symbol) [0x0x7ff702bfeb86]
	(No symbol) [0x0x7ff702bfde11]
	(No symbol) [0x0x7ff702bfe9b3]
	(No symbol) [0x0x7ff702cf907d]
	(No symbol) [0x0x7ff702d05fe8]
	GetHandleVerifier [0x0x7ff702f7f277+942423]
	GetHandleVerifier [0x0x7ff702f88221+979201]
	(No symbol) [0x0x7ff702dfc3b1]
	(No symbol) [0x0x7ff702df4d64]
	(No symbol) [0x0x7ff702df4eb3]
	(No symbol) [0x0x7ff702de7016]
	BaseThreadInitThunk [0x0x7fff1474259d+29]
	RtlUserThreadStart [0x0x7fff14b4af38+40]

2025-08-17 16:22:55,065 - ERROR - test_web_2.py - 116 - 'NoneType' object has no attribute 'get'
Traceback (most recent call last):
  File "D:\PythonStoreHouse\auto_test_quiz\ddt\test_web_2.py", line 81, in test_suite
    res = self.run_step(params)
  File "D:\Python313\Lib\site-packages\allure_commons\_allure.py", line 202, in impl
    return func(*a, **kw)
  File "D:\PythonStoreHouse\auto_test_quiz\ddt\test_web_2.py", line 34, in run_step
    return func(*args[1:])
  File "D:\PythonStoreHouse\auto_test_quiz\keywords\webkeys.py", line 83, in geturl
    self.driver.get(url)
    ^^^^^^^^^^^^^^^
AttributeError: 'NoneType' object has no attribute 'get'
2025-08-17 16:22:55,083 - ERROR - test_web_2.py - 96 - 【刷新失败】浏览器未打开，请先执行open_browser步骤
Traceback (most recent call last):
  File "D:\PythonStoreHouse\auto_test_quiz\ddt\test_web_2.py", line 81, in test_suite
    res = self.run_step(params)
  File "D:\Python313\Lib\site-packages\allure_commons\_allure.py", line 202, in impl
    return func(*a, **kw)
  File "D:\PythonStoreHouse\auto_test_quiz\ddt\test_web_2.py", line 34, in run_step
    return func(*args[1:])
  File "D:\PythonStoreHouse\auto_test_quiz\keywords\webkeys.py", line 260, in refresh
    raise AssertionError("【刷新失败】浏览器未打开，请先执行open_browser步骤")
AssertionError: 【刷新失败】浏览器未打开，请先执行open_browser步骤
2025-08-17 16:22:55,099 - ERROR - test_web_2.py - 96 - 【刷新失败】浏览器未打开，请先执行open_browser步骤
Traceback (most recent call last):
  File "D:\PythonStoreHouse\auto_test_quiz\ddt\test_web_2.py", line 81, in test_suite
    res = self.run_step(params)
  File "D:\Python313\Lib\site-packages\allure_commons\_allure.py", line 202, in impl
    return func(*a, **kw)
  File "D:\PythonStoreHouse\auto_test_quiz\ddt\test_web_2.py", line 34, in run_step
    return func(*args[1:])
  File "D:\PythonStoreHouse\auto_test_quiz\keywords\webkeys.py", line 260, in refresh
    raise AssertionError("【刷新失败】浏览器未打开，请先执行open_browser步骤")
AssertionError: 【刷新失败】浏览器未打开，请先执行open_browser步骤
2025-08-17 16:22:55,116 - ERROR - test_web_2.py - 96 - 【刷新失败】浏览器未打开，请先执行open_browser步骤
Traceback (most recent call last):
  File "D:\PythonStoreHouse\auto_test_quiz\ddt\test_web_2.py", line 81, in test_suite
    res = self.run_step(params)
  File "D:\Python313\Lib\site-packages\allure_commons\_allure.py", line 202, in impl
    return func(*a, **kw)
  File "D:\PythonStoreHouse\auto_test_quiz\ddt\test_web_2.py", line 34, in run_step
    return func(*args[1:])
  File "D:\PythonStoreHouse\auto_test_quiz\keywords\webkeys.py", line 260, in refresh
    raise AssertionError("【刷新失败】浏览器未打开，请先执行open_browser步骤")
AssertionError: 【刷新失败】浏览器未打开，请先执行open_browser步骤
2025-08-17 16:22:55,132 - ERROR - test_web_2.py - 96 - 【刷新失败】浏览器未打开，请先执行open_browser步骤
Traceback (most recent call last):
  File "D:\PythonStoreHouse\auto_test_quiz\ddt\test_web_2.py", line 81, in test_suite
    res = self.run_step(params)
  File "D:\Python313\Lib\site-packages\allure_commons\_allure.py", line 202, in impl
    return func(*a, **kw)
  File "D:\PythonStoreHouse\auto_test_quiz\ddt\test_web_2.py", line 34, in run_step
    return func(*args[1:])
  File "D:\PythonStoreHouse\auto_test_quiz\keywords\webkeys.py", line 260, in refresh
    raise AssertionError("【刷新失败】浏览器未打开，请先执行open_browser步骤")
AssertionError: 【刷新失败】浏览器未打开，请先执行open_browser步骤
2025-08-17 16:22:55,212 - ERROR - test_web_3.py - 116 - 'NoneType' object has no attribute 'get'
Traceback (most recent call last):
  File "D:\PythonStoreHouse\auto_test_quiz\ddt\test_web_3.py", line 81, in test_suite
    res = self.run_step(params)
  File "D:\Python313\Lib\site-packages\allure_commons\_allure.py", line 202, in impl
    return func(*a, **kw)
  File "D:\PythonStoreHouse\auto_test_quiz\ddt\test_web_3.py", line 34, in run_step
    return func(*args[1:])
  File "D:\PythonStoreHouse\auto_test_quiz\keywords\webkeys.py", line 83, in geturl
    self.driver.get(url)
    ^^^^^^^^^^^^^^^
AttributeError: 'NoneType' object has no attribute 'get'
2025-08-17 16:23:27,776 - INFO - webkeys.py - 180 - 断言，实际结果：https://practicetestautomation.com/logged-in-successfully/   --- 期望值：practicetestautomation.com/logged-in-successfully/
2025-08-17 16:23:39,665 - ERROR - test_web_2.py - 96 - [NoSuchElement] 元素定位失败: //div[@id='row2']/input
Traceback (most recent call last):
  File "D:\PythonStoreHouse\auto_test_quiz\keywords\webkeys.py", line 94, in __find_ele
    ele = self.driver.find_element('xpath', lo)
  File "D:\Python313\Lib\site-packages\selenium\webdriver\remote\webdriver.py", line 926, in find_element
    return self.execute(Command.FIND_ELEMENT, {"using": by, "value": value})["value"]
           ~~~~~~~~~~~~^^^^^^^^^^^^^^^^^^^^^^^^^^^^^^^^^^^^^^^^^^^^^^^^^^^^^
  File "D:\Python313\Lib\site-packages\selenium\webdriver\remote\webdriver.py", line 458, in execute
    self.error_handler.check_response(response)
    ~~~~~~~~~~~~~~~~~~~~~~~~~~~~~~~~~^^^^^^^^^^
  File "D:\Python313\Lib\site-packages\selenium\webdriver\remote\errorhandler.py", line 232, in check_response
    raise exception_class(message, screen, stacktrace)
selenium.common.exceptions.NoSuchElementException: Message: no such element: Unable to locate element: {"method":"xpath","selector":"//div[@id='row2']/input"}
  (Session info: MicrosoftEdge=139.0.3405.86); For documentation on this error, please visit: https://www.selenium.dev/documentation/webdriver/troubleshooting/errors#nosuchelementexception
Stacktrace:
	GetHandleVerifier [0x0x7ff77403e7c5+22117]
	(No symbol) [0x0x7ff773f8ee40]
	GetHandleVerifier [0x0x7ff7742c4c6c+2669324]
	(No symbol) [0x0x7ff773da928b]
	(No symbol) [0x0x7ff773da957b]
	(No symbol) [0x0x7ff773de9b47]
	(No symbol) [0x0x7ff773dca82f]
	(No symbol) [0x0x7ff773d9f68d]
	(No symbol) [0x0x7ff773de762f]
	(No symbol) [0x0x7ff773dca553]
	(No symbol) [0x0x7ff773d9eb86]
	(No symbol) [0x0x7ff773d9de11]
	(No symbol) [0x0x7ff773d9e9b3]
	(No symbol) [0x0x7ff773e9907d]
	(No symbol) [0x0x7ff773ea5fe8]
	GetHandleVerifier [0x0x7ff77411f2b7+942423]
	GetHandleVerifier [0x0x7ff774128261+979201]
	(No symbol) [0x0x7ff773f9c3f1]
	(No symbol) [0x0x7ff773f94da4]
	(No symbol) [0x0x7ff773f94ef3]
	(No symbol) [0x0x7ff773f87056]
	BaseThreadInitThunk [0x0x7fff1474259d+29]
	RtlUserThreadStart [0x0x7fff14b4af38+40]


The above exception was the direct cause of the following exception:

Traceback (most recent call last):
  File "D:\PythonStoreHouse\auto_test_quiz\ddt\test_web_2.py", line 81, in test_suite
    res = self.run_step(params)
  File "D:\Python313\Lib\site-packages\allure_commons\_allure.py", line 202, in impl
    return func(*a, **kw)
  File "D:\PythonStoreHouse\auto_test_quiz\ddt\test_web_2.py", line 34, in run_step
    return func(*args[1:])
  File "D:\PythonStoreHouse\auto_test_quiz\keywords\webkeys.py", line 119, in input
    ele = self.__find_ele(lo)
  File "D:\PythonStoreHouse\auto_test_quiz\keywords\webkeys.py", line 109, in __find_ele
    raise AssertionError(f"[NoSuchElement] 元素定位失败: {lo}") from e
AssertionError: [NoSuchElement] 元素定位失败: //div[@id='row2']/input
2025-08-17 16:23:41,268 - INFO - webkeys.py - 265 - 页面已成功刷新
2025-08-17 16:23:50,845 - ERROR - test_web_2.py - 96 - [ElementNotInteractable] 元素不可交互: $Save
Traceback (most recent call last):
  File "D:\PythonStoreHouse\auto_test_quiz\keywords\webkeys.py", line 143, in click
    ele.click()
    ~~~~~~~~~^^
  File "D:\Python313\Lib\site-packages\selenium\webdriver\remote\webelement.py", line 120, in click
    self._execute(Command.CLICK_ELEMENT)
    ~~~~~~~~~~~~~^^^^^^^^^^^^^^^^^^^^^^^
  File "D:\Python313\Lib\site-packages\selenium\webdriver\remote\webelement.py", line 573, in _execute
    return self._parent.execute(command, params)
           ~~~~~~~~~~~~~~~~~~~~^^^^^^^^^^^^^^^^^
  File "D:\Python313\Lib\site-packages\selenium\webdriver\remote\webdriver.py", line 458, in execute
    self.error_handler.check_response(response)
    ~~~~~~~~~~~~~~~~~~~~~~~~~~~~~~~~~^^^^^^^^^^
  File "D:\Python313\Lib\site-packages\selenium\webdriver\remote\errorhandler.py", line 232, in check_response
    raise exception_class(message, screen, stacktrace)
selenium.common.exceptions.ElementNotInteractableException: Message: element not interactable
  (Session info: MicrosoftEdge=139.0.3405.86); For documentation on this error, please visit: https://www.selenium.dev/documentation/webdriver/troubleshooting/errors#elementnotinteractableexception
Stacktrace:
	GetHandleVerifier [0x0x7ff77403e7c5+22117]
	(No symbol) [0x0x7ff773f8ee40]
	(No symbol) [0x0x7ff773d5cdb0]
	(No symbol) [0x0x7ff773daa745]
	(No symbol) [0x0x7ff773d9fcfe]
	(No symbol) [0x0x7ff773dca7ea]
	(No symbol) [0x0x7ff773d9f68d]
	(No symbol) [0x0x7ff773d9f54d]
	(No symbol) [0x0x7ff773dcaab0]
	(No symbol) [0x0x7ff773d9f68d]
	(No symbol) [0x0x7ff773de762f]
	(No symbol) [0x0x7ff773dca553]
	(No symbol) [0x0x7ff773d9eb86]
	(No symbol) [0x0x7ff773d9de11]
	(No symbol) [0x0x7ff773d9e9b3]
	(No symbol) [0x0x7ff773e9907d]
	(No symbol) [0x0x7ff773ea5fe8]
	GetHandleVerifier [0x0x7ff77411f2b7+942423]
	GetHandleVerifier [0x0x7ff774128261+979201]
	(No symbol) [0x0x7ff773f9c3f1]
	(No symbol) [0x0x7ff773f94da4]
	(No symbol) [0x0x7ff773f94ef3]
	(No symbol) [0x0x7ff773f87056]
	BaseThreadInitThunk [0x0x7fff1474259d+29]
	RtlUserThreadStart [0x0x7fff14b4af38+40]


The above exception was the direct cause of the following exception:

Traceback (most recent call last):
  File "D:\PythonStoreHouse\auto_test_quiz\ddt\test_web_2.py", line 81, in test_suite
    res = self.run_step(params)
  File "D:\Python313\Lib\site-packages\allure_commons\_allure.py", line 202, in impl
    return func(*a, **kw)
  File "D:\PythonStoreHouse\auto_test_quiz\ddt\test_web_2.py", line 34, in run_step
    return func(*args[1:])
  File "D:\PythonStoreHouse\auto_test_quiz\keywords\webkeys.py", line 145, in click
    raise AssertionError(f"[ElementNotInteractable] 元素不可交互: {lo}") from e
AssertionError: [ElementNotInteractable] 元素不可交互: $Save
2025-08-17 16:23:52,120 - INFO - webkeys.py - 265 - 页面已成功刷新
2025-08-17 16:23:52,350 - ERROR - test_web_2.py - 116 - Message: invalid element state: Element is not currently interactable and may not be manipulated
  (Session info: MicrosoftEdge=139.0.3405.86)
Stacktrace:
	GetHandleVerifier [0x0x7ff77403e7c5+22117]
	(No symbol) [0x0x7ff773f8ee40]
	GetHandleVerifier [0x0x7ff7742c4c6c+2669324]
	(No symbol) [0x0x7ff773d63794]
	(No symbol) [0x0x7ff773d6602c]
	(No symbol) [0x0x7ff773d660ff]
	(No symbol) [0x0x7ff773da20a4]
	(No symbol) [0x0x7ff773dca7ea]
	(No symbol) [0x0x7ff773d9f68d]
	(No symbol) [0x0x7ff773d9f54d]
	(No symbol) [0x0x7ff773dcaab0]
	(No symbol) [0x0x7ff773d9f68d]
	(No symbol) [0x0x7ff773de762f]
	(No symbol) [0x0x7ff773dca553]
	(No symbol) [0x0x7ff773d9eb86]
	(No symbol) [0x0x7ff773d9de11]
	(No symbol) [0x0x7ff773d9e9b3]
	(No symbol) [0x0x7ff773e9907d]
	(No symbol) [0x0x7ff773ea5fe8]
	GetHandleVerifier [0x0x7ff77411f2b7+942423]
	GetHandleVerifier [0x0x7ff774128261+979201]
	(No symbol) [0x0x7ff773f9c3f1]
	(No symbol) [0x0x7ff773f94da4]
	(No symbol) [0x0x7ff773f94ef3]
	(No symbol) [0x0x7ff773f87056]
	BaseThreadInitThunk [0x0x7fff1474259d+29]
	RtlUserThreadStart [0x0x7fff14b4af38+40]
Traceback (most recent call last):
  File "D:\PythonStoreHouse\auto_test_quiz\ddt\test_web_2.py", line 81, in test_suite
    res = self.run_step(params)
  File "D:\Python313\Lib\site-packages\allure_commons\_allure.py", line 202, in impl
    return func(*a, **kw)
  File "D:\PythonStoreHouse\auto_test_quiz\ddt\test_web_2.py", line 34, in run_step
    return func(*args[1:])
  File "D:\PythonStoreHouse\auto_test_quiz\keywords\webkeys.py", line 133, in clear
    ele.clear()
    ~~~~~~~~~^^
  File "D:\Python313\Lib\site-packages\selenium\webdriver\remote\webelement.py", line 155, in clear
    self._execute(Command.CLEAR_ELEMENT)
    ~~~~~~~~~~~~~^^^^^^^^^^^^^^^^^^^^^^^
  File "D:\Python313\Lib\site-packages\selenium\webdriver\remote\webelement.py", line 573, in _execute
    return self._parent.execute(command, params)
           ~~~~~~~~~~~~~~~~~~~~^^^^^^^^^^^^^^^^^
  File "D:\Python313\Lib\site-packages\selenium\webdriver\remote\webdriver.py", line 458, in execute
    self.error_handler.check_response(response)
    ~~~~~~~~~~~~~~~~~~~~~~~~~~~~~~~~~^^^^^^^^^^
  File "D:\Python313\Lib\site-packages\selenium\webdriver\remote\errorhandler.py", line 232, in check_response
    raise exception_class(message, screen, stacktrace)
selenium.common.exceptions.InvalidElementStateException: Message: invalid element state: Element is not currently interactable and may not be manipulated
  (Session info: MicrosoftEdge=139.0.3405.86)
Stacktrace:
	GetHandleVerifier [0x0x7ff77403e7c5+22117]
	(No symbol) [0x0x7ff773f8ee40]
	GetHandleVerifier [0x0x7ff7742c4c6c+2669324]
	(No symbol) [0x0x7ff773d63794]
	(No symbol) [0x0x7ff773d6602c]
	(No symbol) [0x0x7ff773d660ff]
	(No symbol) [0x0x7ff773da20a4]
	(No symbol) [0x0x7ff773dca7ea]
	(No symbol) [0x0x7ff773d9f68d]
	(No symbol) [0x0x7ff773d9f54d]
	(No symbol) [0x0x7ff773dcaab0]
	(No symbol) [0x0x7ff773d9f68d]
	(No symbol) [0x0x7ff773de762f]
	(No symbol) [0x0x7ff773dca553]
	(No symbol) [0x0x7ff773d9eb86]
	(No symbol) [0x0x7ff773d9de11]
	(No symbol) [0x0x7ff773d9e9b3]
	(No symbol) [0x0x7ff773e9907d]
	(No symbol) [0x0x7ff773ea5fe8]
	GetHandleVerifier [0x0x7ff77411f2b7+942423]
	GetHandleVerifier [0x0x7ff774128261+979201]
	(No symbol) [0x0x7ff773f9c3f1]
	(No symbol) [0x0x7ff773f94da4]
	(No symbol) [0x0x7ff773f94ef3]
	(No symbol) [0x0x7ff773f87056]
	BaseThreadInitThunk [0x0x7fff1474259d+29]
	RtlUserThreadStart [0x0x7fff14b4af38+40]

2025-08-17 16:23:53,105 - INFO - webkeys.py - 265 - 页面已成功刷新
2025-08-17 16:23:53,714 - ERROR - test_web_2.py - 116 - Message: stale element reference: stale element not found in the current frame
  (Session info: MicrosoftEdge=139.0.3405.86); For documentation on this error, please visit: https://www.selenium.dev/documentation/webdriver/troubleshooting/errors#staleelementreferenceexception
Stacktrace:
	GetHandleVerifier [0x0x7ff77403e7c5+22117]
	(No symbol) [0x0x7ff773f8ee40]
	GetHandleVerifier [0x0x7ff7742c4c6c+2669324]
	(No symbol) [0x0x7ff773d63794]
	(No symbol) [0x0x7ff773d6602c]
	(No symbol) [0x0x7ff773d660ff]
	(No symbol) [0x0x7ff773dab0a1]
	(No symbol) [0x0x7ff773d9fc66]
	(No symbol) [0x0x7ff773dca7ea]
	(No symbol) [0x0x7ff773d9f68d]
	(No symbol) [0x0x7ff773d9f54d]
	(No symbol) [0x0x7ff773dcaab0]
	(No symbol) [0x0x7ff773d9f68d]
	(No symbol) [0x0x7ff773de762f]
	(No symbol) [0x0x7ff773dca553]
	(No symbol) [0x0x7ff773d9eb86]
	(No symbol) [0x0x7ff773d9de11]
	(No symbol) [0x0x7ff773d9e9b3]
	(No symbol) [0x0x7ff773e9907d]
	(No symbol) [0x0x7ff773ea5fe8]
	GetHandleVerifier [0x0x7ff77411f2b7+942423]
	GetHandleVerifier [0x0x7ff774128261+979201]
	(No symbol) [0x0x7ff773f9c3f1]
	(No symbol) [0x0x7ff773f94da4]
	(No symbol) [0x0x7ff773f94ef3]
	(No symbol) [0x0x7ff773f87056]
	BaseThreadInitThunk [0x0x7fff1474259d+29]
	RtlUserThreadStart [0x0x7fff14b4af38+40]
Traceback (most recent call last):
  File "D:\PythonStoreHouse\auto_test_quiz\ddt\test_web_2.py", line 81, in test_suite
    res = self.run_step(params)
  File "D:\Python313\Lib\site-packages\allure_commons\_allure.py", line 202, in impl
    return func(*a, **kw)
  File "D:\PythonStoreHouse\auto_test_quiz\ddt\test_web_2.py", line 34, in run_step
    return func(*args[1:])
  File "D:\PythonStoreHouse\auto_test_quiz\keywords\webkeys.py", line 290, in use_element
    target_element.click()
    ~~~~~~~~~~~~~~~~~~~~^^
  File "D:\Python313\Lib\site-packages\selenium\webdriver\remote\webelement.py", line 120, in click
    self._execute(Command.CLICK_ELEMENT)
    ~~~~~~~~~~~~~^^^^^^^^^^^^^^^^^^^^^^^
  File "D:\Python313\Lib\site-packages\selenium\webdriver\remote\webelement.py", line 573, in _execute
    return self._parent.execute(command, params)
           ~~~~~~~~~~~~~~~~~~~~^^^^^^^^^^^^^^^^^
  File "D:\Python313\Lib\site-packages\selenium\webdriver\remote\webdriver.py", line 458, in execute
    self.error_handler.check_response(response)
    ~~~~~~~~~~~~~~~~~~~~~~~~~~~~~~~~~^^^^^^^^^^
  File "D:\Python313\Lib\site-packages\selenium\webdriver\remote\errorhandler.py", line 232, in check_response
    raise exception_class(message, screen, stacktrace)
selenium.common.exceptions.StaleElementReferenceException: Message: stale element reference: stale element not found in the current frame
  (Session info: MicrosoftEdge=139.0.3405.86); For documentation on this error, please visit: https://www.selenium.dev/documentation/webdriver/troubleshooting/errors#staleelementreferenceexception
Stacktrace:
	GetHandleVerifier [0x0x7ff77403e7c5+22117]
	(No symbol) [0x0x7ff773f8ee40]
	GetHandleVerifier [0x0x7ff7742c4c6c+2669324]
	(No symbol) [0x0x7ff773d63794]
	(No symbol) [0x0x7ff773d6602c]
	(No symbol) [0x0x7ff773d660ff]
	(No symbol) [0x0x7ff773dab0a1]
	(No symbol) [0x0x7ff773d9fc66]
	(No symbol) [0x0x7ff773dca7ea]
	(No symbol) [0x0x7ff773d9f68d]
	(No symbol) [0x0x7ff773d9f54d]
	(No symbol) [0x0x7ff773dcaab0]
	(No symbol) [0x0x7ff773d9f68d]
	(No symbol) [0x0x7ff773de762f]
	(No symbol) [0x0x7ff773dca553]
	(No symbol) [0x0x7ff773d9eb86]
	(No symbol) [0x0x7ff773d9de11]
	(No symbol) [0x0x7ff773d9e9b3]
	(No symbol) [0x0x7ff773e9907d]
	(No symbol) [0x0x7ff773ea5fe8]
	GetHandleVerifier [0x0x7ff77411f2b7+942423]
	GetHandleVerifier [0x0x7ff774128261+979201]
	(No symbol) [0x0x7ff773f9c3f1]
	(No symbol) [0x0x7ff773f94da4]
	(No symbol) [0x0x7ff773f94ef3]
	(No symbol) [0x0x7ff773f87056]
	BaseThreadInitThunk [0x0x7fff1474259d+29]
	RtlUserThreadStart [0x0x7fff14b4af38+40]

2025-08-17 16:23:54,506 - INFO - webkeys.py - 265 - 页面已成功刷新
2025-08-17 16:23:58,982 - ERROR - test_web_2.py - 96 - TimeoutException: Message: 
Stacktrace:
	GetHandleVerifier [0x0x7ff77403e7c5+22117]
	(No symbol) [0x0x7ff773f8ee40]
	GetHandleVerifier [0x0x7ff7742c4c6c+2669324]
	(No symbol) [0x0x7ff773da928b]
	(No symbol) [0x0x7ff773da957b]
	(No symbol) [0x0x7ff773de9b47]
	(No symbol) [0x0x7ff773dca82f]
	(No symbol) [0x0x7ff773d9f68d]
	(No symbol) [0x0x7ff773de762f]
	(No symbol) [0x0x7ff773dca553]
	(No symbol) [0x0x7ff773d9eb86]
	(No symbol) [0x0x7ff773d9de11]
	(No symbol) [0x0x7ff773d9e9b3]
	(No symbol) [0x0x7ff773e9907d]
	(No symbol) [0x0x7ff773ea5fe8]
	GetHandleVerifier [0x0x7ff77411f2b7+942423]
	GetHandleVerifier [0x0x7ff774128261+979201]
	(No symbol) [0x0x7ff773f9c3f1]
	(No symbol) [0x0x7ff773f94da4]
	(No symbol) [0x0x7ff773f94ef3]
	(No symbol) [0x0x7ff773f87056]
	BaseThreadInitThunk [0x0x7fff1474259d+29]
	RtlUserThreadStart [0x0x7fff14b4af38+40]
Traceback (most recent call last):
  File "D:\PythonStoreHouse\auto_test_quiz\keywords\webkeys.py", line 239, in wait_for_element
    WebDriverWait(self.driver, t).until(
    ~~~~~~~~~~~~~~~~~~~~~~~~~~~~~~~~~~~^
        EC.visibility_of_element_located(locator)
        ^^^^^^^^^^^^^^^^^^^^^^^^^^^^^^^^^^^^^^^^^
    )
    ^
  File "D:\Python313\Lib\site-packages\selenium\webdriver\support\wait.py", line 138, in until
    raise TimeoutException(message, screen, stacktrace)
selenium.common.exceptions.TimeoutException: Message: 
Stacktrace:
	GetHandleVerifier [0x0x7ff77403e7c5+22117]
	(No symbol) [0x0x7ff773f8ee40]
	GetHandleVerifier [0x0x7ff7742c4c6c+2669324]
	(No symbol) [0x0x7ff773da928b]
	(No symbol) [0x0x7ff773da957b]
	(No symbol) [0x0x7ff773de9b47]
	(No symbol) [0x0x7ff773dca82f]
	(No symbol) [0x0x7ff773d9f68d]
	(No symbol) [0x0x7ff773de762f]
	(No symbol) [0x0x7ff773dca553]
	(No symbol) [0x0x7ff773d9eb86]
	(No symbol) [0x0x7ff773d9de11]
	(No symbol) [0x0x7ff773d9e9b3]
	(No symbol) [0x0x7ff773e9907d]
	(No symbol) [0x0x7ff773ea5fe8]
	GetHandleVerifier [0x0x7ff77411f2b7+942423]
	GetHandleVerifier [0x0x7ff774128261+979201]
	(No symbol) [0x0x7ff773f9c3f1]
	(No symbol) [0x0x7ff773f94da4]
	(No symbol) [0x0x7ff773f94ef3]
	(No symbol) [0x0x7ff773f87056]
	BaseThreadInitThunk [0x0x7fff1474259d+29]
	RtlUserThreadStart [0x0x7fff14b4af38+40]


The above exception was the direct cause of the following exception:

Traceback (most recent call last):
  File "D:\PythonStoreHouse\auto_test_quiz\ddt\test_web_2.py", line 81, in test_suite
    res = self.run_step(params)
  File "D:\Python313\Lib\site-packages\allure_commons\_allure.py", line 202, in impl
    return func(*a, **kw)
  File "D:\PythonStoreHouse\auto_test_quiz\ddt\test_web_2.py", line 34, in run_step
    return func(*args[1:])
  File "D:\PythonStoreHouse\auto_test_quiz\keywords\webkeys.py", line 243, in wait_for_element
    raise AssertionError(f"TimeoutException: {str(e)}") from e
AssertionError: TimeoutException: Message: 
Stacktrace:
	GetHandleVerifier [0x0x7ff77403e7c5+22117]
	(No symbol) [0x0x7ff773f8ee40]
	GetHandleVerifier [0x0x7ff7742c4c6c+2669324]
	(No symbol) [0x0x7ff773da928b]
	(No symbol) [0x0x7ff773da957b]
	(No symbol) [0x0x7ff773de9b47]
	(No symbol) [0x0x7ff773dca82f]
	(No symbol) [0x0x7ff773d9f68d]
	(No symbol) [0x0x7ff773de762f]
	(No symbol) [0x0x7ff773dca553]
	(No symbol) [0x0x7ff773d9eb86]
	(No symbol) [0x0x7ff773d9de11]
	(No symbol) [0x0x7ff773d9e9b3]
	(No symbol) [0x0x7ff773e9907d]
	(No symbol) [0x0x7ff773ea5fe8]
	GetHandleVerifier [0x0x7ff77411f2b7+942423]
	GetHandleVerifier [0x0x7ff774128261+979201]
	(No symbol) [0x0x7ff773f9c3f1]
	(No symbol) [0x0x7ff773f94da4]
	(No symbol) [0x0x7ff773f94ef3]
	(No symbol) [0x0x7ff773f87056]
	BaseThreadInitThunk [0x0x7fff1474259d+29]
	RtlUserThreadStart [0x0x7fff14b4af38+40]

